phase,candidate_index,luma_min,luma_max,chroma_scale,width,height,columns,cell_width,cell_height,fixture_id,lambda,flipped_fraction,distinct_count,monotone,off_band_invariant,lambda50,qualifies,selected,invalid_reason
calibration,0,0.005,0.08,0.08,512,522,64,8,18,redGreenCompetition,0.00,0.000000,1,1,1,,0,0,
calibration,0,0.005,0.08,0.08,512,522,64,8,18,redGreenCompetition,0.05,0.000000,1,1,1,,0,0,
calibration,0,0.005,0.08,0.08,512,522,64,8,18,redGreenCompetition,0.10,0.000000,1,1,1,,0,0,
calibration,0,0.005,0.08,0.08,512,522,64,8,18,redGreenCompetition,0.15,0.000000,1,1,1,,0,0,
calibration,0,0.005,0.08,0.08,512,522,64,8,18,redGreenCompetition,0.20,0.000000,1,1,1,,0,0,
calibration,0,0.005,0.08,0.08,512,522,64,8,18,redGreenCompetition,0.25,0.000000,1,1,1,,0,0,
calibration,0,0.005,0.08,0.08,512,522,64,8,18,redGreenCompetition,0.30,0.000000,1,1,1,,0,0,
calibration,0,0.005,0.08,0.08,512,522,64,8,18,redGreenCompetition,0.35,0.000000,1,1,1,,0,0,
calibration,0,0.005,0.08,0.08,512,522,64,8,18,redGreenCompetition,0.40,0.000000,1,1,1,,0,0,
calibration,0,0.005,0.08,0.08,512,522,64,8,18,redGreenCompetition,0.45,0.000000,1,1,1,,0,0,
calibration,0,0.005,0.08,0.08,512,522,64,8,18,redGreenCompetition,0.50,0.000000,1,1,1,,0,0,
calibration,0,0.005,0.08,0.08,512,522,64,8,18,redGreenCompetition,0.55,0.000000,1,1,1,,0,0,
calibration,0,0.005,0.08,0.08,512,522,64,8,18,redGreenCompetition,0.60,0.000000,1,1,1,,0,0,
calibration,0,0.005,0.08,0.08,512,522,64,8,18,redGreenCompetition,0.65,0.000000,1,1,1,,0,0,
calibration,0,0.005,0.08,0.08,512,522,64,8,18,redGreenCompetition,0.70,0.000000,1,1,1,,0,0,
calibration,0,0.005,0.08,0.08,512,522,64,8,18,redGreenCompetition,0.75,0.000000,1,1,1,,0,0,
calibration,0,0.005,0.08,0.08,512,522,64,8,18,redGreenCompetition,0.80,0.000000,1,1,1,,0,0,
calibration,0,0.005,0.08,0.08,512,522,64,8,18,redGreenCompetition,0.85,0.000000,1,1,1,,0,0,
calibration,0,0.005,0.08,0.08,512,522,64,8,18,redGreenCompetition,0.90,0.000000,1,1,1,,0,0,
calibration,0,0.005,0.08,0.08,512,522,64,8,18,redGreenCompetition,0.95,0.000000,1,1,1,,0,0,
calibration,0,0.005,0.08,0.08,512,522,64,8,18,redGreenCompetition,1.00,0.000000,1,1,1,,0,0,
calibration,0,0.005,0.08,0.08,512,522,64,8,18,blueYellowCompetition,0.00,0.000000,1,1,1,,0,0,
calibration,0,0.005,0.08,0.08,512,522,64,8,18,blueYellowCompetition,0.05,0.000000,1,1,1,,0,0,
calibration,0,0.005,0.08,0.08,512,522,64,8,18,blueYellowCompetition,0.10,0.000000,1,1,1,,0,0,
calibration,0,0.005,0.08,0.08,512,522,64,8,18,blueYellowCompetition,0.15,0.000000,1,1,1,,0,0,
calibration,0,0.005,0.08,0.08,512,522,64,8,18,blueYellowCompetition,0.20,0.000000,1,1,1,,0,0,
calibration,0,0.005,0.08,0.08,512,522,64,8,18,blueYellowCompetition,0.25,0.000000,1,1,1,,0,0,
calibration,0,0.005,0.08,0.08,512,522,64,8,18,blueYellowCompetition,0.30,0.000000,1,1,1,,0,0,
calibration,0,0.005,0.08,0.08,512,522,64,8,18,blueYellowCompetition,0.35,0.000000,1,1,1,,0,0,
calibration,0,0.005,0.08,0.08,512,522,64,8,18,blueYellowCompetition,0.40,0.000000,1,1,1,,0,0,
calibration,0,0.005,0.08,0.08,512,522,64,8,18,blueYellowCompetition,0.45,0.000000,1,1,1,,0,0,
calibration,0,0.005,0.08,0.08,512,522,64,8,18,blueYellowCompetition,0.50,0.000000,1,1,1,,0,0,
calibration,0,0.005,0.08,0.08,512,522,64,8,18,blueYellowCompetition,0.55,0.000000,1,1,1,,0,0,
calibration,0,0.005,0.08,0.08,512,522,64,8,18,blueYellowCompetition,0.60,0.000000,1,1,1,,0,0,
calibration,0,0.005,0.08,0.08,512,522,64,8,18,blueYellowCompetition,0.65,0.000000,1,1,1,,0,0,
calibration,0,0.005,0.08,0.08,512,522,64,8,18,blueYellowCompetition,0.70,0.000000,1,1,1,,0,0,
calibration,0,0.005,0.08,0.08,512,522,64,8,18,blueYellowCompetition,0.75,0.000000,1,1,1,,0,0,
calibration,0,0.005,0.08,0.08,512,522,64,8,18,blueYellowCompetition,0.80,0.000000,1,1,1,,0,0,
calibration,0,0.005,0.08,0.08,512,522,64,8,18,blueYellowCompetition,0.85,0.000000,1,1,1,,0,0,
calibration,0,0.005,0.08,0.08,512,522,64,8,18,blueYellowCompetition,0.90,0.000000,1,1,1,,0,0,
calibration,0,0.005,0.08,0.08,512,522,64,8,18,blueYellowCompetition,0.95,0.000000,1,1,1,,0,0,
calibration,0,0.005,0.08,0.08,512,522,64,8,18,blueYellowCompetition,1.00,0.000000,1,1,1,,0,0,
calibration,1,0.005,0.08,0.16,512,522,64,8,18,redGreenCompetition,0.00,0.000000,1,1,1,,0,0,
calibration,1,0.005,0.08,0.16,512,522,64,8,18,redGreenCompetition,0.05,0.000000,1,1,1,,0,0,
calibration,1,0.005,0.08,0.16,512,522,64,8,18,redGreenCompetition,0.10,0.000000,1,1,1,,0,0,
calibration,1,0.005,0.08,0.16,512,522,64,8,18,redGreenCompetition,0.15,0.000000,1,1,1,,0,0,
calibration,1,0.005,0.08,0.16,512,522,64,8,18,redGreenCompetition,0.20,0.000000,1,1,1,,0,0,
calibration,1,0.005,0.08,0.16,512,522,64,8,18,redGreenCompetition,0.25,0.000000,1,1,1,,0,0,
calibration,1,0.005,0.08,0.16,512,522,64,8,18,redGreenCompetition,0.30,0.000000,1,1,1,,0,0,
calibration,1,0.005,0.08,0.16,512,522,64,8,18,redGreenCompetition,0.35,0.000000,1,1,1,,0,0,
calibration,1,0.005,0.08,0.16,512,522,64,8,18,redGreenCompetition,0.40,0.000000,1,1,1,,0,0,
calibration,1,0.005,0.08,0.16,512,522,64,8,18,redGreenCompetition,0.45,0.000000,1,1,1,,0,0,
calibration,1,0.005,0.08,0.16,512,522,64,8,18,redGreenCompetition,0.50,0.000000,1,1,1,,0,0,
calibration,1,0.005,0.08,0.16,512,522,64,8,18,redGreenCompetition,0.55,0.000000,1,1,1,,0,0,
calibration,1,0.005,0.08,0.16,512,522,64,8,18,redGreenCompetition,0.60,0.000000,1,1,1,,0,0,
calibration,1,0.005,0.08,0.16,512,522,64,8,18,redGreenCompetition,0.65,0.000000,1,1,1,,0,0,
calibration,1,0.005,0.08,0.16,512,522,64,8,18,redGreenCompetition,0.70,0.000000,1,1,1,,0,0,
calibration,1,0.005,0.08,0.16,512,522,64,8,18,redGreenCompetition,0.75,0.000000,1,1,1,,0,0,
calibration,1,0.005,0.08,0.16,512,522,64,8,18,redGreenCompetition,0.80,0.000000,1,1,1,,0,0,
calibration,1,0.005,0.08,0.16,512,522,64,8,18,redGreenCompetition,0.85,0.000000,1,1,1,,0,0,
calibration,1,0.005,0.08,0.16,512,522,64,8,18,redGreenCompetition,0.90,0.000000,1,1,1,,0,0,
calibration,1,0.005,0.08,0.16,512,522,64,8,18,redGreenCompetition,0.95,0.000000,1,1,1,,0,0,
calibration,1,0.005,0.08,0.16,512,522,64,8,18,redGreenCompetition,1.00,0.000000,1,1,1,,0,0,
calibration,1,0.005,0.08,0.16,512,522,64,8,18,blueYellowCompetition,0.00,0.000000,1,1,1,,0,0,
calibration,1,0.005,0.08,0.16,512,522,64,8,18,blueYellowCompetition,0.05,0.000000,1,1,1,,0,0,
calibration,1,0.005,0.08,0.16,512,522,64,8,18,blueYellowCompetition,0.10,0.000000,1,1,1,,0,0,
calibration,1,0.005,0.08,0.16,512,522,64,8,18,blueYellowCompetition,0.15,0.000000,1,1,1,,0,0,
calibration,1,0.005,0.08,0.16,512,522,64,8,18,blueYellowCompetition,0.20,0.000000,1,1,1,,0,0,
calibration,1,0.005,0.08,0.16,512,522,64,8,18,blueYellowCompetition,0.25,0.000000,1,1,1,,0,0,
calibration,1,0.005,0.08,0.16,512,522,64,8,18,blueYellowCompetition,0.30,0.000000,1,1,1,,0,0,
calibration,1,0.005,0.08,0.16,512,522,64,8,18,blueYellowCompetition,0.35,0.000000,1,1,1,,0,0,
calibration,1,0.005,0.08,0.16,512,522,64,8,18,blueYellowCompetition,0.40,0.000000,1,1,1,,0,0,
calibration,1,0.005,0.08,0.16,512,522,64,8,18,blueYellowCompetition,0.45,0.000000,1,1,1,,0,0,
calibration,1,0.005,0.08,0.16,512,522,64,8,18,blueYellowCompetition,0.50,0.000000,1,1,1,,0,0,
calibration,1,0.005,0.08,0.16,512,522,64,8,18,blueYellowCompetition,0.55,0.000000,1,1,1,,0,0,
calibration,1,0.005,0.08,0.16,512,522,64,8,18,blueYellowCompetition,0.60,0.000000,1,1,1,,0,0,
calibration,1,0.005,0.08,0.16,512,522,64,8,18,blueYellowCompetition,0.65,0.000000,1,1,1,,0,0,
calibration,1,0.005,0.08,0.16,512,522,64,8,18,blueYellowCompetition,0.70,0.000000,1,1,1,,0,0,
calibration,1,0.005,0.08,0.16,512,522,64,8,18,blueYellowCompetition,0.75,0.000000,1,1,1,,0,0,
calibration,1,0.005,0.08,0.16,512,522,64,8,18,blueYellowCompetition,0.80,0.000000,1,1,1,,0,0,
calibration,1,0.005,0.08,0.16,512,522,64,8,18,blueYellowCompetition,0.85,0.000000,1,1,1,,0,0,
calibration,1,0.005,0.08,0.16,512,522,64,8,18,blueYellowCompetition,0.90,0.000000,1,1,1,,0,0,
calibration,1,0.005,0.08,0.16,512,522,64,8,18,blueYellowCompetition,0.95,0.000000,1,1,1,,0,0,
calibration,1,0.005,0.08,0.16,512,522,64,8,18,blueYellowCompetition,1.00,0.000000,1,1,1,,0,0,
calibration,2,0.005,0.08,0.24,512,522,64,8,18,redGreenCompetition,0.00,0.000000,1,1,1,,0,0,
calibration,2,0.005,0.08,0.24,512,522,64,8,18,redGreenCompetition,0.05,0.000000,1,1,1,,0,0,
calibration,2,0.005,0.08,0.24,512,522,64,8,18,redGreenCompetition,0.10,0.000000,1,1,1,,0,0,
calibration,2,0.005,0.08,0.24,512,522,64,8,18,redGreenCompetition,0.15,0.000000,1,1,1,,0,0,
calibration,2,0.005,0.08,0.24,512,522,64,8,18,redGreenCompetition,0.20,0.000000,1,1,1,,0,0,
calibration,2,0.005,0.08,0.24,512,522,64,8,18,redGreenCompetition,0.25,0.000000,1,1,1,,0,0,
calibration,2,0.005,0.08,0.24,512,522,64,8,18,redGreenCompetition,0.30,0.000000,1,1,1,,0,0,
calibration,2,0.005,0.08,0.24,512,522,64,8,18,redGreenCompetition,0.35,0.000000,1,1,1,,0,0,
calibration,2,0.005,0.08,0.24,512,522,64,8,18,redGreenCompetition,0.40,0.000000,1,1,1,,0,0,
calibration,2,0.005,0.08,0.24,512,522,64,8,18,redGreenCompetition,0.45,0.000000,1,1,1,,0,0,
calibration,2,0.005,0.08,0.24,512,522,64,8,18,redGreenCompetition,0.50,0.000000,1,1,1,,0,0,
calibration,2,0.005,0.08,0.24,512,522,64,8,18,redGreenCompetition,0.55,0.000000,1,1,1,,0,0,
calibration,2,0.005,0.08,0.24,512,522,64,8,18,redGreenCompetition,0.60,0.000000,1,1,1,,0,0,
calibration,2,0.005,0.08,0.24,512,522,64,8,18,redGreenCompetition,0.65,0.000000,1,1,1,,0,0,
calibration,2,0.005,0.08,0.24,512,522,64,8,18,redGreenCompetition,0.70,0.000000,1,1,1,,0,0,
calibration,2,0.005,0.08,0.24,512,522,64,8,18,redGreenCompetition,0.75,0.000000,1,1,1,,0,0,
calibration,2,0.005,0.08,0.24,512,522,64,8,18,redGreenCompetition,0.80,0.000000,1,1,1,,0,0,
calibration,2,0.005,0.08,0.24,512,522,64,8,18,redGreenCompetition,0.85,0.000000,1,1,1,,0,0,
calibration,2,0.005,0.08,0.24,512,522,64,8,18,redGreenCompetition,0.90,0.000000,1,1,1,,0,0,
calibration,2,0.005,0.08,0.24,512,522,64,8,18,redGreenCompetition,0.95,0.000000,1,1,1,,0,0,
calibration,2,0.005,0.08,0.24,512,522,64,8,18,redGreenCompetition,1.00,0.000000,1,1,1,,0,0,
calibration,2,0.005,0.08,0.24,512,522,64,8,18,blueYellowCompetition,0.00,0.000000,1,1,1,,0,0,
calibration,2,0.005,0.08,0.24,512,522,64,8,18,blueYellowCompetition,0.05,0.000000,1,1,1,,0,0,
calibration,2,0.005,0.08,0.24,512,522,64,8,18,blueYellowCompetition,0.10,0.000000,1,1,1,,0,0,
calibration,2,0.005,0.08,0.24,512,522,64,8,18,blueYellowCompetition,0.15,0.000000,1,1,1,,0,0,
calibration,2,0.005,0.08,0.24,512,522,64,8,18,blueYellowCompetition,0.20,0.000000,1,1,1,,0,0,
calibration,2,0.005,0.08,0.24,512,522,64,8,18,blueYellowCompetition,0.25,0.000000,1,1,1,,0,0,
calibration,2,0.005,0.08,0.24,512,522,64,8,18,blueYellowCompetition,0.30,0.000000,1,1,1,,0,0,
calibration,2,0.005,0.08,0.24,512,522,64,8,18,blueYellowCompetition,0.35,0.000000,1,1,1,,0,0,
calibration,2,0.005,0.08,0.24,512,522,64,8,18,blueYellowCompetition,0.40,0.000000,1,1,1,,0,0,
calibration,2,0.005,0.08,0.24,512,522,64,8,18,blueYellowCompetition,0.45,0.000000,1,1,1,,0,0,
calibration,2,0.005,0.08,0.24,512,522,64,8,18,blueYellowCompetition,0.50,0.000000,1,1,1,,0,0,
calibration,2,0.005,0.08,0.24,512,522,64,8,18,blueYellowCompetition,0.55,0.000000,1,1,1,,0,0,
calibration,2,0.005,0.08,0.24,512,522,64,8,18,blueYellowCompetition,0.60,0.000000,1,1,1,,0,0,
calibration,2,0.005,0.08,0.24,512,522,64,8,18,blueYellowCompetition,0.65,0.000000,1,1,1,,0,0,
calibration,2,0.005,0.08,0.24,512,522,64,8,18,blueYellowCompetition,0.70,0.000000,1,1,1,,0,0,
calibration,2,0.005,0.08,0.24,512,522,64,8,18,blueYellowCompetition,0.75,0.000000,1,1,1,,0,0,
calibration,2,0.005,0.08,0.24,512,522,64,8,18,blueYellowCompetition,0.80,0.000000,1,1,1,,0,0,
calibration,2,0.005,0.08,0.24,512,522,64,8,18,blueYellowCompetition,0.85,0.000000,1,1,1,,0,0,
calibration,2,0.005,0.08,0.24,512,522,64,8,18,blueYellowCompetition,0.90,0.000000,1,1,1,,0,0,
calibration,2,0.005,0.08,0.24,512,522,64,8,18,blueYellowCompetition,0.95,0.000000,1,1,1,,0,0,
calibration,2,0.005,0.08,0.24,512,522,64,8,18,blueYellowCompetition,1.00,0.000000,1,1,1,,0,0,
calibration,3,0.005,0.08,0.32,512,522,64,8,18,redGreenCompetition,0.00,0.000000,1,1,1,,0,0,
calibration,3,0.005,0.08,0.32,512,522,64,8,18,redGreenCompetition,0.05,0.000000,1,1,1,,0,0,
calibration,3,0.005,0.08,0.32,512,522,64,8,18,redGreenCompetition,0.10,0.000000,1,1,1,,0,0,
calibration,3,0.005,0.08,0.32,512,522,64,8,18,redGreenCompetition,0.15,0.000000,1,1,1,,0,0,
calibration,3,0.005,0.08,0.32,512,522,64,8,18,redGreenCompetition,0.20,0.000000,1,1,1,,0,0,
calibration,3,0.005,0.08,0.32,512,522,64,8,18,redGreenCompetition,0.25,0.000000,1,1,1,,0,0,
calibration,3,0.005,0.08,0.32,512,522,64,8,18,redGreenCompetition,0.30,0.000000,1,1,1,,0,0,
calibration,3,0.005,0.08,0.32,512,522,64,8,18,redGreenCompetition,0.35,0.000000,1,1,1,,0,0,
calibration,3,0.005,0.08,0.32,512,522,64,8,18,redGreenCompetition,0.40,0.000000,1,1,1,,0,0,
calibration,3,0.005,0.08,0.32,512,522,64,8,18,redGreenCompetition,0.45,0.000000,1,1,1,,0,0,
calibration,3,0.005,0.08,0.32,512,522,64,8,18,redGreenCompetition,0.50,0.000000,1,1,1,,0,0,
calibration,3,0.005,0.08,0.32,512,522,64,8,18,redGreenCompetition,0.55,0.000000,1,1,1,,0,0,
calibration,3,0.005,0.08,0.32,512,522,64,8,18,redGreenCompetition,0.60,0.000000,1,1,1,,0,0,
calibration,3,0.005,0.08,0.32,512,522,64,8,18,redGreenCompetition,0.65,0.000000,1,1,1,,0,0,
calibration,3,0.005,0.08,0.32,512,522,64,8,18,redGreenCompetition,0.70,0.000000,1,1,1,,0,0,
calibration,3,0.005,0.08,0.32,512,522,64,8,18,redGreenCompetition,0.75,0.000000,1,1,1,,0,0,
calibration,3,0.005,0.08,0.32,512,522,64,8,18,redGreenCompetition,0.80,0.000000,1,1,1,,0,0,
calibration,3,0.005,0.08,0.32,512,522,64,8,18,redGreenCompetition,0.85,0.000000,1,1,1,,0,0,
calibration,3,0.005,0.08,0.32,512,522,64,8,18,redGreenCompetition,0.90,0.000000,1,1,1,,0,0,
calibration,3,0.005,0.08,0.32,512,522,64,8,18,redGreenCompetition,0.95,0.000000,1,1,1,,0,0,
calibration,3,0.005,0.08,0.32,512,522,64,8,18,redGreenCompetition,1.00,0.000000,1,1,1,,0,0,
calibration,3,0.005,0.08,0.32,512,522,64,8,18,blueYellowCompetition,0.00,0.000000,1,1,1,,0,0,
calibration,3,0.005,0.08,0.32,512,522,64,8,18,blueYellowCompetition,0.05,0.000000,1,1,1,,0,0,
calibration,3,0.005,0.08,0.32,512,522,64,8,18,blueYellowCompetition,0.10,0.000000,1,1,1,,0,0,
calibration,3,0.005,0.08,0.32,512,522,64,8,18,blueYellowCompetition,0.15,0.000000,1,1,1,,0,0,
calibration,3,0.005,0.08,0.32,512,522,64,8,18,blueYellowCompetition,0.20,0.000000,1,1,1,,0,0,
calibration,3,0.005,0.08,0.32,512,522,64,8,18,blueYellowCompetition,0.25,0.000000,1,1,1,,0,0,
calibration,3,0.005,0.08,0.32,512,522,64,8,18,blueYellowCompetition,0.30,0.000000,1,1,1,,0,0,
calibration,3,0.005,0.08,0.32,512,522,64,8,18,blueYellowCompetition,0.35,0.000000,1,1,1,,0,0,
calibration,3,0.005,0.08,0.32,512,522,64,8,18,blueYellowCompetition,0.40,0.000000,1,1,1,,0,0,
calibration,3,0.005,0.08,0.32,512,522,64,8,18,blueYellowCompetition,0.45,0.000000,1,1,1,,0,0,
calibration,3,0.005,0.08,0.32,512,522,64,8,18,blueYellowCompetition,0.50,0.000000,1,1,1,,0,0,
calibration,3,0.005,0.08,0.32,512,522,64,8,18,blueYellowCompetition,0.55,0.000000,1,1,1,,0,0,
calibration,3,0.005,0.08,0.32,512,522,64,8,18,blueYellowCompetition,0.60,0.000000,1,1,1,,0,0,
calibration,3,0.005,0.08,0.32,512,522,64,8,18,blueYellowCompetition,0.65,0.000000,1,1,1,,0,0,
calibration,3,0.005,0.08,0.32,512,522,64,8,18,blueYellowCompetition,0.70,0.000000,1,1,1,,0,0,
calibration,3,0.005,0.08,0.32,512,522,64,8,18,blueYellowCompetition,0.75,0.000000,1,1,1,,0,0,
calibration,3,0.005,0.08,0.32,512,522,64,8,18,blueYellowCompetition,0.80,0.000000,1,1,1,,0,0,
calibration,3,0.005,0.08,0.32,512,522,64,8,18,blueYellowCompetition,0.85,0.000000,1,1,1,,0,0,
calibration,3,0.005,0.08,0.32,512,522,64,8,18,blueYellowCompetition,0.90,0.000000,1,1,1,,0,0,
calibration,3,0.005,0.08,0.32,512,522,64,8,18,blueYellowCompetition,0.95,0.000000,1,1,1,,0,0,
calibration,3,0.005,0.08,0.32,512,522,64,8,18,blueYellowCompetition,1.00,0.000000,1,1,1,,0,0,
calibration,4,0.005,0.12,0.08,512,522,64,8,18,redGreenCompetition,0.00,0.000000,1,1,1,,0,0,
calibration,4,0.005,0.12,0.08,512,522,64,8,18,redGreenCompetition,0.05,0.000000,1,1,1,,0,0,
calibration,4,0.005,0.12,0.08,512,522,64,8,18,redGreenCompetition,0.10,0.000000,1,1,1,,0,0,
calibration,4,0.005,0.12,0.08,512,522,64,8,18,redGreenCompetition,0.15,0.000000,1,1,1,,0,0,
calibration,4,0.005,0.12,0.08,512,522,64,8,18,redGreenCompetition,0.20,0.000000,1,1,1,,0,0,
calibration,4,0.005,0.12,0.08,512,522,64,8,18,redGreenCompetition,0.25,0.000000,1,1,1,,0,0,
calibration,4,0.005,0.12,0.08,512,522,64,8,18,redGreenCompetition,0.30,0.000000,1,1,1,,0,0,
calibration,4,0.005,0.12,0.08,512,522,64,8,18,redGreenCompetition,0.35,0.000000,1,1,1,,0,0,
calibration,4,0.005,0.12,0.08,512,522,64,8,18,redGreenCompetition,0.40,0.000000,1,1,1,,0,0,
calibration,4,0.005,0.12,0.08,512,522,64,8,18,redGreenCompetition,0.45,0.000000,1,1,1,,0,0,
calibration,4,0.005,0.12,0.08,512,522,64,8,18,redGreenCompetition,0.50,0.000000,1,1,1,,0,0,
calibration,4,0.005,0.12,0.08,512,522,64,8,18,redGreenCompetition,0.55,0.000000,1,1,1,,0,0,
calibration,4,0.005,0.12,0.08,512,522,64,8,18,redGreenCompetition,0.60,0.000000,1,1,1,,0,0,
calibration,4,0.005,0.12,0.08,512,522,64,8,18,redGreenCompetition,0.65,0.000000,1,1,1,,0,0,
calibration,4,0.005,0.12,0.08,512,522,64,8,18,redGreenCompetition,0.70,0.000000,1,1,1,,0,0,
calibration,4,0.005,0.12,0.08,512,522,64,8,18,redGreenCompetition,0.75,0.000000,1,1,1,,0,0,
calibration,4,0.005,0.12,0.08,512,522,64,8,18,redGreenCompetition,0.80,0.000000,1,1,1,,0,0,
calibration,4,0.005,0.12,0.08,512,522,64,8,18,redGreenCompetition,0.85,0.000000,1,1,1,,0,0,
calibration,4,0.005,0.12,0.08,512,522,64,8,18,redGreenCompetition,0.90,0.000000,1,1,1,,0,0,
calibration,4,0.005,0.12,0.08,512,522,64,8,18,redGreenCompetition,0.95,0.000000,1,1,1,,0,0,
calibration,4,0.005,0.12,0.08,512,522,64,8,18,redGreenCompetition,1.00,0.000000,1,1,1,,0,0,
calibration,4,0.005,0.12,0.08,512,522,64,8,18,blueYellowCompetition,0.00,0.000000,1,1,1,,0,0,
calibration,4,0.005,0.12,0.08,512,522,64,8,18,blueYellowCompetition,0.05,0.000000,1,1,1,,0,0,
calibration,4,0.005,0.12,0.08,512,522,64,8,18,blueYellowCompetition,0.10,0.000000,1,1,1,,0,0,
calibration,4,0.005,0.12,0.08,512,522,64,8,18,blueYellowCompetition,0.15,0.000000,1,1,1,,0,0,
calibration,4,0.005,0.12,0.08,512,522,64,8,18,blueYellowCompetition,0.20,0.000000,1,1,1,,0,0,
calibration,4,0.005,0.12,0.08,512,522,64,8,18,blueYellowCompetition,0.25,0.000000,1,1,1,,0,0,
calibration,4,0.005,0.12,0.08,512,522,64,8,18,blueYellowCompetition,0.30,0.000000,1,1,1,,0,0,
calibration,4,0.005,0.12,0.08,512,522,64,8,18,blueYellowCompetition,0.35,0.000000,1,1,1,,0,0,
calibration,4,0.005,0.12,0.08,512,522,64,8,18,blueYellowCompetition,0.40,0.000000,1,1,1,,0,0,
calibration,4,0.005,0.12,0.08,512,522,64,8,18,blueYellowCompetition,0.45,0.000000,1,1,1,,0,0,
calibration,4,0.005,0.12,0.08,512,522,64,8,18,blueYellowCompetition,0.50,0.000000,1,1,1,,0,0,
calibration,4,0.005,0.12,0.08,512,522,64,8,18,blueYellowCompetition,0.55,0.000000,1,1,1,,0,0,
calibration,4,0.005,0.12,0.08,512,522,64,8,18,blueYellowCompetition,0.60,0.000000,1,1,1,,0,0,
calibration,4,0.005,0.12,0.08,512,522,64,8,18,blueYellowCompetition,0.65,0.000000,1,1,1,,0,0,
calibration,4,0.005,0.12,0.08,512,522,64,8,18,blueYellowCompetition,0.70,0.000000,1,1,1,,0,0,
calibration,4,0.005,0.12,0.08,512,522,64,8,18,blueYellowCompetition,0.75,0.000000,1,1,1,,0,0,
calibration,4,0.005,0.12,0.08,512,522,64,8,18,blueYellowCompetition,0.80,0.000000,1,1,1,,0,0,
calibration,4,0.005,0.12,0.08,512,522,64,8,18,blueYellowCompetition,0.85,0.000000,1,1,1,,0,0,
calibration,4,0.005,0.12,0.08,512,522,64,8,18,blueYellowCompetition,0.90,0.000000,1,1,1,,0,0,
calibration,4,0.005,0.12,0.08,512,522,64,8,18,blueYellowCompetition,0.95,0.000000,1,1,1,,0,0,
calibration,4,0.005,0.12,0.08,512,522,64,8,18,blueYellowCompetition,1.00,0.000000,1,1,1,,0,0,
calibration,5,0.005,0.12,0.16,512,522,64,8,18,redGreenCompetition,0.00,0.000000,1,1,1,,0,0,
calibration,5,0.005,0.12,0.16,512,522,64,8,18,redGreenCompetition,0.05,0.000000,1,1,1,,0,0,
calibration,5,0.005,0.12,0.16,512,522,64,8,18,redGreenCompetition,0.10,0.000000,1,1,1,,0,0,
calibration,5,0.005,0.12,0.16,512,522,64,8,18,redGreenCompetition,0.15,0.000000,1,1,1,,0,0,
calibration,5,0.005,0.12,0.16,512,522,64,8,18,redGreenCompetition,0.20,0.000000,1,1,1,,0,0,
calibration,5,0.005,0.12,0.16,512,522,64,8,18,redGreenCompetition,0.25,0.000000,1,1,1,,0,0,
calibration,5,0.005,0.12,0.16,512,522,64,8,18,redGreenCompetition,0.30,0.000000,1,1,1,,0,0,
calibration,5,0.005,0.12,0.16,512,522,64,8,18,redGreenCompetition,0.35,0.000000,1,1,1,,0,0,
calibration,5,0.005,0.12,0.16,512,522,64,8,18,redGreenCompetition,0.40,0.000000,1,1,1,,0,0,
calibration,5,0.005,0.12,0.16,512,522,64,8,18,redGreenCompetition,0.45,0.000000,1,1,1,,0,0,
calibration,5,0.005,0.12,0.16,512,522,64,8,18,redGreenCompetition,0.50,0.000000,1,1,1,,0,0,
calibration,5,0.005,0.12,0.16,512,522,64,8,18,redGreenCompetition,0.55,0.000000,1,1,1,,0,0,
calibration,5,0.005,0.12,0.16,512,522,64,8,18,redGreenCompetition,0.60,0.000000,1,1,1,,0,0,
calibration,5,0.005,0.12,0.16,512,522,64,8,18,redGreenCompetition,0.65,0.000000,1,1,1,,0,0,
calibration,5,0.005,0.12,0.16,512,522,64,8,18,redGreenCompetition,0.70,0.000000,1,1,1,,0,0,
calibration,5,0.005,0.12,0.16,512,522,64,8,18,redGreenCompetition,0.75,0.000000,1,1,1,,0,0,
calibration,5,0.005,0.12,0.16,512,522,64,8,18,redGreenCompetition,0.80,0.000000,1,1,1,,0,0,
calibration,5,0.005,0.12,0.16,512,522,64,8,18,redGreenCompetition,0.85,0.000000,1,1,1,,0,0,
calibration,5,0.005,0.12,0.16,512,522,64,8,18,redGreenCompetition,0.90,0.000000,1,1,1,,0,0,
calibration,5,0.005,0.12,0.16,512,522,64,8,18,redGreenCompetition,0.95,0.000000,1,1,1,,0,0,
calibration,5,0.005,0.12,0.16,512,522,64,8,18,redGreenCompetition,1.00,0.000000,1,1,1,,0,0,
calibration,5,0.005,0.12,0.16,512,522,64,8,18,blueYellowCompetition,0.00,0.000000,1,1,1,,0,0,
calibration,5,0.005,0.12,0.16,512,522,64,8,18,blueYellowCompetition,0.05,0.000000,1,1,1,,0,0,
calibration,5,0.005,0.12,0.16,512,522,64,8,18,blueYellowCompetition,0.10,0.000000,1,1,1,,0,0,
calibration,5,0.005,0.12,0.16,512,522,64,8,18,blueYellowCompetition,0.15,0.000000,1,1,1,,0,0,
calibration,5,0.005,0.12,0.16,512,522,64,8,18,blueYellowCompetition,0.20,0.000000,1,1,1,,0,0,
calibration,5,0.005,0.12,0.16,512,522,64,8,18,blueYellowCompetition,0.25,0.000000,1,1,1,,0,0,
calibration,5,0.005,0.12,0.16,512,522,64,8,18,blueYellowCompetition,0.30,0.000000,1,1,1,,0,0,
calibration,5,0.005,0.12,0.16,512,522,64,8,18,blueYellowCompetition,0.35,0.000000,1,1,1,,0,0,
calibration,5,0.005,0.12,0.16,512,522,64,8,18,blueYellowCompetition,0.40,0.000000,1,1,1,,0,0,
calibration,5,0.005,0.12,0.16,512,522,64,8,18,blueYellowCompetition,0.45,0.000000,1,1,1,,0,0,
calibration,5,0.005,0.12,0.16,512,522,64,8,18,blueYellowCompetition,0.50,0.000000,1,1,1,,0,0,
calibration,5,0.005,0.12,0.16,512,522,64,8,18,blueYellowCompetition,0.55,0.000000,1,1,1,,0,0,
calibration,5,0.005,0.12,0.16,512,522,64,8,18,blueYellowCompetition,0.60,0.000000,1,1,1,,0,0,
calibration,5,0.005,0.12,0.16,512,522,64,8,18,blueYellowCompetition,0.65,0.000000,1,1,1,,0,0,
calibration,5,0.005,0.12,0.16,512,522,64,8,18,blueYellowCompetition,0.70,0.000000,1,1,1,,0,0,
calibration,5,0.005,0.12,0.16,512,522,64,8,18,blueYellowCompetition,0.75,0.000000,1,1,1,,0,0,
calibration,5,0.005,0.12,0.16,512,522,64,8,18,blueYellowCompetition,0.80,0.000000,1,1,1,,0,0,
calibration,5,0.005,0.12,0.16,512,522,64,8,18,blueYellowCompetition,0.85,0.000000,1,1,1,,0,0,
calibration,5,0.005,0.12,0.16,512,522,64,8,18,blueYellowCompetition,0.90,0.000000,1,1,1,,0,0,
calibration,5,0.005,0.12,0.16,512,522,64,8,18,blueYellowCompetition,0.95,0.000000,1,1,1,,0,0,
calibration,5,0.005,0.12,0.16,512,522,64,8,18,blueYellowCompetition,1.00,0.000000,1,1,1,,0,0,
calibration,6,0.005,0.12,0.24,512,522,64,8,18,redGreenCompetition,0.00,0.000000,1,1,1,,0,0,
calibration,6,0.005,0.12,0.24,512,522,64,8,18,redGreenCompetition,0.05,0.000000,1,1,1,,0,0,
calibration,6,0.005,0.12,0.24,512,522,64,8,18,redGreenCompetition,0.10,0.000000,1,1,1,,0,0,
calibration,6,0.005,0.12,0.24,512,522,64,8,18,redGreenCompetition,0.15,0.000000,1,1,1,,0,0,
calibration,6,0.005,0.12,0.24,512,522,64,8,18,redGreenCompetition,0.20,0.000000,1,1,1,,0,0,
calibration,6,0.005,0.12,0.24,512,522,64,8,18,redGreenCompetition,0.25,0.000000,1,1,1,,0,0,
calibration,6,0.005,0.12,0.24,512,522,64,8,18,redGreenCompetition,0.30,0.000000,1,1,1,,0,0,
calibration,6,0.005,0.12,0.24,512,522,64,8,18,redGreenCompetition,0.35,0.000000,1,1,1,,0,0,
calibration,6,0.005,0.12,0.24,512,522,64,8,18,redGreenCompetition,0.40,0.000000,1,1,1,,0,0,
calibration,6,0.005,0.12,0.24,512,522,64,8,18,redGreenCompetition,0.45,0.000000,1,1,1,,0,0,
calibration,6,0.005,0.12,0.24,512,522,64,8,18,redGreenCompetition,0.50,0.000000,1,1,1,,0,0,
calibration,6,0.005,0.12,0.24,512,522,64,8,18,redGreenCompetition,0.55,0.000000,1,1,1,,0,0,
calibration,6,0.005,0.12,0.24,512,522,64,8,18,redGreenCompetition,0.60,0.000000,1,1,1,,0,0,
calibration,6,0.005,0.12,0.24,512,522,64,8,18,redGreenCompetition,0.65,0.000000,1,1,1,,0,0,
calibration,6,0.005,0.12,0.24,512,522,64,8,18,redGreenCompetition,0.70,0.000000,1,1,1,,0,0,
calibration,6,0.005,0.12,0.24,512,522,64,8,18,redGreenCompetition,0.75,0.000000,1,1,1,,0,0,
calibration,6,0.005,0.12,0.24,512,522,64,8,18,redGreenCompetition,0.80,0.000000,1,1,1,,0,0,
calibration,6,0.005,0.12,0.24,512,522,64,8,18,redGreenCompetition,0.85,0.000000,1,1,1,,0,0,
calibration,6,0.005,0.12,0.24,512,522,64,8,18,redGreenCompetition,0.90,0.000000,1,1,1,,0,0,
calibration,6,0.005,0.12,0.24,512,522,64,8,18,redGreenCompetition,0.95,0.000000,1,1,1,,0,0,
calibration,6,0.005,0.12,0.24,512,522,64,8,18,redGreenCompetition,1.00,0.000000,1,1,1,,0,0,
calibration,6,0.005,0.12,0.24,512,522,64,8,18,blueYellowCompetition,0.00,0.000000,1,1,1,,0,0,
calibration,6,0.005,0.12,0.24,512,522,64,8,18,blueYellowCompetition,0.05,0.000000,1,1,1,,0,0,
calibration,6,0.005,0.12,0.24,512,522,64,8,18,blueYellowCompetition,0.10,0.000000,1,1,1,,0,0,
calibration,6,0.005,0.12,0.24,512,522,64,8,18,blueYellowCompetition,0.15,0.000000,1,1,1,,0,0,
calibration,6,0.005,0.12,0.24,512,522,64,8,18,blueYellowCompetition,0.20,0.000000,1,1,1,,0,0,
calibration,6,0.005,0.12,0.24,512,522,64,8,18,blueYellowCompetition,0.25,0.000000,1,1,1,,0,0,
calibration,6,0.005,0.12,0.24,512,522,64,8,18,blueYellowCompetition,0.30,0.000000,1,1,1,,0,0,
calibration,6,0.005,0.12,0.24,512,522,64,8,18,blueYellowCompetition,0.35,0.000000,1,1,1,,0,0,
calibration,6,0.005,0.12,0.24,512,522,64,8,18,blueYellowCompetition,0.40,0.000000,1,1,1,,0,0,
calibration,6,0.005,0.12,0.24,512,522,64,8,18,blueYellowCompetition,0.45,0.000000,1,1,1,,0,0,
calibration,6,0.005,0.12,0.24,512,522,64,8,18,blueYellowCompetition,0.50,0.000000,1,1,1,,0,0,
calibration,6,0.005,0.12,0.24,512,522,64,8,18,blueYellowCompetition,0.55,0.000000,1,1,1,,0,0,
calibration,6,0.005,0.12,0.24,512,522,64,8,18,blueYellowCompetition,0.60,0.000000,1,1,1,,0,0,
calibration,6,0.005,0.12,0.24,512,522,64,8,18,blueYellowCompetition,0.65,0.000000,1,1,1,,0,0,
calibration,6,0.005,0.12,0.24,512,522,64,8,18,blueYellowCompetition,0.70,0.000000,1,1,1,,0,0,
calibration,6,0.005,0.12,0.24,512,522,64,8,18,blueYellowCompetition,0.75,0.000000,1,1,1,,0,0,
calibration,6,0.005,0.12,0.24,512,522,64,8,18,blueYellowCompetition,0.80,0.000000,1,1,1,,0,0,
calibration,6,0.005,0.12,0.24,512,522,64,8,18,blueYellowCompetition,0.85,0.000000,1,1,1,,0,0,
calibration,6,0.005,0.12,0.24,512,522,64,8,18,blueYellowCompetition,0.90,0.000000,1,1,1,,0,0,
calibration,6,0.005,0.12,0.24,512,522,64,8,18,blueYellowCompetition,0.95,0.000000,1,1,1,,0,0,
calibration,6,0.005,0.12,0.24,512,522,64,8,18,blueYellowCompetition,1.00,0.000000,1,1,1,,0,0,
calibration,7,0.005,0.12,0.32,512,522,64,8,18,redGreenCompetition,0.00,0.000000,1,1,1,,0,0,
calibration,7,0.005,0.12,0.32,512,522,64,8,18,redGreenCompetition,0.05,0.000000,1,1,1,,0,0,
calibration,7,0.005,0.12,0.32,512,522,64,8,18,redGreenCompetition,0.10,0.000000,1,1,1,,0,0,
calibration,7,0.005,0.12,0.32,512,522,64,8,18,redGreenCompetition,0.15,0.000000,1,1,1,,0,0,
calibration,7,0.005,0.12,0.32,512,522,64,8,18,redGreenCompetition,0.20,0.000000,1,1,1,,0,0,
calibration,7,0.005,0.12,0.32,512,522,64,8,18,redGreenCompetition,0.25,0.000000,1,1,1,,0,0,
calibration,7,0.005,0.12,0.32,512,522,64,8,18,redGreenCompetition,0.30,0.000000,1,1,1,,0,0,
calibration,7,0.005,0.12,0.32,512,522,64,8,18,redGreenCompetition,0.35,0.000000,1,1,1,,0,0,
calibration,7,0.005,0.12,0.32,512,522,64,8,18,redGreenCompetition,0.40,0.000000,1,1,1,,0,0,
calibration,7,0.005,0.12,0.32,512,522,64,8,18,redGreenCompetition,0.45,0.000000,1,1,1,,0,0,
calibration,7,0.005,0.12,0.32,512,522,64,8,18,redGreenCompetition,0.50,0.000000,1,1,1,,0,0,
calibration,7,0.005,0.12,0.32,512,522,64,8,18,redGreenCompetition,0.55,0.000000,1,1,1,,0,0,
calibration,7,0.005,0.12,0.32,512,522,64,8,18,redGreenCompetition,0.60,0.000000,1,1,1,,0,0,
calibration,7,0.005,0.12,0.32,512,522,64,8,18,redGreenCompetition,0.65,0.000000,1,1,1,,0,0,
calibration,7,0.005,0.12,0.32,512,522,64,8,18,redGreenCompetition,0.70,0.000000,1,1,1,,0,0,
calibration,7,0.005,0.12,0.32,512,522,64,8,18,redGreenCompetition,0.75,0.000000,1,1,1,,0,0,
calibration,7,0.005,0.12,0.32,512,522,64,8,18,redGreenCompetition,0.80,0.000000,1,1,1,,0,0,
calibration,7,0.005,0.12,0.32,512,522,64,8,18,redGreenCompetition,0.85,0.000000,1,1,1,,0,0,
calibration,7,0.005,0.12,0.32,512,522,64,8,18,redGreenCompetition,0.90,0.000000,1,1,1,,0,0,
calibration,7,0.005,0.12,0.32,512,522,64,8,18,redGreenCompetition,0.95,0.000000,1,1,1,,0,0,
calibration,7,0.005,0.12,0.32,512,522,64,8,18,redGreenCompetition,1.00,0.000000,1,1,1,,0,0,
calibration,7,0.005,0.12,0.32,512,522,64,8,18,blueYellowCompetition,0.00,0.000000,1,1,1,,0,0,
calibration,7,0.005,0.12,0.32,512,522,64,8,18,blueYellowCompetition,0.05,0.000000,1,1,1,,0,0,
calibration,7,0.005,0.12,0.32,512,522,64,8,18,blueYellowCompetition,0.10,0.000000,1,1,1,,0,0,
calibration,7,0.005,0.12,0.32,512,522,64,8,18,blueYellowCompetition,0.15,0.000000,1,1,1,,0,0,
calibration,7,0.005,0.12,0.32,512,522,64,8,18,blueYellowCompetition,0.20,0.000000,1,1,1,,0,0,
calibration,7,0.005,0.12,0.32,512,522,64,8,18,blueYellowCompetition,0.25,0.000000,1,1,1,,0,0,
calibration,7,0.005,0.12,0.32,512,522,64,8,18,blueYellowCompetition,0.30,0.000000,1,1,1,,0,0,
calibration,7,0.005,0.12,0.32,512,522,64,8,18,blueYellowCompetition,0.35,0.000000,1,1,1,,0,0,
calibration,7,0.005,0.12,0.32,512,522,64,8,18,blueYellowCompetition,0.40,0.000000,1,1,1,,0,0,
calibration,7,0.005,0.12,0.32,512,522,64,8,18,blueYellowCompetition,0.45,0.000000,1,1,1,,0,0,
calibration,7,0.005,0.12,0.32,512,522,64,8,18,blueYellowCompetition,0.50,0.000000,1,1,1,,0,0,
calibration,7,0.005,0.12,0.32,512,522,64,8,18,blueYellowCompetition,0.55,0.000000,1,1,1,,0,0,
calibration,7,0.005,0.12,0.32,512,522,64,8,18,blueYellowCompetition,0.60,0.000000,1,1,1,,0,0,
calibration,7,0.005,0.12,0.32,512,522,64,8,18,blueYellowCompetition,0.65,0.000000,1,1,1,,0,0,
calibration,7,0.005,0.12,0.32,512,522,64,8,18,blueYellowCompetition,0.70,0.000000,1,1,1,,0,0,
calibration,7,0.005,0.12,0.32,512,522,64,8,18,blueYellowCompetition,0.75,0.000000,1,1,1,,0,0,
calibration,7,0.005,0.12,0.32,512,522,64,8,18,blueYellowCompetition,0.80,0.000000,1,1,1,,0,0,
calibration,7,0.005,0.12,0.32,512,522,64,8,18,blueYellowCompetition,0.85,0.000000,1,1,1,,0,0,
calibration,7,0.005,0.12,0.32,512,522,64,8,18,blueYellowCompetition,0.90,0.000000,1,1,1,,0,0,
calibration,7,0.005,0.12,0.32,512,522,64,8,18,blueYellowCompetition,0.95,0.000000,1,1,1,,0,0,
calibration,7,0.005,0.12,0.32,512,522,64,8,18,blueYellowCompetition,1.00,0.000000,1,1,1,,0,0,
calibration,8,0.005,0.16,0.08,512,522,64,8,18,redGreenCompetition,0.00,0.000000,1,1,1,,0,0,
calibration,8,0.005,0.16,0.08,512,522,64,8,18,redGreenCompetition,0.05,0.000000,1,1,1,,0,0,
calibration,8,0.005,0.16,0.08,512,522,64,8,18,redGreenCompetition,0.10,0.000000,1,1,1,,0,0,
calibration,8,0.005,0.16,0.08,512,522,64,8,18,redGreenCompetition,0.15,0.000000,1,1,1,,0,0,
calibration,8,0.005,0.16,0.08,512,522,64,8,18,redGreenCompetition,0.20,0.000000,1,1,1,,0,0,
calibration,8,0.005,0.16,0.08,512,522,64,8,18,redGreenCompetition,0.25,0.000000,1,1,1,,0,0,
calibration,8,0.005,0.16,0.08,512,522,64,8,18,redGreenCompetition,0.30,0.000000,1,1,1,,0,0,
calibration,8,0.005,0.16,0.08,512,522,64,8,18,redGreenCompetition,0.35,0.000000,1,1,1,,0,0,
calibration,8,0.005,0.16,0.08,512,522,64,8,18,redGreenCompetition,0.40,0.000000,1,1,1,,0,0,
calibration,8,0.005,0.16,0.08,512,522,64,8,18,redGreenCompetition,0.45,0.000000,1,1,1,,0,0,
calibration,8,0.005,0.16,0.08,512,522,64,8,18,redGreenCompetition,0.50,0.000000,1,1,1,,0,0,
calibration,8,0.005,0.16,0.08,512,522,64,8,18,redGreenCompetition,0.55,0.000000,1,1,1,,0,0,
calibration,8,0.005,0.16,0.08,512,522,64,8,18,redGreenCompetition,0.60,0.000000,1,1,1,,0,0,
calibration,8,0.005,0.16,0.08,512,522,64,8,18,redGreenCompetition,0.65,0.000000,1,1,1,,0,0,
calibration,8,0.005,0.16,0.08,512,522,64,8,18,redGreenCompetition,0.70,0.000000,1,1,1,,0,0,
calibration,8,0.005,0.16,0.08,512,522,64,8,18,redGreenCompetition,0.75,0.000000,1,1,1,,0,0,
calibration,8,0.005,0.16,0.08,512,522,64,8,18,redGreenCompetition,0.80,0.000000,1,1,1,,0,0,
calibration,8,0.005,0.16,0.08,512,522,64,8,18,redGreenCompetition,0.85,0.000000,1,1,1,,0,0,
calibration,8,0.005,0.16,0.08,512,522,64,8,18,redGreenCompetition,0.90,0.000000,1,1,1,,0,0,
calibration,8,0.005,0.16,0.08,512,522,64,8,18,redGreenCompetition,0.95,0.000000,1,1,1,,0,0,
calibration,8,0.005,0.16,0.08,512,522,64,8,18,redGreenCompetition,1.00,0.000000,1,1,1,,0,0,
calibration,8,0.005,0.16,0.08,512,522,64,8,18,blueYellowCompetition,0.00,0.000000,1,1,1,,0,0,
calibration,8,0.005,0.16,0.08,512,522,64,8,18,blueYellowCompetition,0.05,0.000000,1,1,1,,0,0,
calibration,8,0.005,0.16,0.08,512,522,64,8,18,blueYellowCompetition,0.10,0.000000,1,1,1,,0,0,
calibration,8,0.005,0.16,0.08,512,522,64,8,18,blueYellowCompetition,0.15,0.000000,1,1,1,,0,0,
calibration,8,0.005,0.16,0.08,512,522,64,8,18,blueYellowCompetition,0.20,0.000000,1,1,1,,0,0,
calibration,8,0.005,0.16,0.08,512,522,64,8,18,blueYellowCompetition,0.25,0.000000,1,1,1,,0,0,
calibration,8,0.005,0.16,0.08,512,522,64,8,18,blueYellowCompetition,0.30,0.000000,1,1,1,,0,0,
calibration,8,0.005,0.16,0.08,512,522,64,8,18,blueYellowCompetition,0.35,0.000000,1,1,1,,0,0,
calibration,8,0.005,0.16,0.08,512,522,64,8,18,blueYellowCompetition,0.40,0.000000,1,1,1,,0,0,
calibration,8,0.005,0.16,0.08,512,522,64,8,18,blueYellowCompetition,0.45,0.000000,1,1,1,,0,0,
calibration,8,0.005,0.16,0.08,512,522,64,8,18,blueYellowCompetition,0.50,0.000000,1,1,1,,0,0,
calibration,8,0.005,0.16,0.08,512,522,64,8,18,blueYellowCompetition,0.55,0.000000,1,1,1,,0,0,
calibration,8,0.005,0.16,0.08,512,522,64,8,18,blueYellowCompetition,0.60,0.000000,1,1,1,,0,0,
calibration,8,0.005,0.16,0.08,512,522,64,8,18,blueYellowCompetition,0.65,0.000000,1,1,1,,0,0,
calibration,8,0.005,0.16,0.08,512,522,64,8,18,blueYellowCompetition,0.70,0.000000,1,1,1,,0,0,
calibration,8,0.005,0.16,0.08,512,522,64,8,18,blueYellowCompetition,0.75,0.000000,1,1,1,,0,0,
calibration,8,0.005,0.16,0.08,512,522,64,8,18,blueYellowCompetition,0.80,0.000000,1,1,1,,0,0,
calibration,8,0.005,0.16,0.08,512,522,64,8,18,blueYellowCompetition,0.85,0.000000,1,1,1,,0,0,
calibration,8,0.005,0.16,0.08,512,522,64,8,18,blueYellowCompetition,0.90,0.000000,1,1,1,,0,0,
calibration,8,0.005,0.16,0.08,512,522,64,8,18,blueYellowCompetition,0.95,0.000000,1,1,1,,0,0,
calibration,8,0.005,0.16,0.08,512,522,64,8,18,blueYellowCompetition,1.00,0.000000,1,1,1,,0,0,
calibration,9,0.005,0.16,0.16,512,522,64,8,18,redGreenCompetition,0.00,0.000000,1,1,1,,0,0,
calibration,9,0.005,0.16,0.16,512,522,64,8,18,redGreenCompetition,0.05,0.000000,1,1,1,,0,0,
calibration,9,0.005,0.16,0.16,512,522,64,8,18,redGreenCompetition,0.10,0.000000,1,1,1,,0,0,
calibration,9,0.005,0.16,0.16,512,522,64,8,18,redGreenCompetition,0.15,0.000000,1,1,1,,0,0,
calibration,9,0.005,0.16,0.16,512,522,64,8,18,redGreenCompetition,0.20,0.000000,1,1,1,,0,0,
calibration,9,0.005,0.16,0.16,512,522,64,8,18,redGreenCompetition,0.25,0.000000,1,1,1,,0,0,
calibration,9,0.005,0.16,0.16,512,522,64,8,18,redGreenCompetition,0.30,0.000000,1,1,1,,0,0,
calibration,9,0.005,0.16,0.16,512,522,64,8,18,redGreenCompetition,0.35,0.000000,1,1,1,,0,0,
calibration,9,0.005,0.16,0.16,512,522,64,8,18,redGreenCompetition,0.40,0.000000,1,1,1,,0,0,
calibration,9,0.005,0.16,0.16,512,522,64,8,18,redGreenCompetition,0.45,0.000000,1,1,1,,0,0,
calibration,9,0.005,0.16,0.16,512,522,64,8,18,redGreenCompetition,0.50,0.000000,1,1,1,,0,0,
calibration,9,0.005,0.16,0.16,512,522,64,8,18,redGreenCompetition,0.55,0.000000,1,1,1,,0,0,
calibration,9,0.005,0.16,0.16,512,522,64,8,18,redGreenCompetition,0.60,0.000000,1,1,1,,0,0,
calibration,9,0.005,0.16,0.16,512,522,64,8,18,redGreenCompetition,0.65,0.000000,1,1,1,,0,0,
calibration,9,0.005,0.16,0.16,512,522,64,8,18,redGreenCompetition,0.70,0.000000,1,1,1,,0,0,
calibration,9,0.005,0.16,0.16,512,522,64,8,18,redGreenCompetition,0.75,0.000000,1,1,1,,0,0,
calibration,9,0.005,0.16,0.16,512,522,64,8,18,redGreenCompetition,0.80,0.000000,1,1,1,,0,0,
calibration,9,0.005,0.16,0.16,512,522,64,8,18,redGreenCompetition,0.85,0.000000,1,1,1,,0,0,
calibration,9,0.005,0.16,0.16,512,522,64,8,18,redGreenCompetition,0.90,0.000000,1,1,1,,0,0,
calibration,9,0.005,0.16,0.16,512,522,64,8,18,redGreenCompetition,0.95,0.000000,1,1,1,,0,0,
calibration,9,0.005,0.16,0.16,512,522,64,8,18,redGreenCompetition,1.00,0.000000,1,1,1,,0,0,
calibration,9,0.005,0.16,0.16,512,522,64,8,18,blueYellowCompetition,0.00,0.000000,1,1,1,,0,0,
calibration,9,0.005,0.16,0.16,512,522,64,8,18,blueYellowCompetition,0.05,0.000000,1,1,1,,0,0,
calibration,9,0.005,0.16,0.16,512,522,64,8,18,blueYellowCompetition,0.10,0.000000,1,1,1,,0,0,
calibration,9,0.005,0.16,0.16,512,522,64,8,18,blueYellowCompetition,0.15,0.000000,1,1,1,,0,0,
calibration,9,0.005,0.16,0.16,512,522,64,8,18,blueYellowCompetition,0.20,0.000000,1,1,1,,0,0,
calibration,9,0.005,0.16,0.16,512,522,64,8,18,blueYellowCompetition,0.25,0.000000,1,1,1,,0,0,
calibration,9,0.005,0.16,0.16,512,522,64,8,18,blueYellowCompetition,0.30,0.000000,1,1,1,,0,0,
calibration,9,0.005,0.16,0.16,512,522,64,8,18,blueYellowCompetition,0.35,0.000000,1,1,1,,0,0,
calibration,9,0.005,0.16,0.16,512,522,64,8,18,blueYellowCompetition,0.40,0.000000,1,1,1,,0,0,
calibration,9,0.005,0.16,0.16,512,522,64,8,18,blueYellowCompetition,0.45,0.000000,1,1,1,,0,0,
calibration,9,0.005,0.16,0.16,512,522,64,8,18,blueYellowCompetition,0.50,0.000000,1,1,1,,0,0,
calibration,9,0.005,0.16,0.16,512,522,64,8,18,blueYellowCompetition,0.55,0.000000,1,1,1,,0,0,
calibration,9,0.005,0.16,0.16,512,522,64,8,18,blueYellowCompetition,0.60,0.000000,1,1,1,,0,0,
calibration,9,0.005,0.16,0.16,512,522,64,8,18,blueYellowCompetition,0.65,0.000000,1,1,1,,0,0,
calibration,9,0.005,0.16,0.16,512,522,64,8,18,blueYellowCompetition,0.70,0.000000,1,1,1,,0,0,
calibration,9,0.005,0.16,0.16,512,522,64,8,18,blueYellowCompetition,0.75,0.000000,1,1,1,,0,0,
calibration,9,0.005,0.16,0.16,512,522,64,8,18,blueYellowCompetition,0.80,0.000000,1,1,1,,0,0,
calibration,9,0.005,0.16,0.16,512,522,64,8,18,blueYellowCompetition,0.85,0.000000,1,1,1,,0,0,
calibration,9,0.005,0.16,0.16,512,522,64,8,18,blueYellowCompetition,0.90,0.000000,1,1,1,,0,0,
calibration,9,0.005,0.16,0.16,512,522,64,8,18,blueYellowCompetition,0.95,0.000000,1,1,1,,0,0,
calibration,9,0.005,0.16,0.16,512,522,64,8,18,blueYellowCompetition,1.00,0.000000,1,1,1,,0,0,
calibration,10,0.005,0.16,0.24,512,522,64,8,18,redGreenCompetition,0.00,0.000000,1,1,1,,0,0,
calibration,10,0.005,0.16,0.24,512,522,64,8,18,redGreenCompetition,0.05,0.000000,1,1,1,,0,0,
calibration,10,0.005,0.16,0.24,512,522,64,8,18,redGreenCompetition,0.10,0.000000,1,1,1,,0,0,
calibration,10,0.005,0.16,0.24,512,522,64,8,18,redGreenCompetition,0.15,0.000000,1,1,1,,0,0,
calibration,10,0.005,0.16,0.24,512,522,64,8,18,redGreenCompetition,0.20,0.000000,1,1,1,,0,0,
calibration,10,0.005,0.16,0.24,512,522,64,8,18,redGreenCompetition,0.25,0.000000,1,1,1,,0,0,
calibration,10,0.005,0.16,0.24,512,522,64,8,18,redGreenCompetition,0.30,0.000000,1,1,1,,0,0,
calibration,10,0.005,0.16,0.24,512,522,64,8,18,redGreenCompetition,0.35,0.000000,1,1,1,,0,0,
calibration,10,0.005,0.16,0.24,512,522,64,8,18,redGreenCompetition,0.40,0.000000,1,1,1,,0,0,
calibration,10,0.005,0.16,0.24,512,522,64,8,18,redGreenCompetition,0.45,0.000000,1,1,1,,0,0,
calibration,10,0.005,0.16,0.24,512,522,64,8,18,redGreenCompetition,0.50,0.000000,1,1,1,,0,0,
calibration,10,0.005,0.16,0.24,512,522,64,8,18,redGreenCompetition,0.55,0.000000,1,1,1,,0,0,
calibration,10,0.005,0.16,0.24,512,522,64,8,18,redGreenCompetition,0.60,0.000000,1,1,1,,0,0,
calibration,10,0.005,0.16,0.24,512,522,64,8,18,redGreenCompetition,0.65,0.000000,1,1,1,,0,0,
calibration,10,0.005,0.16,0.24,512,522,64,8,18,redGreenCompetition,0.70,0.000000,1,1,1,,0,0,
calibration,10,0.005,0.16,0.24,512,522,64,8,18,redGreenCompetition,0.75,0.000000,1,1,1,,0,0,
calibration,10,0.005,0.16,0.24,512,522,64,8,18,redGreenCompetition,0.80,0.000000,1,1,1,,0,0,
calibration,10,0.005,0.16,0.24,512,522,64,8,18,redGreenCompetition,0.85,0.000000,1,1,1,,0,0,
calibration,10,0.005,0.16,0.24,512,522,64,8,18,redGreenCompetition,0.90,0.000000,1,1,1,,0,0,
calibration,10,0.005,0.16,0.24,512,522,64,8,18,redGreenCompetition,0.95,0.000000,1,1,1,,0,0,
calibration,10,0.005,0.16,0.24,512,522,64,8,18,redGreenCompetition,1.00,0.000000,1,1,1,,0,0,
calibration,10,0.005,0.16,0.24,512,522,64,8,18,blueYellowCompetition,0.00,0.000000,1,1,1,,0,0,
calibration,10,0.005,0.16,0.24,512,522,64,8,18,blueYellowCompetition,0.05,0.000000,1,1,1,,0,0,
calibration,10,0.005,0.16,0.24,512,522,64,8,18,blueYellowCompetition,0.10,0.000000,1,1,1,,0,0,
calibration,10,0.005,0.16,0.24,512,522,64,8,18,blueYellowCompetition,0.15,0.000000,1,1,1,,0,0,
calibration,10,0.005,0.16,0.24,512,522,64,8,18,blueYellowCompetition,0.20,0.000000,1,1,1,,0,0,
calibration,10,0.005,0.16,0.24,512,522,64,8,18,blueYellowCompetition,0.25,0.000000,1,1,1,,0,0,
calibration,10,0.005,0.16,0.24,512,522,64,8,18,blueYellowCompetition,0.30,0.000000,1,1,1,,0,0,
calibration,10,0.005,0.16,0.24,512,522,64,8,18,blueYellowCompetition,0.35,0.000000,1,1,1,,0,0,
calibration,10,0.005,0.16,0.24,512,522,64,8,18,blueYellowCompetition,0.40,0.000000,1,1,1,,0,0,
calibration,10,0.005,0.16,0.24,512,522,64,8,18,blueYellowCompetition,0.45,0.000000,1,1,1,,0,0,
calibration,10,0.005,0.16,0.24,512,522,64,8,18,blueYellowCompetition,0.50,0.000000,1,1,1,,0,0,
calibration,10,0.005,0.16,0.24,512,522,64,8,18,blueYellowCompetition,0.55,0.000000,1,1,1,,0,0,
calibration,10,0.005,0.16,0.24,512,522,64,8,18,blueYellowCompetition,0.60,0.000000,1,1,1,,0,0,
calibration,10,0.005,0.16,0.24,512,522,64,8,18,blueYellowCompetition,0.65,0.000000,1,1,1,,0,0,
calibration,10,0.005,0.16,0.24,512,522,64,8,18,blueYellowCompetition,0.70,0.000000,1,1,1,,0,0,
calibration,10,0.005,0.16,0.24,512,522,64,8,18,blueYellowCompetition,0.75,0.000000,1,1,1,,0,0,
calibration,10,0.005,0.16,0.24,512,522,64,8,18,blueYellowCompetition,0.80,0.000000,1,1,1,,0,0,
calibration,10,0.005,0.16,0.24,512,522,64,8,18,blueYellowCompetition,0.85,0.000000,1,1,1,,0,0,
calibration,10,0.005,0.16,0.24,512,522,64,8,18,blueYellowCompetition,0.90,0.000000,1,1,1,,0,0,
calibration,10,0.005,0.16,0.24,512,522,64,8,18,blueYellowCompetition,0.95,0.000000,1,1,1,,0,0,
calibration,10,0.005,0.16,0.24,512,522,64,8,18,blueYellowCompetition,1.00,0.000000,1,1,1,,0,0,
calibration,11,0.005,0.16,0.32,512,522,64,8,18,redGreenCompetition,0.00,0.000000,1,1,1,,0,0,
calibration,11,0.005,0.16,0.32,512,522,64,8,18,redGreenCompetition,0.05,0.000000,1,1,1,,0,0,
calibration,11,0.005,0.16,0.32,512,522,64,8,18,redGreenCompetition,0.10,0.000000,1,1,1,,0,0,
calibration,11,0.005,0.16,0.32,512,522,64,8,18,redGreenCompetition,0.15,0.000000,1,1,1,,0,0,
calibration,11,0.005,0.16,0.32,512,522,64,8,18,redGreenCompetition,0.20,0.000000,1,1,1,,0,0,
calibration,11,0.005,0.16,0.32,512,522,64,8,18,redGreenCompetition,0.25,0.000000,1,1,1,,0,0,
calibration,11,0.005,0.16,0.32,512,522,64,8,18,redGreenCompetition,0.30,0.000000,1,1,1,,0,0,
calibration,11,0.005,0.16,0.32,512,522,64,8,18,redGreenCompetition,0.35,0.000000,1,1,1,,0,0,
calibration,11,0.005,0.16,0.32,512,522,64,8,18,redGreenCompetition,0.40,0.000000,1,1,1,,0,0,
calibration,11,0.005,0.16,0.32,512,522,64,8,18,redGreenCompetition,0.45,0.000000,1,1,1,,0,0,
calibration,11,0.005,0.16,0.32,512,522,64,8,18,redGreenCompetition,0.50,0.000000,1,1,1,,0,0,
calibration,11,0.005,0.16,0.32,512,522,64,8,18,redGreenCompetition,0.55,0.000000,1,1,1,,0,0,
calibration,11,0.005,0.16,0.32,512,522,64,8,18,redGreenCompetition,0.60,0.000000,1,1,1,,0,0,
calibration,11,0.005,0.16,0.32,512,522,64,8,18,redGreenCompetition,0.65,0.000000,1,1,1,,0,0,
calibration,11,0.005,0.16,0.32,512,522,64,8,18,redGreenCompetition,0.70,0.000000,1,1,1,,0,0,
calibration,11,0.005,0.16,0.32,512,522,64,8,18,redGreenCompetition,0.75,0.000000,1,1,1,,0,0,
calibration,11,0.005,0.16,0.32,512,522,64,8,18,redGreenCompetition,0.80,0.000000,1,1,1,,0,0,
calibration,11,0.005,0.16,0.32,512,522,64,8,18,redGreenCompetition,0.85,0.000000,1,1,1,,0,0,
calibration,11,0.005,0.16,0.32,512,522,64,8,18,redGreenCompetition,0.90,0.000000,1,1,1,,0,0,
calibration,11,0.005,0.16,0.32,512,522,64,8,18,redGreenCompetition,0.95,0.000000,1,1,1,,0,0,
calibration,11,0.005,0.16,0.32,512,522,64,8,18,redGreenCompetition,1.00,0.000000,1,1,1,,0,0,
calibration,11,0.005,0.16,0.32,512,522,64,8,18,blueYellowCompetition,0.00,0.000000,1,1,1,,0,0,
calibration,11,0.005,0.16,0.32,512,522,64,8,18,blueYellowCompetition,0.05,0.000000,1,1,1,,0,0,
calibration,11,0.005,0.16,0.32,512,522,64,8,18,blueYellowCompetition,0.10,0.000000,1,1,1,,0,0,
calibration,11,0.005,0.16,0.32,512,522,64,8,18,blueYellowCompetition,0.15,0.000000,1,1,1,,0,0,
calibration,11,0.005,0.16,0.32,512,522,64,8,18,blueYellowCompetition,0.20,0.000000,1,1,1,,0,0,
calibration,11,0.005,0.16,0.32,512,522,64,8,18,blueYellowCompetition,0.25,0.000000,1,1,1,,0,0,
calibration,11,0.005,0.16,0.32,512,522,64,8,18,blueYellowCompetition,0.30,0.000000,1,1,1,,0,0,
calibration,11,0.005,0.16,0.32,512,522,64,8,18,blueYellowCompetition,0.35,0.000000,1,1,1,,0,0,
calibration,11,0.005,0.16,0.32,512,522,64,8,18,blueYellowCompetition,0.40,0.000000,1,1,1,,0,0,
calibration,11,0.005,0.16,0.32,512,522,64,8,18,blueYellowCompetition,0.45,0.000000,1,1,1,,0,0,
calibration,11,0.005,0.16,0.32,512,522,64,8,18,blueYellowCompetition,0.50,0.000000,1,1,1,,0,0,
calibration,11,0.005,0.16,0.32,512,522,64,8,18,blueYellowCompetition,0.55,0.000000,1,1,1,,0,0,
calibration,11,0.005,0.16,0.32,512,522,64,8,18,blueYellowCompetition,0.60,0.000000,1,1,1,,0,0,
calibration,11,0.005,0.16,0.32,512,522,64,8,18,blueYellowCompetition,0.65,0.000000,1,1,1,,0,0,
calibration,11,0.005,0.16,0.32,512,522,64,8,18,blueYellowCompetition,0.70,0.000000,1,1,1,,0,0,
calibration,11,0.005,0.16,0.32,512,522,64,8,18,blueYellowCompetition,0.75,0.000000,1,1,1,,0,0,
calibration,11,0.005,0.16,0.32,512,522,64,8,18,blueYellowCompetition,0.80,0.000000,1,1,1,,0,0,
calibration,11,0.005,0.16,0.32,512,522,64,8,18,blueYellowCompetition,0.85,0.000000,1,1,1,,0,0,
calibration,11,0.005,0.16,0.32,512,522,64,8,18,blueYellowCompetition,0.90,0.000000,1,1,1,,0,0,
calibration,11,0.005,0.16,0.32,512,522,64,8,18,blueYellowCompetition,0.95,0.000000,1,1,1,,0,0,
calibration,11,0.005,0.16,0.32,512,522,64,8,18,blueYellowCompetition,1.00,0.000000,1,1,1,,0,0,
calibration,12,0.005,0.24,0.08,512,522,64,8,18,redGreenCompetition,0.00,0.000000,1,1,1,,0,0,
calibration,12,0.005,0.24,0.08,512,522,64,8,18,redGreenCompetition,0.05,0.000000,1,1,1,,0,0,
calibration,12,0.005,0.24,0.08,512,522,64,8,18,redGreenCompetition,0.10,0.000000,1,1,1,,0,0,
calibration,12,0.005,0.24,0.08,512,522,64,8,18,redGreenCompetition,0.15,0.000000,1,1,1,,0,0,
calibration,12,0.005,0.24,0.08,512,522,64,8,18,redGreenCompetition,0.20,0.000000,1,1,1,,0,0,
calibration,12,0.005,0.24,0.08,512,522,64,8,18,redGreenCompetition,0.25,0.000000,1,1,1,,0,0,
calibration,12,0.005,0.24,0.08,512,522,64,8,18,redGreenCompetition,0.30,0.000000,1,1,1,,0,0,
calibration,12,0.005,0.24,0.08,512,522,64,8,18,redGreenCompetition,0.35,0.000000,1,1,1,,0,0,
calibration,12,0.005,0.24,0.08,512,522,64,8,18,redGreenCompetition,0.40,0.000000,1,1,1,,0,0,
calibration,12,0.005,0.24,0.08,512,522,64,8,18,redGreenCompetition,0.45,0.000000,1,1,1,,0,0,
calibration,12,0.005,0.24,0.08,512,522,64,8,18,redGreenCompetition,0.50,0.000000,1,1,1,,0,0,
calibration,12,0.005,0.24,0.08,512,522,64,8,18,redGreenCompetition,0.55,0.000000,1,1,1,,0,0,
calibration,12,0.005,0.24,0.08,512,522,64,8,18,redGreenCompetition,0.60,0.000000,1,1,1,,0,0,
calibration,12,0.005,0.24,0.08,512,522,64,8,18,redGreenCompetition,0.65,0.000000,1,1,1,,0,0,
calibration,12,0.005,0.24,0.08,512,522,64,8,18,redGreenCompetition,0.70,0.000000,1,1,1,,0,0,
calibration,12,0.005,0.24,0.08,512,522,64,8,18,redGreenCompetition,0.75,0.000000,1,1,1,,0,0,
calibration,12,0.005,0.24,0.08,512,522,64,8,18,redGreenCompetition,0.80,0.000000,1,1,1,,0,0,
calibration,12,0.005,0.24,0.08,512,522,64,8,18,redGreenCompetition,0.85,0.000000,1,1,1,,0,0,
calibration,12,0.005,0.24,0.08,512,522,64,8,18,redGreenCompetition,0.90,0.000000,1,1,1,,0,0,
calibration,12,0.005,0.24,0.08,512,522,64,8,18,redGreenCompetition,0.95,0.000000,1,1,1,,0,0,
calibration,12,0.005,0.24,0.08,512,522,64,8,18,redGreenCompetition,1.00,0.000000,1,1,1,,0,0,
calibration,12,0.005,0.24,0.08,512,522,64,8,18,blueYellowCompetition,0.00,0.000000,1,1,1,,0,0,
calibration,12,0.005,0.24,0.08,512,522,64,8,18,blueYellowCompetition,0.05,0.000000,1,1,1,,0,0,
calibration,12,0.005,0.24,0.08,512,522,64,8,18,blueYellowCompetition,0.10,0.000000,1,1,1,,0,0,
calibration,12,0.005,0.24,0.08,512,522,64,8,18,blueYellowCompetition,0.15,0.000000,1,1,1,,0,0,
calibration,12,0.005,0.24,0.08,512,522,64,8,18,blueYellowCompetition,0.20,0.000000,1,1,1,,0,0,
calibration,12,0.005,0.24,0.08,512,522,64,8,18,blueYellowCompetition,0.25,0.000000,1,1,1,,0,0,
calibration,12,0.005,0.24,0.08,512,522,64,8,18,blueYellowCompetition,0.30,0.000000,1,1,1,,0,0,
calibration,12,0.005,0.24,0.08,512,522,64,8,18,blueYellowCompetition,0.35,0.000000,1,1,1,,0,0,
calibration,12,0.005,0.24,0.08,512,522,64,8,18,blueYellowCompetition,0.40,0.000000,1,1,1,,0,0,
calibration,12,0.005,0.24,0.08,512,522,64,8,18,blueYellowCompetition,0.45,0.000000,1,1,1,,0,0,
calibration,12,0.005,0.24,0.08,512,522,64,8,18,blueYellowCompetition,0.50,0.000000,1,1,1,,0,0,
calibration,12,0.005,0.24,0.08,512,522,64,8,18,blueYellowCompetition,0.55,0.000000,1,1,1,,0,0,
calibration,12,0.005,0.24,0.08,512,522,64,8,18,blueYellowCompetition,0.60,0.000000,1,1,1,,0,0,
calibration,12,0.005,0.24,0.08,512,522,64,8,18,blueYellowCompetition,0.65,0.000000,1,1,1,,0,0,
calibration,12,0.005,0.24,0.08,512,522,64,8,18,blueYellowCompetition,0.70,0.000000,1,1,1,,0,0,
calibration,12,0.005,0.24,0.08,512,522,64,8,18,blueYellowCompetition,0.75,0.000000,1,1,1,,0,0,
calibration,12,0.005,0.24,0.08,512,522,64,8,18,blueYellowCompetition,0.80,0.000000,1,1,1,,0,0,
calibration,12,0.005,0.24,0.08,512,522,64,8,18,blueYellowCompetition,0.85,0.000000,1,1,1,,0,0,
calibration,12,0.005,0.24,0.08,512,522,64,8,18,blueYellowCompetition,0.90,0.000000,1,1,1,,0,0,
calibration,12,0.005,0.24,0.08,512,522,64,8,18,blueYellowCompetition,0.95,0.000000,1,1,1,,0,0,
calibration,12,0.005,0.24,0.08,512,522,64,8,18,blueYellowCompetition,1.00,0.000000,1,1,1,,0,0,
calibration,13,0.005,0.24,0.16,512,522,64,8,18,redGreenCompetition,0.00,0.000000,1,1,1,,0,0,
calibration,13,0.005,0.24,0.16,512,522,64,8,18,redGreenCompetition,0.05,0.000000,1,1,1,,0,0,
calibration,13,0.005,0.24,0.16,512,522,64,8,18,redGreenCompetition,0.10,0.000000,1,1,1,,0,0,
calibration,13,0.005,0.24,0.16,512,522,64,8,18,redGreenCompetition,0.15,0.000000,1,1,1,,0,0,
calibration,13,0.005,0.24,0.16,512,522,64,8,18,redGreenCompetition,0.20,0.000000,1,1,1,,0,0,
calibration,13,0.005,0.24,0.16,512,522,64,8,18,redGreenCompetition,0.25,0.000000,1,1,1,,0,0,
calibration,13,0.005,0.24,0.16,512,522,64,8,18,redGreenCompetition,0.30,0.000000,1,1,1,,0,0,
calibration,13,0.005,0.24,0.16,512,522,64,8,18,redGreenCompetition,0.35,0.000000,1,1,1,,0,0,
calibration,13,0.005,0.24,0.16,512,522,64,8,18,redGreenCompetition,0.40,0.000000,1,1,1,,0,0,
calibration,13,0.005,0.24,0.16,512,522,64,8,18,redGreenCompetition,0.45,0.000000,1,1,1,,0,0,
calibration,13,0.005,0.24,0.16,512,522,64,8,18,redGreenCompetition,0.50,0.000000,1,1,1,,0,0,
calibration,13,0.005,0.24,0.16,512,522,64,8,18,redGreenCompetition,0.55,0.000000,1,1,1,,0,0,
calibration,13,0.005,0.24,0.16,512,522,64,8,18,redGreenCompetition,0.60,0.000000,1,1,1,,0,0,
calibration,13,0.005,0.24,0.16,512,522,64,8,18,redGreenCompetition,0.65,0.000000,1,1,1,,0,0,
calibration,13,0.005,0.24,0.16,512,522,64,8,18,redGreenCompetition,0.70,0.000000,1,1,1,,0,0,
calibration,13,0.005,0.24,0.16,512,522,64,8,18,redGreenCompetition,0.75,0.000000,1,1,1,,0,0,
calibration,13,0.005,0.24,0.16,512,522,64,8,18,redGreenCompetition,0.80,0.000000,1,1,1,,0,0,
calibration,13,0.005,0.24,0.16,512,522,64,8,18,redGreenCompetition,0.85,0.000000,1,1,1,,0,0,
calibration,13,0.005,0.24,0.16,512,522,64,8,18,redGreenCompetition,0.90,0.000000,1,1,1,,0,0,
calibration,13,0.005,0.24,0.16,512,522,64,8,18,redGreenCompetition,0.95,0.000000,1,1,1,,0,0,
calibration,13,0.005,0.24,0.16,512,522,64,8,18,redGreenCompetition,1.00,0.000000,1,1,1,,0,0,
calibration,13,0.005,0.24,0.16,512,522,64,8,18,blueYellowCompetition,0.00,0.000000,1,1,1,,0,0,
calibration,13,0.005,0.24,0.16,512,522,64,8,18,blueYellowCompetition,0.05,0.000000,1,1,1,,0,0,
calibration,13,0.005,0.24,0.16,512,522,64,8,18,blueYellowCompetition,0.10,0.000000,1,1,1,,0,0,
calibration,13,0.005,0.24,0.16,512,522,64,8,18,blueYellowCompetition,0.15,0.000000,1,1,1,,0,0,
calibration,13,0.005,0.24,0.16,512,522,64,8,18,blueYellowCompetition,0.20,0.000000,1,1,1,,0,0,
calibration,13,0.005,0.24,0.16,512,522,64,8,18,blueYellowCompetition,0.25,0.000000,1,1,1,,0,0,
calibration,13,0.005,0.24,0.16,512,522,64,8,18,blueYellowCompetition,0.30,0.000000,1,1,1,,0,0,
calibration,13,0.005,0.24,0.16,512,522,64,8,18,blueYellowCompetition,0.35,0.000000,1,1,1,,0,0,
calibration,13,0.005,0.24,0.16,512,522,64,8,18,blueYellowCompetition,0.40,0.000000,1,1,1,,0,0,
calibration,13,0.005,0.24,0.16,512,522,64,8,18,blueYellowCompetition,0.45,0.000000,1,1,1,,0,0,
calibration,13,0.005,0.24,0.16,512,522,64,8,18,blueYellowCompetition,0.50,0.000000,1,1,1,,0,0,
calibration,13,0.005,0.24,0.16,512,522,64,8,18,blueYellowCompetition,0.55,0.000000,1,1,1,,0,0,
calibration,13,0.005,0.24,0.16,512,522,64,8,18,blueYellowCompetition,0.60,0.000000,1,1,1,,0,0,
calibration,13,0.005,0.24,0.16,512,522,64,8,18,blueYellowCompetition,0.65,0.000000,1,1,1,,0,0,
calibration,13,0.005,0.24,0.16,512,522,64,8,18,blueYellowCompetition,0.70,0.000000,1,1,1,,0,0,
calibration,13,0.005,0.24,0.16,512,522,64,8,18,blueYellowCompetition,0.75,0.000000,1,1,1,,0,0,
calibration,13,0.005,0.24,0.16,512,522,64,8,18,blueYellowCompetition,0.80,0.000000,1,1,1,,0,0,
calibration,13,0.005,0.24,0.16,512,522,64,8,18,blueYellowCompetition,0.85,0.000000,1,1,1,,0,0,
calibration,13,0.005,0.24,0.16,512,522,64,8,18,blueYellowCompetition,0.90,0.000000,1,1,1,,0,0,
calibration,13,0.005,0.24,0.16,512,522,64,8,18,blueYellowCompetition,0.95,0.000000,1,1,1,,0,0,
calibration,13,0.005,0.24,0.16,512,522,64,8,18,blueYellowCompetition,1.00,0.000000,1,1,1,,0,0,
calibration,14,0.005,0.24,0.24,512,522,64,8,18,redGreenCompetition,0.00,0.000000,1,1,1,,0,0,
calibration,14,0.005,0.24,0.24,512,522,64,8,18,redGreenCompetition,0.05,0.000000,1,1,1,,0,0,
calibration,14,0.005,0.24,0.24,512,522,64,8,18,redGreenCompetition,0.10,0.000000,1,1,1,,0,0,
calibration,14,0.005,0.24,0.24,512,522,64,8,18,redGreenCompetition,0.15,0.000000,1,1,1,,0,0,
calibration,14,0.005,0.24,0.24,512,522,64,8,18,redGreenCompetition,0.20,0.000000,1,1,1,,0,0,
calibration,14,0.005,0.24,0.24,512,522,64,8,18,redGreenCompetition,0.25,0.000000,1,1,1,,0,0,
calibration,14,0.005,0.24,0.24,512,522,64,8,18,redGreenCompetition,0.30,0.000000,1,1,1,,0,0,
calibration,14,0.005,0.24,0.24,512,522,64,8,18,redGreenCompetition,0.35,0.000000,1,1,1,,0,0,
calibration,14,0.005,0.24,0.24,512,522,64,8,18,redGreenCompetition,0.40,0.000000,1,1,1,,0,0,
calibration,14,0.005,0.24,0.24,512,522,64,8,18,redGreenCompetition,0.45,0.000000,1,1,1,,0,0,
calibration,14,0.005,0.24,0.24,512,522,64,8,18,redGreenCompetition,0.50,0.000000,1,1,1,,0,0,
calibration,14,0.005,0.24,0.24,512,522,64,8,18,redGreenCompetition,0.55,0.000000,1,1,1,,0,0,
calibration,14,0.005,0.24,0.24,512,522,64,8,18,redGreenCompetition,0.60,0.000000,1,1,1,,0,0,
calibration,14,0.005,0.24,0.24,512,522,64,8,18,redGreenCompetition,0.65,0.000000,1,1,1,,0,0,
calibration,14,0.005,0.24,0.24,512,522,64,8,18,redGreenCompetition,0.70,0.000000,1,1,1,,0,0,
calibration,14,0.005,0.24,0.24,512,522,64,8,18,redGreenCompetition,0.75,0.000000,1,1,1,,0,0,
calibration,14,0.005,0.24,0.24,512,522,64,8,18,redGreenCompetition,0.80,0.000000,1,1,1,,0,0,
calibration,14,0.005,0.24,0.24,512,522,64,8,18,redGreenCompetition,0.85,0.000000,1,1,1,,0,0,
calibration,14,0.005,0.24,0.24,512,522,64,8,18,redGreenCompetition,0.90,0.000000,1,1,1,,0,0,
calibration,14,0.005,0.24,0.24,512,522,64,8,18,redGreenCompetition,0.95,0.000000,1,1,1,,0,0,
calibration,14,0.005,0.24,0.24,512,522,64,8,18,redGreenCompetition,1.00,0.000000,1,1,1,,0,0,
calibration,14,0.005,0.24,0.24,512,522,64,8,18,blueYellowCompetition,0.00,0.000000,1,1,1,,0,0,
calibration,14,0.005,0.24,0.24,512,522,64,8,18,blueYellowCompetition,0.05,0.000000,1,1,1,,0,0,
calibration,14,0.005,0.24,0.24,512,522,64,8,18,blueYellowCompetition,0.10,0.000000,1,1,1,,0,0,
calibration,14,0.005,0.24,0.24,512,522,64,8,18,blueYellowCompetition,0.15,0.000000,1,1,1,,0,0,
calibration,14,0.005,0.24,0.24,512,522,64,8,18,blueYellowCompetition,0.20,0.000000,1,1,1,,0,0,
calibration,14,0.005,0.24,0.24,512,522,64,8,18,blueYellowCompetition,0.25,0.000000,1,1,1,,0,0,
calibration,14,0.005,0.24,0.24,512,522,64,8,18,blueYellowCompetition,0.30,0.000000,1,1,1,,0,0,
calibration,14,0.005,0.24,0.24,512,522,64,8,18,blueYellowCompetition,0.35,0.000000,1,1,1,,0,0,
calibration,14,0.005,0.24,0.24,512,522,64,8,18,blueYellowCompetition,0.40,0.000000,1,1,1,,0,0,
calibration,14,0.005,0.24,0.24,512,522,64,8,18,blueYellowCompetition,0.45,0.000000,1,1,1,,0,0,
calibration,14,0.005,0.24,0.24,512,522,64,8,18,blueYellowCompetition,0.50,0.000000,1,1,1,,0,0,
calibration,14,0.005,0.24,0.24,512,522,64,8,18,blueYellowCompetition,0.55,0.000000,1,1,1,,0,0,
calibration,14,0.005,0.24,0.24,512,522,64,8,18,blueYellowCompetition,0.60,0.000000,1,1,1,,0,0,
calibration,14,0.005,0.24,0.24,512,522,64,8,18,blueYellowCompetition,0.65,0.000000,1,1,1,,0,0,
calibration,14,0.005,0.24,0.24,512,522,64,8,18,blueYellowCompetition,0.70,0.000000,1,1,1,,0,0,
calibration,14,0.005,0.24,0.24,512,522,64,8,18,blueYellowCompetition,0.75,0.000000,1,1,1,,0,0,
calibration,14,0.005,0.24,0.24,512,522,64,8,18,blueYellowCompetition,0.80,0.000000,1,1,1,,0,0,
calibration,14,0.005,0.24,0.24,512,522,64,8,18,blueYellowCompetition,0.85,0.000000,1,1,1,,0,0,
calibration,14,0.005,0.24,0.24,512,522,64,8,18,blueYellowCompetition,0.90,0.000000,1,1,1,,0,0,
calibration,14,0.005,0.24,0.24,512,522,64,8,18,blueYellowCompetition,0.95,0.000000,1,1,1,,0,0,
calibration,14,0.005,0.24,0.24,512,522,64,8,18,blueYellowCompetition,1.00,0.000000,1,1,1,,0,0,
calibration,15,0.005,0.24,0.32,512,522,64,8,18,redGreenCompetition,0.00,0.000000,1,1,1,,0,0,
calibration,15,0.005,0.24,0.32,512,522,64,8,18,redGreenCompetition,0.05,0.000000,1,1,1,,0,0,
calibration,15,0.005,0.24,0.32,512,522,64,8,18,redGreenCompetition,0.10,0.000000,1,1,1,,0,0,
calibration,15,0.005,0.24,0.32,512,522,64,8,18,redGreenCompetition,0.15,0.000000,1,1,1,,0,0,
calibration,15,0.005,0.24,0.32,512,522,64,8,18,redGreenCompetition,0.20,0.000000,1,1,1,,0,0,
calibration,15,0.005,0.24,0.32,512,522,64,8,18,redGreenCompetition,0.25,0.000000,1,1,1,,0,0,
calibration,15,0.005,0.24,0.32,512,522,64,8,18,redGreenCompetition,0.30,0.000000,1,1,1,,0,0,
calibration,15,0.005,0.24,0.32,512,522,64,8,18,redGreenCompetition,0.35,0.000000,1,1,1,,0,0,
calibration,15,0.005,0.24,0.32,512,522,64,8,18,redGreenCompetition,0.40,0.000000,1,1,1,,0,0,
calibration,15,0.005,0.24,0.32,512,522,64,8,18,redGreenCompetition,0.45,0.000000,1,1,1,,0,0,
calibration,15,0.005,0.24,0.32,512,522,64,8,18,redGreenCompetition,0.50,0.000000,1,1,1,,0,0,
calibration,15,0.005,0.24,0.32,512,522,64,8,18,redGreenCompetition,0.55,0.000000,1,1,1,,0,0,
calibration,15,0.005,0.24,0.32,512,522,64,8,18,redGreenCompetition,0.60,0.000000,1,1,1,,0,0,
calibration,15,0.005,0.24,0.32,512,522,64,8,18,redGreenCompetition,0.65,0.000000,1,1,1,,0,0,
calibration,15,0.005,0.24,0.32,512,522,64,8,18,redGreenCompetition,0.70,0.000000,1,1,1,,0,0,
calibration,15,0.005,0.24,0.32,512,522,64,8,18,redGreenCompetition,0.75,0.000000,1,1,1,,0,0,
calibration,15,0.005,0.24,0.32,512,522,64,8,18,redGreenCompetition,0.80,0.000000,1,1,1,,0,0,
calibration,15,0.005,0.24,0.32,512,522,64,8,18,redGreenCompetition,0.85,0.000000,1,1,1,,0,0,
calibration,15,0.005,0.24,0.32,512,522,64,8,18,redGreenCompetition,0.90,0.000000,1,1,1,,0,0,
calibration,15,0.005,0.24,0.32,512,522,64,8,18,redGreenCompetition,0.95,0.000000,1,1,1,,0,0,
calibration,15,0.005,0.24,0.32,512,522,64,8,18,redGreenCompetition,1.00,0.000000,1,1,1,,0,0,
calibration,15,0.005,0.24,0.32,512,522,64,8,18,blueYellowCompetition,0.00,0.000000,1,1,1,,0,0,
calibration,15,0.005,0.24,0.32,512,522,64,8,18,blueYellowCompetition,0.05,0.000000,1,1,1,,0,0,
calibration,15,0.005,0.24,0.32,512,522,64,8,18,blueYellowCompetition,0.10,0.000000,1,1,1,,0,0,
calibration,15,0.005,0.24,0.32,512,522,64,8,18,blueYellowCompetition,0.15,0.000000,1,1,1,,0,0,
calibration,15,0.005,0.24,0.32,512,522,64,8,18,blueYellowCompetition,0.20,0.000000,1,1,1,,0,0,
calibration,15,0.005,0.24,0.32,512,522,64,8,18,blueYellowCompetition,0.25,0.000000,1,1,1,,0,0,
calibration,15,0.005,0.24,0.32,512,522,64,8,18,blueYellowCompetition,0.30,0.000000,1,1,1,,0,0,
calibration,15,0.005,0.24,0.32,512,522,64,8,18,blueYellowCompetition,0.35,0.000000,1,1,1,,0,0,
calibration,15,0.005,0.24,0.32,512,522,64,8,18,blueYellowCompetition,0.40,0.000000,1,1,1,,0,0,
calibration,15,0.005,0.24,0.32,512,522,64,8,18,blueYellowCompetition,0.45,0.000000,1,1,1,,0,0,
calibration,15,0.005,0.24,0.32,512,522,64,8,18,blueYellowCompetition,0.50,0.000000,1,1,1,,0,0,
calibration,15,0.005,0.24,0.32,512,522,64,8,18,blueYellowCompetition,0.55,0.000000,1,1,1,,0,0,
calibration,15,0.005,0.24,0.32,512,522,64,8,18,blueYellowCompetition,0.60,0.000000,1,1,1,,0,0,
calibration,15,0.005,0.24,0.32,512,522,64,8,18,blueYellowCompetition,0.65,0.000000,1,1,1,,0,0,
calibration,15,0.005,0.24,0.32,512,522,64,8,18,blueYellowCompetition,0.70,0.000000,1,1,1,,0,0,
calibration,15,0.005,0.24,0.32,512,522,64,8,18,blueYellowCompetition,0.75,0.000000,1,1,1,,0,0,
calibration,15,0.005,0.24,0.32,512,522,64,8,18,blueYellowCompetition,0.80,0.000000,1,1,1,,0,0,
calibration,15,0.005,0.24,0.32,512,522,64,8,18,blueYellowCompetition,0.85,0.000000,1,1,1,,0,0,
calibration,15,0.005,0.24,0.32,512,522,64,8,18,blueYellowCompetition,0.90,0.000000,1,1,1,,0,0,
calibration,15,0.005,0.24,0.32,512,522,64,8,18,blueYellowCompetition,0.95,0.000000,1,1,1,,0,0,
calibration,15,0.005,0.24,0.32,512,522,64,8,18,blueYellowCompetition,1.00,0.000000,1,1,1,,0,0,
calibration,16,0.01,0.08,0.08,512,522,64,8,18,redGreenCompetition,0.00,0.000000,1,1,1,,0,0,
calibration,16,0.01,0.08,0.08,512,522,64,8,18,redGreenCompetition,0.05,0.000000,1,1,1,,0,0,
calibration,16,0.01,0.08,0.08,512,522,64,8,18,redGreenCompetition,0.10,0.000000,1,1,1,,0,0,
calibration,16,0.01,0.08,0.08,512,522,64,8,18,redGreenCompetition,0.15,0.000000,1,1,1,,0,0,
calibration,16,0.01,0.08,0.08,512,522,64,8,18,redGreenCompetition,0.20,0.000000,1,1,1,,0,0,
calibration,16,0.01,0.08,0.08,512,522,64,8,18,redGreenCompetition,0.25,0.000000,1,1,1,,0,0,
calibration,16,0.01,0.08,0.08,512,522,64,8,18,redGreenCompetition,0.30,0.000000,1,1,1,,0,0,
calibration,16,0.01,0.08,0.08,512,522,64,8,18,redGreenCompetition,0.35,0.000000,1,1,1,,0,0,
calibration,16,0.01,0.08,0.08,512,522,64,8,18,redGreenCompetition,0.40,0.000000,1,1,1,,0,0,
calibration,16,0.01,0.08,0.08,512,522,64,8,18,redGreenCompetition,0.45,0.000000,1,1,1,,0,0,
calibration,16,0.01,0.08,0.08,512,522,64,8,18,redGreenCompetition,0.50,0.000000,1,1,1,,0,0,
calibration,16,0.01,0.08,0.08,512,522,64,8,18,redGreenCompetition,0.55,0.000000,1,1,1,,0,0,
calibration,16,0.01,0.08,0.08,512,522,64,8,18,redGreenCompetition,0.60,0.000000,1,1,1,,0,0,
calibration,16,0.01,0.08,0.08,512,522,64,8,18,redGreenCompetition,0.65,0.000000,1,1,1,,0,0,
calibration,16,0.01,0.08,0.08,512,522,64,8,18,redGreenCompetition,0.70,0.000000,1,1,1,,0,0,
calibration,16,0.01,0.08,0.08,512,522,64,8,18,redGreenCompetition,0.75,0.000000,1,1,1,,0,0,
calibration,16,0.01,0.08,0.08,512,522,64,8,18,redGreenCompetition,0.80,0.000000,1,1,1,,0,0,
calibration,16,0.01,0.08,0.08,512,522,64,8,18,redGreenCompetition,0.85,0.000000,1,1,1,,0,0,
calibration,16,0.01,0.08,0.08,512,522,64,8,18,redGreenCompetition,0.90,0.000000,1,1,1,,0,0,
calibration,16,0.01,0.08,0.08,512,522,64,8,18,redGreenCompetition,0.95,0.000000,1,1,1,,0,0,
calibration,16,0.01,0.08,0.08,512,522,64,8,18,redGreenCompetition,1.00,0.000000,1,1,1,,0,0,
calibration,16,0.01,0.08,0.08,512,522,64,8,18,blueYellowCompetition,0.00,0.000000,1,1,1,,0,0,
calibration,16,0.01,0.08,0.08,512,522,64,8,18,blueYellowCompetition,0.05,0.000000,1,1,1,,0,0,
calibration,16,0.01,0.08,0.08,512,522,64,8,18,blueYellowCompetition,0.10,0.000000,1,1,1,,0,0,
calibration,16,0.01,0.08,0.08,512,522,64,8,18,blueYellowCompetition,0.15,0.000000,1,1,1,,0,0,
calibration,16,0.01,0.08,0.08,512,522,64,8,18,blueYellowCompetition,0.20,0.000000,1,1,1,,0,0,
calibration,16,0.01,0.08,0.08,512,522,64,8,18,blueYellowCompetition,0.25,0.000000,1,1,1,,0,0,
calibration,16,0.01,0.08,0.08,512,522,64,8,18,blueYellowCompetition,0.30,0.000000,1,1,1,,0,0,
calibration,16,0.01,0.08,0.08,512,522,64,8,18,blueYellowCompetition,0.35,0.000000,1,1,1,,0,0,
calibration,16,0.01,0.08,0.08,512,522,64,8,18,blueYellowCompetition,0.40,0.000000,1,1,1,,0,0,
calibration,16,0.01,0.08,0.08,512,522,64,8,18,blueYellowCompetition,0.45,0.000000,1,1,1,,0,0,
calibration,16,0.01,0.08,0.08,512,522,64,8,18,blueYellowCompetition,0.50,0.000000,1,1,1,,0,0,
calibration,16,0.01,0.08,0.08,512,522,64,8,18,blueYellowCompetition,0.55,0.000000,1,1,1,,0,0,
calibration,16,0.01,0.08,0.08,512,522,64,8,18,blueYellowCompetition,0.60,0.000000,1,1,1,,0,0,
calibration,16,0.01,0.08,0.08,512,522,64,8,18,blueYellowCompetition,0.65,0.000000,1,1,1,,0,0,
calibration,16,0.01,0.08,0.08,512,522,64,8,18,blueYellowCompetition,0.70,0.000000,1,1,1,,0,0,
calibration,16,0.01,0.08,0.08,512,522,64,8,18,blueYellowCompetition,0.75,0.000000,1,1,1,,0,0,
calibration,16,0.01,0.08,0.08,512,522,64,8,18,blueYellowCompetition,0.80,0.000000,1,1,1,,0,0,
calibration,16,0.01,0.08,0.08,512,522,64,8,18,blueYellowCompetition,0.85,0.000000,1,1,1,,0,0,
calibration,16,0.01,0.08,0.08,512,522,64,8,18,blueYellowCompetition,0.90,0.000000,1,1,1,,0,0,
calibration,16,0.01,0.08,0.08,512,522,64,8,18,blueYellowCompetition,0.95,0.000000,1,1,1,,0,0,
calibration,16,0.01,0.08,0.08,512,522,64,8,18,blueYellowCompetition,1.00,0.000000,1,1,1,,0,0,
calibration,17,0.01,0.08,0.16,512,522,64,8,18,redGreenCompetition,0.00,0.000000,1,1,1,,0,0,
calibration,17,0.01,0.08,0.16,512,522,64,8,18,redGreenCompetition,0.05,0.000000,1,1,1,,0,0,
calibration,17,0.01,0.08,0.16,512,522,64,8,18,redGreenCompetition,0.10,0.000000,1,1,1,,0,0,
calibration,17,0.01,0.08,0.16,512,522,64,8,18,redGreenCompetition,0.15,0.000000,1,1,1,,0,0,
calibration,17,0.01,0.08,0.16,512,522,64,8,18,redGreenCompetition,0.20,0.000000,1,1,1,,0,0,
calibration,17,0.01,0.08,0.16,512,522,64,8,18,redGreenCompetition,0.25,0.000000,1,1,1,,0,0,
calibration,17,0.01,0.08,0.16,512,522,64,8,18,redGreenCompetition,0.30,0.000000,1,1,1,,0,0,
calibration,17,0.01,0.08,0.16,512,522,64,8,18,redGreenCompetition,0.35,0.000000,1,1,1,,0,0,
calibration,17,0.01,0.08,0.16,512,522,64,8,18,redGreenCompetition,0.40,0.000000,1,1,1,,0,0,
calibration,17,0.01,0.08,0.16,512,522,64,8,18,redGreenCompetition,0.45,0.000000,1,1,1,,0,0,
calibration,17,0.01,0.08,0.16,512,522,64,8,18,redGreenCompetition,0.50,0.000000,1,1,1,,0,0,
calibration,17,0.01,0.08,0.16,512,522,64,8,18,redGreenCompetition,0.55,0.000000,1,1,1,,0,0,
calibration,17,0.01,0.08,0.16,512,522,64,8,18,redGreenCompetition,0.60,0.000000,1,1,1,,0,0,
calibration,17,0.01,0.08,0.16,512,522,64,8,18,redGreenCompetition,0.65,0.000000,1,1,1,,0,0,
calibration,17,0.01,0.08,0.16,512,522,64,8,18,redGreenCompetition,0.70,0.000000,1,1,1,,0,0,
calibration,17,0.01,0.08,0.16,512,522,64,8,18,redGreenCompetition,0.75,0.000000,1,1,1,,0,0,
calibration,17,0.01,0.08,0.16,512,522,64,8,18,redGreenCompetition,0.80,0.000000,1,1,1,,0,0,
calibration,17,0.01,0.08,0.16,512,522,64,8,18,redGreenCompetition,0.85,0.000000,1,1,1,,0,0,
calibration,17,0.01,0.08,0.16,512,522,64,8,18,redGreenCompetition,0.90,0.000000,1,1,1,,0,0,
calibration,17,0.01,0.08,0.16,512,522,64,8,18,redGreenCompetition,0.95,0.000000,1,1,1,,0,0,
calibration,17,0.01,0.08,0.16,512,522,64,8,18,redGreenCompetition,1.00,0.000000,1,1,1,,0,0,
calibration,17,0.01,0.08,0.16,512,522,64,8,18,blueYellowCompetition,0.00,0.000000,1,1,1,,0,0,
calibration,17,0.01,0.08,0.16,512,522,64,8,18,blueYellowCompetition,0.05,0.000000,1,1,1,,0,0,
calibration,17,0.01,0.08,0.16,512,522,64,8,18,blueYellowCompetition,0.10,0.000000,1,1,1,,0,0,
calibration,17,0.01,0.08,0.16,512,522,64,8,18,blueYellowCompetition,0.15,0.000000,1,1,1,,0,0,
calibration,17,0.01,0.08,0.16,512,522,64,8,18,blueYellowCompetition,0.20,0.000000,1,1,1,,0,0,
calibration,17,0.01,0.08,0.16,512,522,64,8,18,blueYellowCompetition,0.25,0.000000,1,1,1,,0,0,
calibration,17,0.01,0.08,0.16,512,522,64,8,18,blueYellowCompetition,0.30,0.000000,1,1,1,,0,0,
calibration,17,0.01,0.08,0.16,512,522,64,8,18,blueYellowCompetition,0.35,0.000000,1,1,1,,0,0,
calibration,17,0.01,0.08,0.16,512,522,64,8,18,blueYellowCompetition,0.40,0.000000,1,1,1,,0,0,
calibration,17,0.01,0.08,0.16,512,522,64,8,18,blueYellowCompetition,0.45,0.000000,1,1,1,,0,0,
calibration,17,0.01,0.08,0.16,512,522,64,8,18,blueYellowCompetition,0.50,0.000000,1,1,1,,0,0,
calibration,17,0.01,0.08,0.16,512,522,64,8,18,blueYellowCompetition,0.55,0.000000,1,1,1,,0,0,
calibration,17,0.01,0.08,0.16,512,522,64,8,18,blueYellowCompetition,0.60,0.000000,1,1,1,,0,0,
calibration,17,0.01,0.08,0.16,512,522,64,8,18,blueYellowCompetition,0.65,0.000000,1,1,1,,0,0,
calibration,17,0.01,0.08,0.16,512,522,64,8,18,blueYellowCompetition,0.70,0.000000,1,1,1,,0,0,
calibration,17,0.01,0.08,0.16,512,522,64,8,18,blueYellowCompetition,0.75,0.000000,1,1,1,,0,0,
calibration,17,0.01,0.08,0.16,512,522,64,8,18,blueYellowCompetition,0.80,0.000000,1,1,1,,0,0,
calibration,17,0.01,0.08,0.16,512,522,64,8,18,blueYellowCompetition,0.85,0.000000,1,1,1,,0,0,
calibration,17,0.01,0.08,0.16,512,522,64,8,18,blueYellowCompetition,0.90,0.000000,1,1,1,,0,0,
calibration,17,0.01,0.08,0.16,512,522,64,8,18,blueYellowCompetition,0.95,0.000000,1,1,1,,0,0,
calibration,17,0.01,0.08,0.16,512,522,64,8,18,blueYellowCompetition,1.00,0.000000,1,1,1,,0,0,
calibration,18,0.01,0.08,0.24,512,522,64,8,18,redGreenCompetition,0.00,0.000000,1,1,1,,0,0,
calibration,18,0.01,0.08,0.24,512,522,64,8,18,redGreenCompetition,0.05,0.000000,1,1,1,,0,0,
calibration,18,0.01,0.08,0.24,512,522,64,8,18,redGreenCompetition,0.10,0.000000,1,1,1,,0,0,
calibration,18,0.01,0.08,0.24,512,522,64,8,18,redGreenCompetition,0.15,0.000000,1,1,1,,0,0,
calibration,18,0.01,0.08,0.24,512,522,64,8,18,redGreenCompetition,0.20,0.000000,1,1,1,,0,0,
calibration,18,0.01,0.08,0.24,512,522,64,8,18,redGreenCompetition,0.25,0.000000,1,1,1,,0,0,
calibration,18,0.01,0.08,0.24,512,522,64,8,18,redGreenCompetition,0.30,0.000000,1,1,1,,0,0,
calibration,18,0.01,0.08,0.24,512,522,64,8,18,redGreenCompetition,0.35,0.000000,1,1,1,,0,0,
calibration,18,0.01,0.08,0.24,512,522,64,8,18,redGreenCompetition,0.40,0.000000,1,1,1,,0,0,
calibration,18,0.01,0.08,0.24,512,522,64,8,18,redGreenCompetition,0.45,0.000000,1,1,1,,0,0,
calibration,18,0.01,0.08,0.24,512,522,64,8,18,redGreenCompetition,0.50,0.000000,1,1,1,,0,0,
calibration,18,0.01,0.08,0.24,512,522,64,8,18,redGreenCompetition,0.55,0.000000,1,1,1,,0,0,
calibration,18,0.01,0.08,0.24,512,522,64,8,18,redGreenCompetition,0.60,0.000000,1,1,1,,0,0,
calibration,18,0.01,0.08,0.24,512,522,64,8,18,redGreenCompetition,0.65,0.000000,1,1,1,,0,0,
calibration,18,0.01,0.08,0.24,512,522,64,8,18,redGreenCompetition,0.70,0.000000,1,1,1,,0,0,
calibration,18,0.01,0.08,0.24,512,522,64,8,18,redGreenCompetition,0.75,0.000000,1,1,1,,0,0,
calibration,18,0.01,0.08,0.24,512,522,64,8,18,redGreenCompetition,0.80,0.000000,1,1,1,,0,0,
calibration,18,0.01,0.08,0.24,512,522,64,8,18,redGreenCompetition,0.85,0.000000,1,1,1,,0,0,
calibration,18,0.01,0.08,0.24,512,522,64,8,18,redGreenCompetition,0.90,0.000000,1,1,1,,0,0,
calibration,18,0.01,0.08,0.24,512,522,64,8,18,redGreenCompetition,0.95,0.000000,1,1,1,,0,0,
calibration,18,0.01,0.08,0.24,512,522,64,8,18,redGreenCompetition,1.00,0.000000,1,1,1,,0,0,
calibration,18,0.01,0.08,0.24,512,522,64,8,18,blueYellowCompetition,0.00,0.000000,1,1,1,,0,0,
calibration,18,0.01,0.08,0.24,512,522,64,8,18,blueYellowCompetition,0.05,0.000000,1,1,1,,0,0,
calibration,18,0.01,0.08,0.24,512,522,64,8,18,blueYellowCompetition,0.10,0.000000,1,1,1,,0,0,
calibration,18,0.01,0.08,0.24,512,522,64,8,18,blueYellowCompetition,0.15,0.000000,1,1,1,,0,0,
calibration,18,0.01,0.08,0.24,512,522,64,8,18,blueYellowCompetition,0.20,0.000000,1,1,1,,0,0,
calibration,18,0.01,0.08,0.24,512,522,64,8,18,blueYellowCompetition,0.25,0.000000,1,1,1,,0,0,
calibration,18,0.01,0.08,0.24,512,522,64,8,18,blueYellowCompetition,0.30,0.000000,1,1,1,,0,0,
calibration,18,0.01,0.08,0.24,512,522,64,8,18,blueYellowCompetition,0.35,0.000000,1,1,1,,0,0,
calibration,18,0.01,0.08,0.24,512,522,64,8,18,blueYellowCompetition,0.40,0.000000,1,1,1,,0,0,
calibration,18,0.01,0.08,0.24,512,522,64,8,18,blueYellowCompetition,0.45,0.000000,1,1,1,,0,0,
calibration,18,0.01,0.08,0.24,512,522,64,8,18,blueYellowCompetition,0.50,0.000000,1,1,1,,0,0,
calibration,18,0.01,0.08,0.24,512,522,64,8,18,blueYellowCompetition,0.55,0.000000,1,1,1,,0,0,
calibration,18,0.01,0.08,0.24,512,522,64,8,18,blueYellowCompetition,0.60,0.000000,1,1,1,,0,0,
calibration,18,0.01,0.08,0.24,512,522,64,8,18,blueYellowCompetition,0.65,0.000000,1,1,1,,0,0,
calibration,18,0.01,0.08,0.24,512,522,64,8,18,blueYellowCompetition,0.70,0.000000,1,1,1,,0,0,
calibration,18,0.01,0.08,0.24,512,522,64,8,18,blueYellowCompetition,0.75,0.000000,1,1,1,,0,0,
calibration,18,0.01,0.08,0.24,512,522,64,8,18,blueYellowCompetition,0.80,0.000000,1,1,1,,0,0,
calibration,18,0.01,0.08,0.24,512,522,64,8,18,blueYellowCompetition,0.85,0.000000,1,1,1,,0,0,
calibration,18,0.01,0.08,0.24,512,522,64,8,18,blueYellowCompetition,0.90,0.000000,1,1,1,,0,0,
calibration,18,0.01,0.08,0.24,512,522,64,8,18,blueYellowCompetition,0.95,0.000000,1,1,1,,0,0,
calibration,18,0.01,0.08,0.24,512,522,64,8,18,blueYellowCompetition,1.00,0.000000,1,1,1,,0,0,
calibration,19,0.01,0.08,0.32,512,522,64,8,18,redGreenCompetition,0.00,0.000000,1,1,1,,0,0,
calibration,19,0.01,0.08,0.32,512,522,64,8,18,redGreenCompetition,0.05,0.000000,1,1,1,,0,0,
calibration,19,0.01,0.08,0.32,512,522,64,8,18,redGreenCompetition,0.10,0.000000,1,1,1,,0,0,
calibration,19,0.01,0.08,0.32,512,522,64,8,18,redGreenCompetition,0.15,0.000000,1,1,1,,0,0,
calibration,19,0.01,0.08,0.32,512,522,64,8,18,redGreenCompetition,0.20,0.000000,1,1,1,,0,0,
calibration,19,0.01,0.08,0.32,512,522,64,8,18,redGreenCompetition,0.25,0.000000,1,1,1,,0,0,
calibration,19,0.01,0.08,0.32,512,522,64,8,18,redGreenCompetition,0.30,0.000000,1,1,1,,0,0,
calibration,19,0.01,0.08,0.32,512,522,64,8,18,redGreenCompetition,0.35,0.000000,1,1,1,,0,0,
calibration,19,0.01,0.08,0.32,512,522,64,8,18,redGreenCompetition,0.40,0.000000,1,1,1,,0,0,
calibration,19,0.01,0.08,0.32,512,522,64,8,18,redGreenCompetition,0.45,0.000000,1,1,1,,0,0,
calibration,19,0.01,0.08,0.32,512,522,64,8,18,redGreenCompetition,0.50,0.000000,1,1,1,,0,0,
calibration,19,0.01,0.08,0.32,512,522,64,8,18,redGreenCompetition,0.55,0.000000,1,1,1,,0,0,
calibration,19,0.01,0.08,0.32,512,522,64,8,18,redGreenCompetition,0.60,0.000000,1,1,1,,0,0,
calibration,19,0.01,0.08,0.32,512,522,64,8,18,redGreenCompetition,0.65,0.000000,1,1,1,,0,0,
calibration,19,0.01,0.08,0.32,512,522,64,8,18,redGreenCompetition,0.70,0.000000,1,1,1,,0,0,
calibration,19,0.01,0.08,0.32,512,522,64,8,18,redGreenCompetition,0.75,0.000000,1,1,1,,0,0,
calibration,19,0.01,0.08,0.32,512,522,64,8,18,redGreenCompetition,0.80,0.000000,1,1,1,,0,0,
calibration,19,0.01,0.08,0.32,512,522,64,8,18,redGreenCompetition,0.85,0.000000,1,1,1,,0,0,
calibration,19,0.01,0.08,0.32,512,522,64,8,18,redGreenCompetition,0.90,0.000000,1,1,1,,0,0,
calibration,19,0.01,0.08,0.32,512,522,64,8,18,redGreenCompetition,0.95,0.000000,1,1,1,,0,0,
calibration,19,0.01,0.08,0.32,512,522,64,8,18,redGreenCompetition,1.00,0.000000,1,1,1,,0,0,
calibration,19,0.01,0.08,0.32,512,522,64,8,18,blueYellowCompetition,0.00,0.000000,1,1,1,,0,0,
calibration,19,0.01,0.08,0.32,512,522,64,8,18,blueYellowCompetition,0.05,0.000000,1,1,1,,0,0,
calibration,19,0.01,0.08,0.32,512,522,64,8,18,blueYellowCompetition,0.10,0.000000,1,1,1,,0,0,
calibration,19,0.01,0.08,0.32,512,522,64,8,18,blueYellowCompetition,0.15,0.000000,1,1,1,,0,0,
calibration,19,0.01,0.08,0.32,512,522,64,8,18,blueYellowCompetition,0.20,0.000000,1,1,1,,0,0,
calibration,19,0.01,0.08,0.32,512,522,64,8,18,blueYellowCompetition,0.25,0.000000,1,1,1,,0,0,
calibration,19,0.01,0.08,0.32,512,522,64,8,18,blueYellowCompetition,0.30,0.000000,1,1,1,,0,0,
calibration,19,0.01,0.08,0.32,512,522,64,8,18,blueYellowCompetition,0.35,0.000000,1,1,1,,0,0,
calibration,19,0.01,0.08,0.32,512,522,64,8,18,blueYellowCompetition,0.40,0.000000,1,1,1,,0,0,
calibration,19,0.01,0.08,0.32,512,522,64,8,18,blueYellowCompetition,0.45,0.000000,1,1,1,,0,0,
calibration,19,0.01,0.08,0.32,512,522,64,8,18,blueYellowCompetition,0.50,0.000000,1,1,1,,0,0,
calibration,19,0.01,0.08,0.32,512,522,64,8,18,blueYellowCompetition,0.55,0.000000,1,1,1,,0,0,
calibration,19,0.01,0.08,0.32,512,522,64,8,18,blueYellowCompetition,0.60,0.000000,1,1,1,,0,0,
calibration,19,0.01,0.08,0.32,512,522,64,8,18,blueYellowCompetition,0.65,0.000000,1,1,1,,0,0,
calibration,19,0.01,0.08,0.32,512,522,64,8,18,blueYellowCompetition,0.70,0.000000,1,1,1,,0,0,
calibration,19,0.01,0.08,0.32,512,522,64,8,18,blueYellowCompetition,0.75,0.000000,1,1,1,,0,0,
calibration,19,0.01,0.08,0.32,512,522,64,8,18,blueYellowCompetition,0.80,0.000000,1,1,1,,0,0,
calibration,19,0.01,0.08,0.32,512,522,64,8,18,blueYellowCompetition,0.85,0.000000,1,1,1,,0,0,
calibration,19,0.01,0.08,0.32,512,522,64,8,18,blueYellowCompetition,0.90,0.000000,1,1,1,,0,0,
calibration,19,0.01,0.08,0.32,512,522,64,8,18,blueYellowCompetition,0.95,0.000000,1,1,1,,0,0,
calibration,19,0.01,0.08,0.32,512,522,64,8,18,blueYellowCompetition,1.00,0.000000,1,1,1,,0,0,
calibration,20,0.01,0.12,0.08,512,522,64,8,18,redGreenCompetition,0.00,0.000000,1,1,1,,0,0,
calibration,20,0.01,0.12,0.08,512,522,64,8,18,redGreenCompetition,0.05,0.000000,1,1,1,,0,0,
calibration,20,0.01,0.12,0.08,512,522,64,8,18,redGreenCompetition,0.10,0.000000,1,1,1,,0,0,
calibration,20,0.01,0.12,0.08,512,522,64,8,18,redGreenCompetition,0.15,0.000000,1,1,1,,0,0,
calibration,20,0.01,0.12,0.08,512,522,64,8,18,redGreenCompetition,0.20,0.000000,1,1,1,,0,0,
calibration,20,0.01,0.12,0.08,512,522,64,8,18,redGreenCompetition,0.25,0.000000,1,1,1,,0,0,
calibration,20,0.01,0.12,0.08,512,522,64,8,18,redGreenCompetition,0.30,0.000000,1,1,1,,0,0,
calibration,20,0.01,0.12,0.08,512,522,64,8,18,redGreenCompetition,0.35,0.000000,1,1,1,,0,0,
calibration,20,0.01,0.12,0.08,512,522,64,8,18,redGreenCompetition,0.40,0.000000,1,1,1,,0,0,
calibration,20,0.01,0.12,0.08,512,522,64,8,18,redGreenCompetition,0.45,0.000000,1,1,1,,0,0,
calibration,20,0.01,0.12,0.08,512,522,64,8,18,redGreenCompetition,0.50,0.000000,1,1,1,,0,0,
calibration,20,0.01,0.12,0.08,512,522,64,8,18,redGreenCompetition,0.55,0.000000,1,1,1,,0,0,
calibration,20,0.01,0.12,0.08,512,522,64,8,18,redGreenCompetition,0.60,0.000000,1,1,1,,0,0,
calibration,20,0.01,0.12,0.08,512,522,64,8,18,redGreenCompetition,0.65,0.000000,1,1,1,,0,0,
calibration,20,0.01,0.12,0.08,512,522,64,8,18,redGreenCompetition,0.70,0.000000,1,1,1,,0,0,
calibration,20,0.01,0.12,0.08,512,522,64,8,18,redGreenCompetition,0.75,0.000000,1,1,1,,0,0,
calibration,20,0.01,0.12,0.08,512,522,64,8,18,redGreenCompetition,0.80,0.000000,1,1,1,,0,0,
calibration,20,0.01,0.12,0.08,512,522,64,8,18,redGreenCompetition,0.85,0.000000,1,1,1,,0,0,
calibration,20,0.01,0.12,0.08,512,522,64,8,18,redGreenCompetition,0.90,0.000000,1,1,1,,0,0,
calibration,20,0.01,0.12,0.08,512,522,64,8,18,redGreenCompetition,0.95,0.000000,1,1,1,,0,0,
calibration,20,0.01,0.12,0.08,512,522,64,8,18,redGreenCompetition,1.00,0.000000,1,1,1,,0,0,
calibration,20,0.01,0.12,0.08,512,522,64,8,18,blueYellowCompetition,0.00,0.000000,1,1,1,,0,0,
calibration,20,0.01,0.12,0.08,512,522,64,8,18,blueYellowCompetition,0.05,0.000000,1,1,1,,0,0,
calibration,20,0.01,0.12,0.08,512,522,64,8,18,blueYellowCompetition,0.10,0.000000,1,1,1,,0,0,
calibration,20,0.01,0.12,0.08,512,522,64,8,18,blueYellowCompetition,0.15,0.000000,1,1,1,,0,0,
calibration,20,0.01,0.12,0.08,512,522,64,8,18,blueYellowCompetition,0.20,0.000000,1,1,1,,0,0,
calibration,20,0.01,0.12,0.08,512,522,64,8,18,blueYellowCompetition,0.25,0.000000,1,1,1,,0,0,
calibration,20,0.01,0.12,0.08,512,522,64,8,18,blueYellowCompetition,0.30,0.000000,1,1,1,,0,0,
calibration,20,0.01,0.12,0.08,512,522,64,8,18,blueYellowCompetition,0.35,0.000000,1,1,1,,0,0,
calibration,20,0.01,0.12,0.08,512,522,64,8,18,blueYellowCompetition,0.40,0.000000,1,1,1,,0,0,
calibration,20,0.01,0.12,0.08,512,522,64,8,18,blueYellowCompetition,0.45,0.000000,1,1,1,,0,0,
calibration,20,0.01,0.12,0.08,512,522,64,8,18,blueYellowCompetition,0.50,0.000000,1,1,1,,0,0,
calibration,20,0.01,0.12,0.08,512,522,64,8,18,blueYellowCompetition,0.55,0.000000,1,1,1,,0,0,
calibration,20,0.01,0.12,0.08,512,522,64,8,18,blueYellowCompetition,0.60,0.000000,1,1,1,,0,0,
calibration,20,0.01,0.12,0.08,512,522,64,8,18,blueYellowCompetition,0.65,0.000000,1,1,1,,0,0,
calibration,20,0.01,0.12,0.08,512,522,64,8,18,blueYellowCompetition,0.70,0.000000,1,1,1,,0,0,
calibration,20,0.01,0.12,0.08,512,522,64,8,18,blueYellowCompetition,0.75,0.000000,1,1,1,,0,0,
calibration,20,0.01,0.12,0.08,512,522,64,8,18,blueYellowCompetition,0.80,0.000000,1,1,1,,0,0,
calibration,20,0.01,0.12,0.08,512,522,64,8,18,blueYellowCompetition,0.85,0.000000,1,1,1,,0,0,
calibration,20,0.01,0.12,0.08,512,522,64,8,18,blueYellowCompetition,0.90,0.000000,1,1,1,,0,0,
calibration,20,0.01,0.12,0.08,512,522,64,8,18,blueYellowCompetition,0.95,0.000000,1,1,1,,0,0,
calibration,20,0.01,0.12,0.08,512,522,64,8,18,blueYellowCompetition,1.00,0.000000,1,1,1,,0,0,
calibration,21,0.01,0.12,0.16,512,522,64,8,18,redGreenCompetition,0.00,0.000000,1,1,1,,0,0,
calibration,21,0.01,0.12,0.16,512,522,64,8,18,redGreenCompetition,0.05,0.000000,1,1,1,,0,0,
calibration,21,0.01,0.12,0.16,512,522,64,8,18,redGreenCompetition,0.10,0.000000,1,1,1,,0,0,
calibration,21,0.01,0.12,0.16,512,522,64,8,18,redGreenCompetition,0.15,0.000000,1,1,1,,0,0,
calibration,21,0.01,0.12,0.16,512,522,64,8,18,redGreenCompetition,0.20,0.000000,1,1,1,,0,0,
calibration,21,0.01,0.12,0.16,512,522,64,8,18,redGreenCompetition,0.25,0.000000,1,1,1,,0,0,
calibration,21,0.01,0.12,0.16,512,522,64,8,18,redGreenCompetition,0.30,0.000000,1,1,1,,0,0,
calibration,21,0.01,0.12,0.16,512,522,64,8,18,redGreenCompetition,0.35,0.000000,1,1,1,,0,0,
calibration,21,0.01,0.12,0.16,512,522,64,8,18,redGreenCompetition,0.40,0.000000,1,1,1,,0,0,
calibration,21,0.01,0.12,0.16,512,522,64,8,18,redGreenCompetition,0.45,0.000000,1,1,1,,0,0,
calibration,21,0.01,0.12,0.16,512,522,64,8,18,redGreenCompetition,0.50,0.000000,1,1,1,,0,0,
calibration,21,0.01,0.12,0.16,512,522,64,8,18,redGreenCompetition,0.55,0.000000,1,1,1,,0,0,
calibration,21,0.01,0.12,0.16,512,522,64,8,18,redGreenCompetition,0.60,0.000000,1,1,1,,0,0,
calibration,21,0.01,0.12,0.16,512,522,64,8,18,redGreenCompetition,0.65,0.000000,1,1,1,,0,0,
calibration,21,0.01,0.12,0.16,512,522,64,8,18,redGreenCompetition,0.70,0.000000,1,1,1,,0,0,
calibration,21,0.01,0.12,0.16,512,522,64,8,18,redGreenCompetition,0.75,0.000000,1,1,1,,0,0,
calibration,21,0.01,0.12,0.16,512,522,64,8,18,redGreenCompetition,0.80,0.000000,1,1,1,,0,0,
calibration,21,0.01,0.12,0.16,512,522,64,8,18,redGreenCompetition,0.85,0.000000,1,1,1,,0,0,
calibration,21,0.01,0.12,0.16,512,522,64,8,18,redGreenCompetition,0.90,0.000000,1,1,1,,0,0,
calibration,21,0.01,0.12,0.16,512,522,64,8,18,redGreenCompetition,0.95,0.000000,1,1,1,,0,0,
calibration,21,0.01,0.12,0.16,512,522,64,8,18,redGreenCompetition,1.00,0.000000,1,1,1,,0,0,
calibration,21,0.01,0.12,0.16,512,522,64,8,18,blueYellowCompetition,0.00,0.000000,1,1,1,,0,0,
calibration,21,0.01,0.12,0.16,512,522,64,8,18,blueYellowCompetition,0.05,0.000000,1,1,1,,0,0,
calibration,21,0.01,0.12,0.16,512,522,64,8,18,blueYellowCompetition,0.10,0.000000,1,1,1,,0,0,
calibration,21,0.01,0.12,0.16,512,522,64,8,18,blueYellowCompetition,0.15,0.000000,1,1,1,,0,0,
calibration,21,0.01,0.12,0.16,512,522,64,8,18,blueYellowCompetition,0.20,0.000000,1,1,1,,0,0,
calibration,21,0.01,0.12,0.16,512,522,64,8,18,blueYellowCompetition,0.25,0.000000,1,1,1,,0,0,
calibration,21,0.01,0.12,0.16,512,522,64,8,18,blueYellowCompetition,0.30,0.000000,1,1,1,,0,0,
calibration,21,0.01,0.12,0.16,512,522,64,8,18,blueYellowCompetition,0.35,0.000000,1,1,1,,0,0,
calibration,21,0.01,0.12,0.16,512,522,64,8,18,blueYellowCompetition,0.40,0.000000,1,1,1,,0,0,
calibration,21,0.01,0.12,0.16,512,522,64,8,18,blueYellowCompetition,0.45,0.000000,1,1,1,,0,0,
calibration,21,0.01,0.12,0.16,512,522,64,8,18,blueYellowCompetition,0.50,0.000000,1,1,1,,0,0,
calibration,21,0.01,0.12,0.16,512,522,64,8,18,blueYellowCompetition,0.55,0.000000,1,1,1,,0,0,
calibration,21,0.01,0.12,0.16,512,522,64,8,18,blueYellowCompetition,0.60,0.000000,1,1,1,,0,0,
calibration,21,0.01,0.12,0.16,512,522,64,8,18,blueYellowCompetition,0.65,0.000000,1,1,1,,0,0,
calibration,21,0.01,0.12,0.16,512,522,64,8,18,blueYellowCompetition,0.70,0.000000,1,1,1,,0,0,
calibration,21,0.01,0.12,0.16,512,522,64,8,18,blueYellowCompetition,0.75,0.000000,1,1,1,,0,0,
calibration,21,0.01,0.12,0.16,512,522,64,8,18,blueYellowCompetition,0.80,0.000000,1,1,1,,0,0,
calibration,21,0.01,0.12,0.16,512,522,64,8,18,blueYellowCompetition,0.85,0.000000,1,1,1,,0,0,
calibration,21,0.01,0.12,0.16,512,522,64,8,18,blueYellowCompetition,0.90,0.000000,1,1,1,,0,0,
calibration,21,0.01,0.12,0.16,512,522,64,8,18,blueYellowCompetition,0.95,0.000000,1,1,1,,0,0,
calibration,21,0.01,0.12,0.16,512,522,64,8,18,blueYellowCompetition,1.00,0.000000,1,1,1,,0,0,
calibration,22,0.01,0.12,0.24,512,522,64,8,18,redGreenCompetition,0.00,0.000000,1,1,1,,0,0,
calibration,22,0.01,0.12,0.24,512,522,64,8,18,redGreenCompetition,0.05,0.000000,1,1,1,,0,0,
calibration,22,0.01,0.12,0.24,512,522,64,8,18,redGreenCompetition,0.10,0.000000,1,1,1,,0,0,
calibration,22,0.01,0.12,0.24,512,522,64,8,18,redGreenCompetition,0.15,0.000000,1,1,1,,0,0,
calibration,22,0.01,0.12,0.24,512,522,64,8,18,redGreenCompetition,0.20,0.000000,1,1,1,,0,0,
calibration,22,0.01,0.12,0.24,512,522,64,8,18,redGreenCompetition,0.25,0.000000,1,1,1,,0,0,
calibration,22,0.01,0.12,0.24,512,522,64,8,18,redGreenCompetition,0.30,0.000000,1,1,1,,0,0,
calibration,22,0.01,0.12,0.24,512,522,64,8,18,redGreenCompetition,0.35,0.000000,1,1,1,,0,0,
calibration,22,0.01,0.12,0.24,512,522,64,8,18,redGreenCompetition,0.40,0.000000,1,1,1,,0,0,
calibration,22,0.01,0.12,0.24,512,522,64,8,18,redGreenCompetition,0.45,0.000000,1,1,1,,0,0,
calibration,22,0.01,0.12,0.24,512,522,64,8,18,redGreenCompetition,0.50,0.000000,1,1,1,,0,0,
calibration,22,0.01,0.12,0.24,512,522,64,8,18,redGreenCompetition,0.55,0.000000,1,1,1,,0,0,
calibration,22,0.01,0.12,0.24,512,522,64,8,18,redGreenCompetition,0.60,0.000000,1,1,1,,0,0,
calibration,22,0.01,0.12,0.24,512,522,64,8,18,redGreenCompetition,0.65,0.000000,1,1,1,,0,0,
calibration,22,0.01,0.12,0.24,512,522,64,8,18,redGreenCompetition,0.70,0.000000,1,1,1,,0,0,
calibration,22,0.01,0.12,0.24,512,522,64,8,18,redGreenCompetition,0.75,0.000000,1,1,1,,0,0,
calibration,22,0.01,0.12,0.24,512,522,64,8,18,redGreenCompetition,0.80,0.000000,1,1,1,,0,0,
calibration,22,0.01,0.12,0.24,512,522,64,8,18,redGreenCompetition,0.85,0.000000,1,1,1,,0,0,
calibration,22,0.01,0.12,0.24,512,522,64,8,18,redGreenCompetition,0.90,0.000000,1,1,1,,0,0,
calibration,22,0.01,0.12,0.24,512,522,64,8,18,redGreenCompetition,0.95,0.000000,1,1,1,,0,0,
calibration,22,0.01,0.12,0.24,512,522,64,8,18,redGreenCompetition,1.00,0.000000,1,1,1,,0,0,
calibration,22,0.01,0.12,0.24,512,522,64,8,18,blueYellowCompetition,0.00,0.000000,1,1,1,,0,0,
calibration,22,0.01,0.12,0.24,512,522,64,8,18,blueYellowCompetition,0.05,0.000000,1,1,1,,0,0,
calibration,22,0.01,0.12,0.24,512,522,64,8,18,blueYellowCompetition,0.10,0.000000,1,1,1,,0,0,
calibration,22,0.01,0.12,0.24,512,522,64,8,18,blueYellowCompetition,0.15,0.000000,1,1,1,,0,0,
calibration,22,0.01,0.12,0.24,512,522,64,8,18,blueYellowCompetition,0.20,0.000000,1,1,1,,0,0,
calibration,22,0.01,0.12,0.24,512,522,64,8,18,blueYellowCompetition,0.25,0.000000,1,1,1,,0,0,
calibration,22,0.01,0.12,0.24,512,522,64,8,18,blueYellowCompetition,0.30,0.000000,1,1,1,,0,0,
calibration,22,0.01,0.12,0.24,512,522,64,8,18,blueYellowCompetition,0.35,0.000000,1,1,1,,0,0,
calibration,22,0.01,0.12,0.24,512,522,64,8,18,blueYellowCompetition,0.40,0.000000,1,1,1,,0,0,
calibration,22,0.01,0.12,0.24,512,522,64,8,18,blueYellowCompetition,0.45,0.000000,1,1,1,,0,0,
calibration,22,0.01,0.12,0.24,512,522,64,8,18,blueYellowCompetition,0.50,0.000000,1,1,1,,0,0,
calibration,22,0.01,0.12,0.24,512,522,64,8,18,blueYellowCompetition,0.55,0.000000,1,1,1,,0,0,
calibration,22,0.01,0.12,0.24,512,522,64,8,18,blueYellowCompetition,0.60,0.000000,1,1,1,,0,0,
calibration,22,0.01,0.12,0.24,512,522,64,8,18,blueYellowCompetition,0.65,0.000000,1,1,1,,0,0,
calibration,22,0.01,0.12,0.24,512,522,64,8,18,blueYellowCompetition,0.70,0.000000,1,1,1,,0,0,
calibration,22,0.01,0.12,0.24,512,522,64,8,18,blueYellowCompetition,0.75,0.000000,1,1,1,,0,0,
calibration,22,0.01,0.12,0.24,512,522,64,8,18,blueYellowCompetition,0.80,0.000000,1,1,1,,0,0,
calibration,22,0.01,0.12,0.24,512,522,64,8,18,blueYellowCompetition,0.85,0.000000,1,1,1,,0,0,
calibration,22,0.01,0.12,0.24,512,522,64,8,18,blueYellowCompetition,0.90,0.000000,1,1,1,,0,0,
calibration,22,0.01,0.12,0.24,512,522,64,8,18,blueYellowCompetition,0.95,0.000000,1,1,1,,0,0,
calibration,22,0.01,0.12,0.24,512,522,64,8,18,blueYellowCompetition,1.00,0.000000,1,1,1,,0,0,
calibration,23,0.01,0.12,0.32,512,522,64,8,18,redGreenCompetition,0.00,0.000000,1,1,1,,0,0,
calibration,23,0.01,0.12,0.32,512,522,64,8,18,redGreenCompetition,0.05,0.000000,1,1,1,,0,0,
calibration,23,0.01,0.12,0.32,512,522,64,8,18,redGreenCompetition,0.10,0.000000,1,1,1,,0,0,
calibration,23,0.01,0.12,0.32,512,522,64,8,18,redGreenCompetition,0.15,0.000000,1,1,1,,0,0,
calibration,23,0.01,0.12,0.32,512,522,64,8,18,redGreenCompetition,0.20,0.000000,1,1,1,,0,0,
calibration,23,0.01,0.12,0.32,512,522,64,8,18,redGreenCompetition,0.25,0.000000,1,1,1,,0,0,
calibration,23,0.01,0.12,0.32,512,522,64,8,18,redGreenCompetition,0.30,0.000000,1,1,1,,0,0,
calibration,23,0.01,0.12,0.32,512,522,64,8,18,redGreenCompetition,0.35,0.000000,1,1,1,,0,0,
calibration,23,0.01,0.12,0.32,512,522,64,8,18,redGreenCompetition,0.40,0.000000,1,1,1,,0,0,
calibration,23,0.01,0.12,0.32,512,522,64,8,18,redGreenCompetition,0.45,0.000000,1,1,1,,0,0,
calibration,23,0.01,0.12,0.32,512,522,64,8,18,redGreenCompetition,0.50,0.000000,1,1,1,,0,0,
calibration,23,0.01,0.12,0.32,512,522,64,8,18,redGreenCompetition,0.55,0.000000,1,1,1,,0,0,
calibration,23,0.01,0.12,0.32,512,522,64,8,18,redGreenCompetition,0.60,0.000000,1,1,1,,0,0,
calibration,23,0.01,0.12,0.32,512,522,64,8,18,redGreenCompetition,0.65,0.000000,1,1,1,,0,0,
calibration,23,0.01,0.12,0.32,512,522,64,8,18,redGreenCompetition,0.70,0.000000,1,1,1,,0,0,
calibration,23,0.01,0.12,0.32,512,522,64,8,18,redGreenCompetition,0.75,0.000000,1,1,1,,0,0,
calibration,23,0.01,0.12,0.32,512,522,64,8,18,redGreenCompetition,0.80,0.000000,1,1,1,,0,0,
calibration,23,0.01,0.12,0.32,512,522,64,8,18,redGreenCompetition,0.85,0.000000,1,1,1,,0,0,
calibration,23,0.01,0.12,0.32,512,522,64,8,18,redGreenCompetition,0.90,0.000000,1,1,1,,0,0,
calibration,23,0.01,0.12,0.32,512,522,64,8,18,redGreenCompetition,0.95,0.000000,1,1,1,,0,0,
calibration,23,0.01,0.12,0.32,512,522,64,8,18,redGreenCompetition,1.00,0.000000,1,1,1,,0,0,
calibration,23,0.01,0.12,0.32,512,522,64,8,18,blueYellowCompetition,0.00,0.000000,1,1,1,,0,0,
calibration,23,0.01,0.12,0.32,512,522,64,8,18,blueYellowCompetition,0.05,0.000000,1,1,1,,0,0,
calibration,23,0.01,0.12,0.32,512,522,64,8,18,blueYellowCompetition,0.10,0.000000,1,1,1,,0,0,
calibration,23,0.01,0.12,0.32,512,522,64,8,18,blueYellowCompetition,0.15,0.000000,1,1,1,,0,0,
calibration,23,0.01,0.12,0.32,512,522,64,8,18,blueYellowCompetition,0.20,0.000000,1,1,1,,0,0,
calibration,23,0.01,0.12,0.32,512,522,64,8,18,blueYellowCompetition,0.25,0.000000,1,1,1,,0,0,
calibration,23,0.01,0.12,0.32,512,522,64,8,18,blueYellowCompetition,0.30,0.000000,1,1,1,,0,0,
calibration,23,0.01,0.12,0.32,512,522,64,8,18,blueYellowCompetition,0.35,0.000000,1,1,1,,0,0,
calibration,23,0.01,0.12,0.32,512,522,64,8,18,blueYellowCompetition,0.40,0.000000,1,1,1,,0,0,
calibration,23,0.01,0.12,0.32,512,522,64,8,18,blueYellowCompetition,0.45,0.000000,1,1,1,,0,0,
calibration,23,0.01,0.12,0.32,512,522,64,8,18,blueYellowCompetition,0.50,0.000000,1,1,1,,0,0,
calibration,23,0.01,0.12,0.32,512,522,64,8,18,blueYellowCompetition,0.55,0.000000,1,1,1,,0,0,
calibration,23,0.01,0.12,0.32,512,522,64,8,18,blueYellowCompetition,0.60,0.000000,1,1,1,,0,0,
calibration,23,0.01,0.12,0.32,512,522,64,8,18,blueYellowCompetition,0.65,0.000000,1,1,1,,0,0,
calibration,23,0.01,0.12,0.32,512,522,64,8,18,blueYellowCompetition,0.70,0.000000,1,1,1,,0,0,
calibration,23,0.01,0.12,0.32,512,522,64,8,18,blueYellowCompetition,0.75,0.000000,1,1,1,,0,0,
calibration,23,0.01,0.12,0.32,512,522,64,8,18,blueYellowCompetition,0.80,0.000000,1,1,1,,0,0,
calibration,23,0.01,0.12,0.32,512,522,64,8,18,blueYellowCompetition,0.85,0.000000,1,1,1,,0,0,
calibration,23,0.01,0.12,0.32,512,522,64,8,18,blueYellowCompetition,0.90,0.000000,1,1,1,,0,0,
calibration,23,0.01,0.12,0.32,512,522,64,8,18,blueYellowCompetition,0.95,0.000000,1,1,1,,0,0,
calibration,23,0.01,0.12,0.32,512,522,64,8,18,blueYellowCompetition,1.00,0.000000,1,1,1,,0,0,
calibration,24,0.01,0.16,0.08,512,522,64,8,18,redGreenCompetition,0.00,0.000000,1,1,1,,0,0,
calibration,24,0.01,0.16,0.08,512,522,64,8,18,redGreenCompetition,0.05,0.000000,1,1,1,,0,0,
calibration,24,0.01,0.16,0.08,512,522,64,8,18,redGreenCompetition,0.10,0.000000,1,1,1,,0,0,
calibration,24,0.01,0.16,0.08,512,522,64,8,18,redGreenCompetition,0.15,0.000000,1,1,1,,0,0,
calibration,24,0.01,0.16,0.08,512,522,64,8,18,redGreenCompetition,0.20,0.000000,1,1,1,,0,0,
calibration,24,0.01,0.16,0.08,512,522,64,8,18,redGreenCompetition,0.25,0.000000,1,1,1,,0,0,
calibration,24,0.01,0.16,0.08,512,522,64,8,18,redGreenCompetition,0.30,0.000000,1,1,1,,0,0,
calibration,24,0.01,0.16,0.08,512,522,64,8,18,redGreenCompetition,0.35,0.000000,1,1,1,,0,0,
calibration,24,0.01,0.16,0.08,512,522,64,8,18,redGreenCompetition,0.40,0.000000,1,1,1,,0,0,
calibration,24,0.01,0.16,0.08,512,522,64,8,18,redGreenCompetition,0.45,0.000000,1,1,1,,0,0,
calibration,24,0.01,0.16,0.08,512,522,64,8,18,redGreenCompetition,0.50,0.000000,1,1,1,,0,0,
calibration,24,0.01,0.16,0.08,512,522,64,8,18,redGreenCompetition,0.55,0.000000,1,1,1,,0,0,
calibration,24,0.01,0.16,0.08,512,522,64,8,18,redGreenCompetition,0.60,0.000000,1,1,1,,0,0,
calibration,24,0.01,0.16,0.08,512,522,64,8,18,redGreenCompetition,0.65,0.000000,1,1,1,,0,0,
calibration,24,0.01,0.16,0.08,512,522,64,8,18,redGreenCompetition,0.70,0.000000,1,1,1,,0,0,
calibration,24,0.01,0.16,0.08,512,522,64,8,18,redGreenCompetition,0.75,0.000000,1,1,1,,0,0,
calibration,24,0.01,0.16,0.08,512,522,64,8,18,redGreenCompetition,0.80,0.000000,1,1,1,,0,0,
calibration,24,0.01,0.16,0.08,512,522,64,8,18,redGreenCompetition,0.85,0.000000,1,1,1,,0,0,
calibration,24,0.01,0.16,0.08,512,522,64,8,18,redGreenCompetition,0.90,0.000000,1,1,1,,0,0,
calibration,24,0.01,0.16,0.08,512,522,64,8,18,redGreenCompetition,0.95,0.000000,1,1,1,,0,0,
calibration,24,0.01,0.16,0.08,512,522,64,8,18,redGreenCompetition,1.00,0.000000,1,1,1,,0,0,
calibration,24,0.01,0.16,0.08,512,522,64,8,18,blueYellowCompetition,0.00,0.000000,1,1,1,,0,0,
calibration,24,0.01,0.16,0.08,512,522,64,8,18,blueYellowCompetition,0.05,0.000000,1,1,1,,0,0,
calibration,24,0.01,0.16,0.08,512,522,64,8,18,blueYellowCompetition,0.10,0.000000,1,1,1,,0,0,
calibration,24,0.01,0.16,0.08,512,522,64,8,18,blueYellowCompetition,0.15,0.000000,1,1,1,,0,0,
calibration,24,0.01,0.16,0.08,512,522,64,8,18,blueYellowCompetition,0.20,0.000000,1,1,1,,0,0,
calibration,24,0.01,0.16,0.08,512,522,64,8,18,blueYellowCompetition,0.25,0.000000,1,1,1,,0,0,
calibration,24,0.01,0.16,0.08,512,522,64,8,18,blueYellowCompetition,0.30,0.000000,1,1,1,,0,0,
calibration,24,0.01,0.16,0.08,512,522,64,8,18,blueYellowCompetition,0.35,0.000000,1,1,1,,0,0,
calibration,24,0.01,0.16,0.08,512,522,64,8,18,blueYellowCompetition,0.40,0.000000,1,1,1,,0,0,
calibration,24,0.01,0.16,0.08,512,522,64,8,18,blueYellowCompetition,0.45,0.000000,1,1,1,,0,0,
calibration,24,0.01,0.16,0.08,512,522,64,8,18,blueYellowCompetition,0.50,0.000000,1,1,1,,0,0,
calibration,24,0.01,0.16,0.08,512,522,64,8,18,blueYellowCompetition,0.55,0.000000,1,1,1,,0,0,
calibration,24,0.01,0.16,0.08,512,522,64,8,18,blueYellowCompetition,0.60,0.000000,1,1,1,,0,0,
calibration,24,0.01,0.16,0.08,512,522,64,8,18,blueYellowCompetition,0.65,0.000000,1,1,1,,0,0,
calibration,24,0.01,0.16,0.08,512,522,64,8,18,blueYellowCompetition,0.70,0.000000,1,1,1,,0,0,
calibration,24,0.01,0.16,0.08,512,522,64,8,18,blueYellowCompetition,0.75,0.000000,1,1,1,,0,0,
calibration,24,0.01,0.16,0.08,512,522,64,8,18,blueYellowCompetition,0.80,0.000000,1,1,1,,0,0,
calibration,24,0.01,0.16,0.08,512,522,64,8,18,blueYellowCompetition,0.85,0.000000,1,1,1,,0,0,
calibration,24,0.01,0.16,0.08,512,522,64,8,18,blueYellowCompetition,0.90,0.000000,1,1,1,,0,0,
calibration,24,0.01,0.16,0.08,512,522,64,8,18,blueYellowCompetition,0.95,0.000000,1,1,1,,0,0,
calibration,24,0.01,0.16,0.08,512,522,64,8,18,blueYellowCompetition,1.00,0.000000,1,1,1,,0,0,
calibration,25,0.01,0.16,0.16,512,522,64,8,18,redGreenCompetition,0.00,0.000000,1,1,1,,0,0,
calibration,25,0.01,0.16,0.16,512,522,64,8,18,redGreenCompetition,0.05,0.000000,1,1,1,,0,0,
calibration,25,0.01,0.16,0.16,512,522,64,8,18,redGreenCompetition,0.10,0.000000,1,1,1,,0,0,
calibration,25,0.01,0.16,0.16,512,522,64,8,18,redGreenCompetition,0.15,0.000000,1,1,1,,0,0,
calibration,25,0.01,0.16,0.16,512,522,64,8,18,redGreenCompetition,0.20,0.000000,1,1,1,,0,0,
calibration,25,0.01,0.16,0.16,512,522,64,8,18,redGreenCompetition,0.25,0.000000,1,1,1,,0,0,
calibration,25,0.01,0.16,0.16,512,522,64,8,18,redGreenCompetition,0.30,0.000000,1,1,1,,0,0,
calibration,25,0.01,0.16,0.16,512,522,64,8,18,redGreenCompetition,0.35,0.000000,1,1,1,,0,0,
calibration,25,0.01,0.16,0.16,512,522,64,8,18,redGreenCompetition,0.40,0.000000,1,1,1,,0,0,
calibration,25,0.01,0.16,0.16,512,522,64,8,18,redGreenCompetition,0.45,0.000000,1,1,1,,0,0,
calibration,25,0.01,0.16,0.16,512,522,64,8,18,redGreenCompetition,0.50,0.000000,1,1,1,,0,0,
calibration,25,0.01,0.16,0.16,512,522,64,8,18,redGreenCompetition,0.55,0.000000,1,1,1,,0,0,
calibration,25,0.01,0.16,0.16,512,522,64,8,18,redGreenCompetition,0.60,0.000000,1,1,1,,0,0,
calibration,25,0.01,0.16,0.16,512,522,64,8,18,redGreenCompetition,0.65,0.000000,1,1,1,,0,0,
calibration,25,0.01,0.16,0.16,512,522,64,8,18,redGreenCompetition,0.70,0.000000,1,1,1,,0,0,
calibration,25,0.01,0.16,0.16,512,522,64,8,18,redGreenCompetition,0.75,0.000000,1,1,1,,0,0,
calibration,25,0.01,0.16,0.16,512,522,64,8,18,redGreenCompetition,0.80,0.000000,1,1,1,,0,0,
calibration,25,0.01,0.16,0.16,512,522,64,8,18,redGreenCompetition,0.85,0.000000,1,1,1,,0,0,
calibration,25,0.01,0.16,0.16,512,522,64,8,18,redGreenCompetition,0.90,0.000000,1,1,1,,0,0,
calibration,25,0.01,0.16,0.16,512,522,64,8,18,redGreenCompetition,0.95,0.000000,1,1,1,,0,0,
calibration,25,0.01,0.16,0.16,512,522,64,8,18,redGreenCompetition,1.00,0.000000,1,1,1,,0,0,
calibration,25,0.01,0.16,0.16,512,522,64,8,18,blueYellowCompetition,0.00,0.000000,1,1,1,,0,0,
calibration,25,0.01,0.16,0.16,512,522,64,8,18,blueYellowCompetition,0.05,0.000000,1,1,1,,0,0,
calibration,25,0.01,0.16,0.16,512,522,64,8,18,blueYellowCompetition,0.10,0.000000,1,1,1,,0,0,
calibration,25,0.01,0.16,0.16,512,522,64,8,18,blueYellowCompetition,0.15,0.000000,1,1,1,,0,0,
calibration,25,0.01,0.16,0.16,512,522,64,8,18,blueYellowCompetition,0.20,0.000000,1,1,1,,0,0,
calibration,25,0.01,0.16,0.16,512,522,64,8,18,blueYellowCompetition,0.25,0.000000,1,1,1,,0,0,
calibration,25,0.01,0.16,0.16,512,522,64,8,18,blueYellowCompetition,0.30,0.000000,1,1,1,,0,0,
calibration,25,0.01,0.16,0.16,512,522,64,8,18,blueYellowCompetition,0.35,0.000000,1,1,1,,0,0,
calibration,25,0.01,0.16,0.16,512,522,64,8,18,blueYellowCompetition,0.40,0.000000,1,1,1,,0,0,
calibration,25,0.01,0.16,0.16,512,522,64,8,18,blueYellowCompetition,0.45,0.000000,1,1,1,,0,0,
calibration,25,0.01,0.16,0.16,512,522,64,8,18,blueYellowCompetition,0.50,0.000000,1,1,1,,0,0,
calibration,25,0.01,0.16,0.16,512,522,64,8,18,blueYellowCompetition,0.55,0.000000,1,1,1,,0,0,
calibration,25,0.01,0.16,0.16,512,522,64,8,18,blueYellowCompetition,0.60,0.000000,1,1,1,,0,0,
calibration,25,0.01,0.16,0.16,512,522,64,8,18,blueYellowCompetition,0.65,0.000000,1,1,1,,0,0,
calibration,25,0.01,0.16,0.16,512,522,64,8,18,blueYellowCompetition,0.70,0.000000,1,1,1,,0,0,
calibration,25,0.01,0.16,0.16,512,522,64,8,18,blueYellowCompetition,0.75,0.000000,1,1,1,,0,0,
calibration,25,0.01,0.16,0.16,512,522,64,8,18,blueYellowCompetition,0.80,0.000000,1,1,1,,0,0,
calibration,25,0.01,0.16,0.16,512,522,64,8,18,blueYellowCompetition,0.85,0.000000,1,1,1,,0,0,
calibration,25,0.01,0.16,0.16,512,522,64,8,18,blueYellowCompetition,0.90,0.000000,1,1,1,,0,0,
calibration,25,0.01,0.16,0.16,512,522,64,8,18,blueYellowCompetition,0.95,0.000000,1,1,1,,0,0,
calibration,25,0.01,0.16,0.16,512,522,64,8,18,blueYellowCompetition,1.00,0.000000,1,1,1,,0,0,
calibration,26,0.01,0.16,0.24,512,522,64,8,18,redGreenCompetition,0.00,0.000000,1,1,1,,0,0,
calibration,26,0.01,0.16,0.24,512,522,64,8,18,redGreenCompetition,0.05,0.000000,1,1,1,,0,0,
calibration,26,0.01,0.16,0.24,512,522,64,8,18,redGreenCompetition,0.10,0.000000,1,1,1,,0,0,
calibration,26,0.01,0.16,0.24,512,522,64,8,18,redGreenCompetition,0.15,0.000000,1,1,1,,0,0,
calibration,26,0.01,0.16,0.24,512,522,64,8,18,redGreenCompetition,0.20,0.000000,1,1,1,,0,0,
calibration,26,0.01,0.16,0.24,512,522,64,8,18,redGreenCompetition,0.25,0.000000,1,1,1,,0,0,
calibration,26,0.01,0.16,0.24,512,522,64,8,18,redGreenCompetition,0.30,0.000000,1,1,1,,0,0,
calibration,26,0.01,0.16,0.24,512,522,64,8,18,redGreenCompetition,0.35,0.000000,1,1,1,,0,0,
calibration,26,0.01,0.16,0.24,512,522,64,8,18,redGreenCompetition,0.40,0.000000,1,1,1,,0,0,
calibration,26,0.01,0.16,0.24,512,522,64,8,18,redGreenCompetition,0.45,0.000000,1,1,1,,0,0,
calibration,26,0.01,0.16,0.24,512,522,64,8,18,redGreenCompetition,0.50,0.000000,1,1,1,,0,0,
calibration,26,0.01,0.16,0.24,512,522,64,8,18,redGreenCompetition,0.55,0.000000,1,1,1,,0,0,
calibration,26,0.01,0.16,0.24,512,522,64,8,18,redGreenCompetition,0.60,0.000000,1,1,1,,0,0,
calibration,26,0.01,0.16,0.24,512,522,64,8,18,redGreenCompetition,0.65,0.000000,1,1,1,,0,0,
calibration,26,0.01,0.16,0.24,512,522,64,8,18,redGreenCompetition,0.70,0.000000,1,1,1,,0,0,
calibration,26,0.01,0.16,0.24,512,522,64,8,18,redGreenCompetition,0.75,0.000000,1,1,1,,0,0,
calibration,26,0.01,0.16,0.24,512,522,64,8,18,redGreenCompetition,0.80,0.000000,1,1,1,,0,0,
calibration,26,0.01,0.16,0.24,512,522,64,8,18,redGreenCompetition,0.85,0.000000,1,1,1,,0,0,
calibration,26,0.01,0.16,0.24,512,522,64,8,18,redGreenCompetition,0.90,0.000000,1,1,1,,0,0,
calibration,26,0.01,0.16,0.24,512,522,64,8,18,redGreenCompetition,0.95,0.000000,1,1,1,,0,0,
calibration,26,0.01,0.16,0.24,512,522,64,8,18,redGreenCompetition,1.00,0.000000,1,1,1,,0,0,
calibration,26,0.01,0.16,0.24,512,522,64,8,18,blueYellowCompetition,0.00,0.000000,1,1,1,,0,0,
calibration,26,0.01,0.16,0.24,512,522,64,8,18,blueYellowCompetition,0.05,0.000000,1,1,1,,0,0,
calibration,26,0.01,0.16,0.24,512,522,64,8,18,blueYellowCompetition,0.10,0.000000,1,1,1,,0,0,
calibration,26,0.01,0.16,0.24,512,522,64,8,18,blueYellowCompetition,0.15,0.000000,1,1,1,,0,0,
calibration,26,0.01,0.16,0.24,512,522,64,8,18,blueYellowCompetition,0.20,0.000000,1,1,1,,0,0,
calibration,26,0.01,0.16,0.24,512,522,64,8,18,blueYellowCompetition,0.25,0.000000,1,1,1,,0,0,
calibration,26,0.01,0.16,0.24,512,522,64,8,18,blueYellowCompetition,0.30,0.000000,1,1,1,,0,0,
calibration,26,0.01,0.16,0.24,512,522,64,8,18,blueYellowCompetition,0.35,0.000000,1,1,1,,0,0,
calibration,26,0.01,0.16,0.24,512,522,64,8,18,blueYellowCompetition,0.40,0.000000,1,1,1,,0,0,
calibration,26,0.01,0.16,0.24,512,522,64,8,18,blueYellowCompetition,0.45,0.000000,1,1,1,,0,0,
calibration,26,0.01,0.16,0.24,512,522,64,8,18,blueYellowCompetition,0.50,0.000000,1,1,1,,0,0,
calibration,26,0.01,0.16,0.24,512,522,64,8,18,blueYellowCompetition,0.55,0.000000,1,1,1,,0,0,
calibration,26,0.01,0.16,0.24,512,522,64,8,18,blueYellowCompetition,0.60,0.000000,1,1,1,,0,0,
calibration,26,0.01,0.16,0.24,512,522,64,8,18,blueYellowCompetition,0.65,0.000000,1,1,1,,0,0,
calibration,26,0.01,0.16,0.24,512,522,64,8,18,blueYellowCompetition,0.70,0.000000,1,1,1,,0,0,
calibration,26,0.01,0.16,0.24,512,522,64,8,18,blueYellowCompetition,0.75,0.000000,1,1,1,,0,0,
calibration,26,0.01,0.16,0.24,512,522,64,8,18,blueYellowCompetition,0.80,0.000000,1,1,1,,0,0,
calibration,26,0.01,0.16,0.24,512,522,64,8,18,blueYellowCompetition,0.85,0.000000,1,1,1,,0,0,
calibration,26,0.01,0.16,0.24,512,522,64,8,18,blueYellowCompetition,0.90,0.000000,1,1,1,,0,0,
calibration,26,0.01,0.16,0.24,512,522,64,8,18,blueYellowCompetition,0.95,0.000000,1,1,1,,0,0,
calibration,26,0.01,0.16,0.24,512,522,64,8,18,blueYellowCompetition,1.00,0.000000,1,1,1,,0,0,
calibration,27,0.01,0.16,0.32,512,522,64,8,18,redGreenCompetition,0.00,0.000000,1,1,1,,0,0,
calibration,27,0.01,0.16,0.32,512,522,64,8,18,redGreenCompetition,0.05,0.000000,1,1,1,,0,0,
calibration,27,0.01,0.16,0.32,512,522,64,8,18,redGreenCompetition,0.10,0.000000,1,1,1,,0,0,
calibration,27,0.01,0.16,0.32,512,522,64,8,18,redGreenCompetition,0.15,0.000000,1,1,1,,0,0,
calibration,27,0.01,0.16,0.32,512,522,64,8,18,redGreenCompetition,0.20,0.000000,1,1,1,,0,0,
calibration,27,0.01,0.16,0.32,512,522,64,8,18,redGreenCompetition,0.25,0.000000,1,1,1,,0,0,
calibration,27,0.01,0.16,0.32,512,522,64,8,18,redGreenCompetition,0.30,0.000000,1,1,1,,0,0,
calibration,27,0.01,0.16,0.32,512,522,64,8,18,redGreenCompetition,0.35,0.000000,1,1,1,,0,0,
calibration,27,0.01,0.16,0.32,512,522,64,8,18,redGreenCompetition,0.40,0.000000,1,1,1,,0,0,
calibration,27,0.01,0.16,0.32,512,522,64,8,18,redGreenCompetition,0.45,0.000000,1,1,1,,0,0,
calibration,27,0.01,0.16,0.32,512,522,64,8,18,redGreenCompetition,0.50,0.000000,1,1,1,,0,0,
calibration,27,0.01,0.16,0.32,512,522,64,8,18,redGreenCompetition,0.55,0.000000,1,1,1,,0,0,
calibration,27,0.01,0.16,0.32,512,522,64,8,18,redGreenCompetition,0.60,0.000000,1,1,1,,0,0,
calibration,27,0.01,0.16,0.32,512,522,64,8,18,redGreenCompetition,0.65,0.000000,1,1,1,,0,0,
calibration,27,0.01,0.16,0.32,512,522,64,8,18,redGreenCompetition,0.70,0.000000,1,1,1,,0,0,
calibration,27,0.01,0.16,0.32,512,522,64,8,18,redGreenCompetition,0.75,0.000000,1,1,1,,0,0,
calibration,27,0.01,0.16,0.32,512,522,64,8,18,redGreenCompetition,0.80,0.000000,1,1,1,,0,0,
calibration,27,0.01,0.16,0.32,512,522,64,8,18,redGreenCompetition,0.85,0.000000,1,1,1,,0,0,
calibration,27,0.01,0.16,0.32,512,522,64,8,18,redGreenCompetition,0.90,0.000000,1,1,1,,0,0,
calibration,27,0.01,0.16,0.32,512,522,64,8,18,redGreenCompetition,0.95,0.000000,1,1,1,,0,0,
calibration,27,0.01,0.16,0.32,512,522,64,8,18,redGreenCompetition,1.00,0.000000,1,1,1,,0,0,
calibration,27,0.01,0.16,0.32,512,522,64,8,18,blueYellowCompetition,0.00,0.000000,1,1,1,,0,0,
calibration,27,0.01,0.16,0.32,512,522,64,8,18,blueYellowCompetition,0.05,0.000000,1,1,1,,0,0,
calibration,27,0.01,0.16,0.32,512,522,64,8,18,blueYellowCompetition,0.10,0.000000,1,1,1,,0,0,
calibration,27,0.01,0.16,0.32,512,522,64,8,18,blueYellowCompetition,0.15,0.000000,1,1,1,,0,0,
calibration,27,0.01,0.16,0.32,512,522,64,8,18,blueYellowCompetition,0.20,0.000000,1,1,1,,0,0,
calibration,27,0.01,0.16,0.32,512,522,64,8,18,blueYellowCompetition,0.25,0.000000,1,1,1,,0,0,
calibration,27,0.01,0.16,0.32,512,522,64,8,18,blueYellowCompetition,0.30,0.000000,1,1,1,,0,0,
calibration,27,0.01,0.16,0.32,512,522,64,8,18,blueYellowCompetition,0.35,0.000000,1,1,1,,0,0,
calibration,27,0.01,0.16,0.32,512,522,64,8,18,blueYellowCompetition,0.40,0.000000,1,1,1,,0,0,
calibration,27,0.01,0.16,0.32,512,522,64,8,18,blueYellowCompetition,0.45,0.000000,1,1,1,,0,0,
calibration,27,0.01,0.16,0.32,512,522,64,8,18,blueYellowCompetition,0.50,0.000000,1,1,1,,0,0,
calibration,27,0.01,0.16,0.32,512,522,64,8,18,blueYellowCompetition,0.55,0.000000,1,1,1,,0,0,
calibration,27,0.01,0.16,0.32,512,522,64,8,18,blueYellowCompetition,0.60,0.000000,1,1,1,,0,0,
calibration,27,0.01,0.16,0.32,512,522,64,8,18,blueYellowCompetition,0.65,0.000000,1,1,1,,0,0,
calibration,27,0.01,0.16,0.32,512,522,64,8,18,blueYellowCompetition,0.70,0.000000,1,1,1,,0,0,
calibration,27,0.01,0.16,0.32,512,522,64,8,18,blueYellowCompetition,0.75,0.000000,1,1,1,,0,0,
calibration,27,0.01,0.16,0.32,512,522,64,8,18,blueYellowCompetition,0.80,0.000000,1,1,1,,0,0,
calibration,27,0.01,0.16,0.32,512,522,64,8,18,blueYellowCompetition,0.85,0.000000,1,1,1,,0,0,
calibration,27,0.01,0.16,0.32,512,522,64,8,18,blueYellowCompetition,0.90,0.000000,1,1,1,,0,0,
calibration,27,0.01,0.16,0.32,512,522,64,8,18,blueYellowCompetition,0.95,0.000000,1,1,1,,0,0,
calibration,27,0.01,0.16,0.32,512,522,64,8,18,blueYellowCompetition,1.00,0.000000,1,1,1,,0,0,
calibration,28,0.01,0.24,0.08,512,522,64,8,18,redGreenCompetition,0.00,0.000000,1,1,1,,0,0,
calibration,28,0.01,0.24,0.08,512,522,64,8,18,redGreenCompetition,0.05,0.000000,1,1,1,,0,0,
calibration,28,0.01,0.24,0.08,512,522,64,8,18,redGreenCompetition,0.10,0.000000,1,1,1,,0,0,
calibration,28,0.01,0.24,0.08,512,522,64,8,18,redGreenCompetition,0.15,0.000000,1,1,1,,0,0,
calibration,28,0.01,0.24,0.08,512,522,64,8,18,redGreenCompetition,0.20,0.000000,1,1,1,,0,0,
calibration,28,0.01,0.24,0.08,512,522,64,8,18,redGreenCompetition,0.25,0.000000,1,1,1,,0,0,
calibration,28,0.01,0.24,0.08,512,522,64,8,18,redGreenCompetition,0.30,0.000000,1,1,1,,0,0,
calibration,28,0.01,0.24,0.08,512,522,64,8,18,redGreenCompetition,0.35,0.000000,1,1,1,,0,0,
calibration,28,0.01,0.24,0.08,512,522,64,8,18,redGreenCompetition,0.40,0.000000,1,1,1,,0,0,
calibration,28,0.01,0.24,0.08,512,522,64,8,18,redGreenCompetition,0.45,0.000000,1,1,1,,0,0,
calibration,28,0.01,0.24,0.08,512,522,64,8,18,redGreenCompetition,0.50,0.000000,1,1,1,,0,0,
calibration,28,0.01,0.24,0.08,512,522,64,8,18,redGreenCompetition,0.55,0.000000,1,1,1,,0,0,
calibration,28,0.01,0.24,0.08,512,522,64,8,18,redGreenCompetition,0.60,0.000000,1,1,1,,0,0,
calibration,28,0.01,0.24,0.08,512,522,64,8,18,redGreenCompetition,0.65,0.000000,1,1,1,,0,0,
calibration,28,0.01,0.24,0.08,512,522,64,8,18,redGreenCompetition,0.70,0.000000,1,1,1,,0,0,
calibration,28,0.01,0.24,0.08,512,522,64,8,18,redGreenCompetition,0.75,0.000000,1,1,1,,0,0,
calibration,28,0.01,0.24,0.08,512,522,64,8,18,redGreenCompetition,0.80,0.000000,1,1,1,,0,0,
calibration,28,0.01,0.24,0.08,512,522,64,8,18,redGreenCompetition,0.85,0.000000,1,1,1,,0,0,
calibration,28,0.01,0.24,0.08,512,522,64,8,18,redGreenCompetition,0.90,0.000000,1,1,1,,0,0,
calibration,28,0.01,0.24,0.08,512,522,64,8,18,redGreenCompetition,0.95,0.000000,1,1,1,,0,0,
calibration,28,0.01,0.24,0.08,512,522,64,8,18,redGreenCompetition,1.00,0.000000,1,1,1,,0,0,
calibration,28,0.01,0.24,0.08,512,522,64,8,18,blueYellowCompetition,0.00,0.000000,1,1,1,,0,0,
calibration,28,0.01,0.24,0.08,512,522,64,8,18,blueYellowCompetition,0.05,0.000000,1,1,1,,0,0,
calibration,28,0.01,0.24,0.08,512,522,64,8,18,blueYellowCompetition,0.10,0.000000,1,1,1,,0,0,
calibration,28,0.01,0.24,0.08,512,522,64,8,18,blueYellowCompetition,0.15,0.000000,1,1,1,,0,0,
calibration,28,0.01,0.24,0.08,512,522,64,8,18,blueYellowCompetition,0.20,0.000000,1,1,1,,0,0,
calibration,28,0.01,0.24,0.08,512,522,64,8,18,blueYellowCompetition,0.25,0.000000,1,1,1,,0,0,
calibration,28,0.01,0.24,0.08,512,522,64,8,18,blueYellowCompetition,0.30,0.000000,1,1,1,,0,0,
calibration,28,0.01,0.24,0.08,512,522,64,8,18,blueYellowCompetition,0.35,0.000000,1,1,1,,0,0,
calibration,28,0.01,0.24,0.08,512,522,64,8,18,blueYellowCompetition,0.40,0.000000,1,1,1,,0,0,
calibration,28,0.01,0.24,0.08,512,522,64,8,18,blueYellowCompetition,0.45,0.000000,1,1,1,,0,0,
calibration,28,0.01,0.24,0.08,512,522,64,8,18,blueYellowCompetition,0.50,0.000000,1,1,1,,0,0,
calibration,28,0.01,0.24,0.08,512,522,64,8,18,blueYellowCompetition,0.55,0.000000,1,1,1,,0,0,
calibration,28,0.01,0.24,0.08,512,522,64,8,18,blueYellowCompetition,0.60,0.000000,1,1,1,,0,0,
calibration,28,0.01,0.24,0.08,512,522,64,8,18,blueYellowCompetition,0.65,0.000000,1,1,1,,0,0,
calibration,28,0.01,0.24,0.08,512,522,64,8,18,blueYellowCompetition,0.70,0.000000,1,1,1,,0,0,
calibration,28,0.01,0.24,0.08,512,522,64,8,18,blueYellowCompetition,0.75,0.000000,1,1,1,,0,0,
calibration,28,0.01,0.24,0.08,512,522,64,8,18,blueYellowCompetition,0.80,0.000000,1,1,1,,0,0,
calibration,28,0.01,0.24,0.08,512,522,64,8,18,blueYellowCompetition,0.85,0.000000,1,1,1,,0,0,
calibration,28,0.01,0.24,0.08,512,522,64,8,18,blueYellowCompetition,0.90,0.000000,1,1,1,,0,0,
calibration,28,0.01,0.24,0.08,512,522,64,8,18,blueYellowCompetition,0.95,0.000000,1,1,1,,0,0,
calibration,28,0.01,0.24,0.08,512,522,64,8,18,blueYellowCompetition,1.00,0.000000,1,1,1,,0,0,
calibration,29,0.01,0.24,0.16,512,522,64,8,18,redGreenCompetition,0.00,0.000000,1,1,1,,0,0,
calibration,29,0.01,0.24,0.16,512,522,64,8,18,redGreenCompetition,0.05,0.000000,1,1,1,,0,0,
calibration,29,0.01,0.24,0.16,512,522,64,8,18,redGreenCompetition,0.10,0.000000,1,1,1,,0,0,
calibration,29,0.01,0.24,0.16,512,522,64,8,18,redGreenCompetition,0.15,0.000000,1,1,1,,0,0,
calibration,29,0.01,0.24,0.16,512,522,64,8,18,redGreenCompetition,0.20,0.000000,1,1,1,,0,0,
calibration,29,0.01,0.24,0.16,512,522,64,8,18,redGreenCompetition,0.25,0.000000,1,1,1,,0,0,
calibration,29,0.01,0.24,0.16,512,522,64,8,18,redGreenCompetition,0.30,0.000000,1,1,1,,0,0,
calibration,29,0.01,0.24,0.16,512,522,64,8,18,redGreenCompetition,0.35,0.000000,1,1,1,,0,0,
calibration,29,0.01,0.24,0.16,512,522,64,8,18,redGreenCompetition,0.40,0.000000,1,1,1,,0,0,
calibration,29,0.01,0.24,0.16,512,522,64,8,18,redGreenCompetition,0.45,0.000000,1,1,1,,0,0,
calibration,29,0.01,0.24,0.16,512,522,64,8,18,redGreenCompetition,0.50,0.000000,1,1,1,,0,0,
calibration,29,0.01,0.24,0.16,512,522,64,8,18,redGreenCompetition,0.55,0.000000,1,1,1,,0,0,
calibration,29,0.01,0.24,0.16,512,522,64,8,18,redGreenCompetition,0.60,0.000000,1,1,1,,0,0,
calibration,29,0.01,0.24,0.16,512,522,64,8,18,redGreenCompetition,0.65,0.000000,1,1,1,,0,0,
calibration,29,0.01,0.24,0.16,512,522,64,8,18,redGreenCompetition,0.70,0.000000,1,1,1,,0,0,
calibration,29,0.01,0.24,0.16,512,522,64,8,18,redGreenCompetition,0.75,0.000000,1,1,1,,0,0,
calibration,29,0.01,0.24,0.16,512,522,64,8,18,redGreenCompetition,0.80,0.000000,1,1,1,,0,0,
calibration,29,0.01,0.24,0.16,512,522,64,8,18,redGreenCompetition,0.85,0.000000,1,1,1,,0,0,
calibration,29,0.01,0.24,0.16,512,522,64,8,18,redGreenCompetition,0.90,0.000000,1,1,1,,0,0,
calibration,29,0.01,0.24,0.16,512,522,64,8,18,redGreenCompetition,0.95,0.000000,1,1,1,,0,0,
calibration,29,0.01,0.24,0.16,512,522,64,8,18,redGreenCompetition,1.00,0.000000,1,1,1,,0,0,
calibration,29,0.01,0.24,0.16,512,522,64,8,18,blueYellowCompetition,0.00,0.000000,1,1,1,,0,0,
calibration,29,0.01,0.24,0.16,512,522,64,8,18,blueYellowCompetition,0.05,0.000000,1,1,1,,0,0,
calibration,29,0.01,0.24,0.16,512,522,64,8,18,blueYellowCompetition,0.10,0.000000,1,1,1,,0,0,
calibration,29,0.01,0.24,0.16,512,522,64,8,18,blueYellowCompetition,0.15,0.000000,1,1,1,,0,0,
calibration,29,0.01,0.24,0.16,512,522,64,8,18,blueYellowCompetition,0.20,0.000000,1,1,1,,0,0,
calibration,29,0.01,0.24,0.16,512,522,64,8,18,blueYellowCompetition,0.25,0.000000,1,1,1,,0,0,
calibration,29,0.01,0.24,0.16,512,522,64,8,18,blueYellowCompetition,0.30,0.000000,1,1,1,,0,0,
calibration,29,0.01,0.24,0.16,512,522,64,8,18,blueYellowCompetition,0.35,0.000000,1,1,1,,0,0,
calibration,29,0.01,0.24,0.16,512,522,64,8,18,blueYellowCompetition,0.40,0.000000,1,1,1,,0,0,
calibration,29,0.01,0.24,0.16,512,522,64,8,18,blueYellowCompetition,0.45,0.000000,1,1,1,,0,0,
calibration,29,0.01,0.24,0.16,512,522,64,8,18,blueYellowCompetition,0.50,0.000000,1,1,1,,0,0,
calibration,29,0.01,0.24,0.16,512,522,64,8,18,blueYellowCompetition,0.55,0.000000,1,1,1,,0,0,
calibration,29,0.01,0.24,0.16,512,522,64,8,18,blueYellowCompetition,0.60,0.000000,1,1,1,,0,0,
calibration,29,0.01,0.24,0.16,512,522,64,8,18,blueYellowCompetition,0.65,0.000000,1,1,1,,0,0,
calibration,29,0.01,0.24,0.16,512,522,64,8,18,blueYellowCompetition,0.70,0.000000,1,1,1,,0,0,
calibration,29,0.01,0.24,0.16,512,522,64,8,18,blueYellowCompetition,0.75,0.000000,1,1,1,,0,0,
calibration,29,0.01,0.24,0.16,512,522,64,8,18,blueYellowCompetition,0.80,0.000000,1,1,1,,0,0,
calibration,29,0.01,0.24,0.16,512,522,64,8,18,blueYellowCompetition,0.85,0.000000,1,1,1,,0,0,
calibration,29,0.01,0.24,0.16,512,522,64,8,18,blueYellowCompetition,0.90,0.000000,1,1,1,,0,0,
calibration,29,0.01,0.24,0.16,512,522,64,8,18,blueYellowCompetition,0.95,0.000000,1,1,1,,0,0,
calibration,29,0.01,0.24,0.16,512,522,64,8,18,blueYellowCompetition,1.00,0.000000,1,1,1,,0,0,
calibration,30,0.01,0.24,0.24,512,522,64,8,18,redGreenCompetition,0.00,0.000000,1,1,1,,0,0,
calibration,30,0.01,0.24,0.24,512,522,64,8,18,redGreenCompetition,0.05,0.000000,1,1,1,,0,0,
calibration,30,0.01,0.24,0.24,512,522,64,8,18,redGreenCompetition,0.10,0.000000,1,1,1,,0,0,
calibration,30,0.01,0.24,0.24,512,522,64,8,18,redGreenCompetition,0.15,0.000000,1,1,1,,0,0,
calibration,30,0.01,0.24,0.24,512,522,64,8,18,redGreenCompetition,0.20,0.000000,1,1,1,,0,0,
calibration,30,0.01,0.24,0.24,512,522,64,8,18,redGreenCompetition,0.25,0.000000,1,1,1,,0,0,
calibration,30,0.01,0.24,0.24,512,522,64,8,18,redGreenCompetition,0.30,0.000000,1,1,1,,0,0,
calibration,30,0.01,0.24,0.24,512,522,64,8,18,redGreenCompetition,0.35,0.000000,1,1,1,,0,0,
calibration,30,0.01,0.24,0.24,512,522,64,8,18,redGreenCompetition,0.40,0.000000,1,1,1,,0,0,
calibration,30,0.01,0.24,0.24,512,522,64,8,18,redGreenCompetition,0.45,0.000000,1,1,1,,0,0,
calibration,30,0.01,0.24,0.24,512,522,64,8,18,redGreenCompetition,0.50,0.000000,1,1,1,,0,0,
calibration,30,0.01,0.24,0.24,512,522,64,8,18,redGreenCompetition,0.55,0.000000,1,1,1,,0,0,
calibration,30,0.01,0.24,0.24,512,522,64,8,18,redGreenCompetition,0.60,0.000000,1,1,1,,0,0,
calibration,30,0.01,0.24,0.24,512,522,64,8,18,redGreenCompetition,0.65,0.000000,1,1,1,,0,0,
calibration,30,0.01,0.24,0.24,512,522,64,8,18,redGreenCompetition,0.70,0.000000,1,1,1,,0,0,
calibration,30,0.01,0.24,0.24,512,522,64,8,18,redGreenCompetition,0.75,0.000000,1,1,1,,0,0,
calibration,30,0.01,0.24,0.24,512,522,64,8,18,redGreenCompetition,0.80,0.000000,1,1,1,,0,0,
calibration,30,0.01,0.24,0.24,512,522,64,8,18,redGreenCompetition,0.85,0.000000,1,1,1,,0,0,
calibration,30,0.01,0.24,0.24,512,522,64,8,18,redGreenCompetition,0.90,0.000000,1,1,1,,0,0,
calibration,30,0.01,0.24,0.24,512,522,64,8,18,redGreenCompetition,0.95,0.000000,1,1,1,,0,0,
calibration,30,0.01,0.24,0.24,512,522,64,8,18,redGreenCompetition,1.00,0.000000,1,1,1,,0,0,
calibration,30,0.01,0.24,0.24,512,522,64,8,18,blueYellowCompetition,0.00,0.000000,1,1,1,,0,0,
calibration,30,0.01,0.24,0.24,512,522,64,8,18,blueYellowCompetition,0.05,0.000000,1,1,1,,0,0,
calibration,30,0.01,0.24,0.24,512,522,64,8,18,blueYellowCompetition,0.10,0.000000,1,1,1,,0,0,
calibration,30,0.01,0.24,0.24,512,522,64,8,18,blueYellowCompetition,0.15,0.000000,1,1,1,,0,0,
calibration,30,0.01,0.24,0.24,512,522,64,8,18,blueYellowCompetition,0.20,0.000000,1,1,1,,0,0,
calibration,30,0.01,0.24,0.24,512,522,64,8,18,blueYellowCompetition,0.25,0.000000,1,1,1,,0,0,
calibration,30,0.01,0.24,0.24,512,522,64,8,18,blueYellowCompetition,0.30,0.000000,1,1,1,,0,0,
calibration,30,0.01,0.24,0.24,512,522,64,8,18,blueYellowCompetition,0.35,0.000000,1,1,1,,0,0,
calibration,30,0.01,0.24,0.24,512,522,64,8,18,blueYellowCompetition,0.40,0.000000,1,1,1,,0,0,
calibration,30,0.01,0.24,0.24,512,522,64,8,18,blueYellowCompetition,0.45,0.000000,1,1,1,,0,0,
calibration,30,0.01,0.24,0.24,512,522,64,8,18,blueYellowCompetition,0.50,0.000000,1,1,1,,0,0,
calibration,30,0.01,0.24,0.24,512,522,64,8,18,blueYellowCompetition,0.55,0.000000,1,1,1,,0,0,
calibration,30,0.01,0.24,0.24,512,522,64,8,18,blueYellowCompetition,0.60,0.000000,1,1,1,,0,0,
calibration,30,0.01,0.24,0.24,512,522,64,8,18,blueYellowCompetition,0.65,0.000000,1,1,1,,0,0,
calibration,30,0.01,0.24,0.24,512,522,64,8,18,blueYellowCompetition,0.70,0.000000,1,1,1,,0,0,
calibration,30,0.01,0.24,0.24,512,522,64,8,18,blueYellowCompetition,0.75,0.000000,1,1,1,,0,0,
calibration,30,0.01,0.24,0.24,512,522,64,8,18,blueYellowCompetition,0.80,0.000000,1,1,1,,0,0,
calibration,30,0.01,0.24,0.24,512,522,64,8,18,blueYellowCompetition,0.85,0.000000,1,1,1,,0,0,
calibration,30,0.01,0.24,0.24,512,522,64,8,18,blueYellowCompetition,0.90,0.000000,1,1,1,,0,0,
calibration,30,0.01,0.24,0.24,512,522,64,8,18,blueYellowCompetition,0.95,0.000000,1,1,1,,0,0,
calibration,30,0.01,0.24,0.24,512,522,64,8,18,blueYellowCompetition,1.00,0.000000,1,1,1,,0,0,
calibration,31,0.01,0.24,0.32,512,522,64,8,18,redGreenCompetition,0.00,0.000000,1,1,1,,0,0,
calibration,31,0.01,0.24,0.32,512,522,64,8,18,redGreenCompetition,0.05,0.000000,1,1,1,,0,0,
calibration,31,0.01,0.24,0.32,512,522,64,8,18,redGreenCompetition,0.10,0.000000,1,1,1,,0,0,
calibration,31,0.01,0.24,0.32,512,522,64,8,18,redGreenCompetition,0.15,0.000000,1,1,1,,0,0,
calibration,31,0.01,0.24,0.32,512,522,64,8,18,redGreenCompetition,0.20,0.000000,1,1,1,,0,0,
calibration,31,0.01,0.24,0.32,512,522,64,8,18,redGreenCompetition,0.25,0.000000,1,1,1,,0,0,
calibration,31,0.01,0.24,0.32,512,522,64,8,18,redGreenCompetition,0.30,0.000000,1,1,1,,0,0,
calibration,31,0.01,0.24,0.32,512,522,64,8,18,redGreenCompetition,0.35,0.000000,1,1,1,,0,0,
calibration,31,0.01,0.24,0.32,512,522,64,8,18,redGreenCompetition,0.40,0.000000,1,1,1,,0,0,
calibration,31,0.01,0.24,0.32,512,522,64,8,18,redGreenCompetition,0.45,0.000000,1,1,1,,0,0,
calibration,31,0.01,0.24,0.32,512,522,64,8,18,redGreenCompetition,0.50,0.000000,1,1,1,,0,0,
calibration,31,0.01,0.24,0.32,512,522,64,8,18,redGreenCompetition,0.55,0.000000,1,1,1,,0,0,
calibration,31,0.01,0.24,0.32,512,522,64,8,18,redGreenCompetition,0.60,0.000000,1,1,1,,0,0,
calibration,31,0.01,0.24,0.32,512,522,64,8,18,redGreenCompetition,0.65,0.000000,1,1,1,,0,0,
calibration,31,0.01,0.24,0.32,512,522,64,8,18,redGreenCompetition,0.70,0.000000,1,1,1,,0,0,
calibration,31,0.01,0.24,0.32,512,522,64,8,18,redGreenCompetition,0.75,0.000000,1,1,1,,0,0,
calibration,31,0.01,0.24,0.32,512,522,64,8,18,redGreenCompetition,0.80,0.000000,1,1,1,,0,0,
calibration,31,0.01,0.24,0.32,512,522,64,8,18,redGreenCompetition,0.85,0.000000,1,1,1,,0,0,
calibration,31,0.01,0.24,0.32,512,522,64,8,18,redGreenCompetition,0.90,0.000000,1,1,1,,0,0,
calibration,31,0.01,0.24,0.32,512,522,64,8,18,redGreenCompetition,0.95,0.000000,1,1,1,,0,0,
calibration,31,0.01,0.24,0.32,512,522,64,8,18,redGreenCompetition,1.00,0.000000,1,1,1,,0,0,
calibration,31,0.01,0.24,0.32,512,522,64,8,18,blueYellowCompetition,0.00,0.000000,1,1,1,,0,0,
calibration,31,0.01,0.24,0.32,512,522,64,8,18,blueYellowCompetition,0.05,0.000000,1,1,1,,0,0,
calibration,31,0.01,0.24,0.32,512,522,64,8,18,blueYellowCompetition,0.10,0.000000,1,1,1,,0,0,
calibration,31,0.01,0.24,0.32,512,522,64,8,18,blueYellowCompetition,0.15,0.000000,1,1,1,,0,0,
calibration,31,0.01,0.24,0.32,512,522,64,8,18,blueYellowCompetition,0.20,0.000000,1,1,1,,0,0,
calibration,31,0.01,0.24,0.32,512,522,64,8,18,blueYellowCompetition,0.25,0.000000,1,1,1,,0,0,
calibration,31,0.01,0.24,0.32,512,522,64,8,18,blueYellowCompetition,0.30,0.000000,1,1,1,,0,0,
calibration,31,0.01,0.24,0.32,512,522,64,8,18,blueYellowCompetition,0.35,0.000000,1,1,1,,0,0,
calibration,31,0.01,0.24,0.32,512,522,64,8,18,blueYellowCompetition,0.40,0.000000,1,1,1,,0,0,
calibration,31,0.01,0.24,0.32,512,522,64,8,18,blueYellowCompetition,0.45,0.000000,1,1,1,,0,0,
calibration,31,0.01,0.24,0.32,512,522,64,8,18,blueYellowCompetition,0.50,0.000000,1,1,1,,0,0,
calibration,31,0.01,0.24,0.32,512,522,64,8,18,blueYellowCompetition,0.55,0.000000,1,1,1,,0,0,
calibration,31,0.01,0.24,0.32,512,522,64,8,18,blueYellowCompetition,0.60,0.000000,1,1,1,,0,0,
calibration,31,0.01,0.24,0.32,512,522,64,8,18,blueYellowCompetition,0.65,0.000000,1,1,1,,0,0,
calibration,31,0.01,0.24,0.32,512,522,64,8,18,blueYellowCompetition,0.70,0.000000,1,1,1,,0,0,
calibration,31,0.01,0.24,0.32,512,522,64,8,18,blueYellowCompetition,0.75,0.000000,1,1,1,,0,0,
calibration,31,0.01,0.24,0.32,512,522,64,8,18,blueYellowCompetition,0.80,0.000000,1,1,1,,0,0,
calibration,31,0.01,0.24,0.32,512,522,64,8,18,blueYellowCompetition,0.85,0.000000,1,1,1,,0,0,
calibration,31,0.01,0.24,0.32,512,522,64,8,18,blueYellowCompetition,0.90,0.000000,1,1,1,,0,0,
calibration,31,0.01,0.24,0.32,512,522,64,8,18,blueYellowCompetition,0.95,0.000000,1,1,1,,0,0,
calibration,31,0.01,0.24,0.32,512,522,64,8,18,blueYellowCompetition,1.00,0.000000,1,1,1,,0,0,
calibration,32,0.02,0.08,0.08,512,522,64,8,18,redGreenCompetition,0.00,0.000000,1,1,1,,0,0,
calibration,32,0.02,0.08,0.08,512,522,64,8,18,redGreenCompetition,0.05,0.000000,1,1,1,,0,0,
calibration,32,0.02,0.08,0.08,512,522,64,8,18,redGreenCompetition,0.10,0.000000,1,1,1,,0,0,
calibration,32,0.02,0.08,0.08,512,522,64,8,18,redGreenCompetition,0.15,0.000000,1,1,1,,0,0,
calibration,32,0.02,0.08,0.08,512,522,64,8,18,redGreenCompetition,0.20,0.000000,1,1,1,,0,0,
calibration,32,0.02,0.08,0.08,512,522,64,8,18,redGreenCompetition,0.25,0.000000,1,1,1,,0,0,
calibration,32,0.02,0.08,0.08,512,522,64,8,18,redGreenCompetition,0.30,0.000000,1,1,1,,0,0,
calibration,32,0.02,0.08,0.08,512,522,64,8,18,redGreenCompetition,0.35,0.000000,1,1,1,,0,0,
calibration,32,0.02,0.08,0.08,512,522,64,8,18,redGreenCompetition,0.40,0.000000,1,1,1,,0,0,
calibration,32,0.02,0.08,0.08,512,522,64,8,18,redGreenCompetition,0.45,0.000000,1,1,1,,0,0,
calibration,32,0.02,0.08,0.08,512,522,64,8,18,redGreenCompetition,0.50,0.000000,1,1,1,,0,0,
calibration,32,0.02,0.08,0.08,512,522,64,8,18,redGreenCompetition,0.55,0.000000,1,1,1,,0,0,
calibration,32,0.02,0.08,0.08,512,522,64,8,18,redGreenCompetition,0.60,0.000000,1,1,1,,0,0,
calibration,32,0.02,0.08,0.08,512,522,64,8,18,redGreenCompetition,0.65,0.000000,1,1,1,,0,0,
calibration,32,0.02,0.08,0.08,512,522,64,8,18,redGreenCompetition,0.70,0.000000,1,1,1,,0,0,
calibration,32,0.02,0.08,0.08,512,522,64,8,18,redGreenCompetition,0.75,0.000000,1,1,1,,0,0,
calibration,32,0.02,0.08,0.08,512,522,64,8,18,redGreenCompetition,0.80,0.000000,1,1,1,,0,0,
calibration,32,0.02,0.08,0.08,512,522,64,8,18,redGreenCompetition,0.85,0.000000,1,1,1,,0,0,
calibration,32,0.02,0.08,0.08,512,522,64,8,18,redGreenCompetition,0.90,0.000000,1,1,1,,0,0,
calibration,32,0.02,0.08,0.08,512,522,64,8,18,redGreenCompetition,0.95,0.000000,1,1,1,,0,0,
calibration,32,0.02,0.08,0.08,512,522,64,8,18,redGreenCompetition,1.00,0.000000,1,1,1,,0,0,
calibration,32,0.02,0.08,0.08,512,522,64,8,18,blueYellowCompetition,0.00,0.000000,1,1,1,,0,0,
calibration,32,0.02,0.08,0.08,512,522,64,8,18,blueYellowCompetition,0.05,0.000000,1,1,1,,0,0,
calibration,32,0.02,0.08,0.08,512,522,64,8,18,blueYellowCompetition,0.10,0.000000,1,1,1,,0,0,
calibration,32,0.02,0.08,0.08,512,522,64,8,18,blueYellowCompetition,0.15,0.000000,1,1,1,,0,0,
calibration,32,0.02,0.08,0.08,512,522,64,8,18,blueYellowCompetition,0.20,0.000000,1,1,1,,0,0,
calibration,32,0.02,0.08,0.08,512,522,64,8,18,blueYellowCompetition,0.25,0.000000,1,1,1,,0,0,
calibration,32,0.02,0.08,0.08,512,522,64,8,18,blueYellowCompetition,0.30,0.000000,1,1,1,,0,0,
calibration,32,0.02,0.08,0.08,512,522,64,8,18,blueYellowCompetition,0.35,0.000000,1,1,1,,0,0,
calibration,32,0.02,0.08,0.08,512,522,64,8,18,blueYellowCompetition,0.40,0.000000,1,1,1,,0,0,
calibration,32,0.02,0.08,0.08,512,522,64,8,18,blueYellowCompetition,0.45,0.000000,1,1,1,,0,0,
calibration,32,0.02,0.08,0.08,512,522,64,8,18,blueYellowCompetition,0.50,0.000000,1,1,1,,0,0,
calibration,32,0.02,0.08,0.08,512,522,64,8,18,blueYellowCompetition,0.55,0.000000,1,1,1,,0,0,
calibration,32,0.02,0.08,0.08,512,522,64,8,18,blueYellowCompetition,0.60,0.000000,1,1,1,,0,0,
calibration,32,0.02,0.08,0.08,512,522,64,8,18,blueYellowCompetition,0.65,0.000000,1,1,1,,0,0,
calibration,32,0.02,0.08,0.08,512,522,64,8,18,blueYellowCompetition,0.70,0.000000,1,1,1,,0,0,
calibration,32,0.02,0.08,0.08,512,522,64,8,18,blueYellowCompetition,0.75,0.000000,1,1,1,,0,0,
calibration,32,0.02,0.08,0.08,512,522,64,8,18,blueYellowCompetition,0.80,0.000000,1,1,1,,0,0,
calibration,32,0.02,0.08,0.08,512,522,64,8,18,blueYellowCompetition,0.85,0.000000,1,1,1,,0,0,
calibration,32,0.02,0.08,0.08,512,522,64,8,18,blueYellowCompetition,0.90,0.000000,1,1,1,,0,0,
calibration,32,0.02,0.08,0.08,512,522,64,8,18,blueYellowCompetition,0.95,0.000000,1,1,1,,0,0,
calibration,32,0.02,0.08,0.08,512,522,64,8,18,blueYellowCompetition,1.00,0.000000,1,1,1,,0,0,
calibration,33,0.02,0.08,0.16,512,522,64,8,18,redGreenCompetition,0.00,0.000000,1,1,1,,0,0,
calibration,33,0.02,0.08,0.16,512,522,64,8,18,redGreenCompetition,0.05,0.000000,1,1,1,,0,0,
calibration,33,0.02,0.08,0.16,512,522,64,8,18,redGreenCompetition,0.10,0.000000,1,1,1,,0,0,
calibration,33,0.02,0.08,0.16,512,522,64,8,18,redGreenCompetition,0.15,0.000000,1,1,1,,0,0,
calibration,33,0.02,0.08,0.16,512,522,64,8,18,redGreenCompetition,0.20,0.000000,1,1,1,,0,0,
calibration,33,0.02,0.08,0.16,512,522,64,8,18,redGreenCompetition,0.25,0.000000,1,1,1,,0,0,
calibration,33,0.02,0.08,0.16,512,522,64,8,18,redGreenCompetition,0.30,0.000000,1,1,1,,0,0,
calibration,33,0.02,0.08,0.16,512,522,64,8,18,redGreenCompetition,0.35,0.000000,1,1,1,,0,0,
calibration,33,0.02,0.08,0.16,512,522,64,8,18,redGreenCompetition,0.40,0.000000,1,1,1,,0,0,
calibration,33,0.02,0.08,0.16,512,522,64,8,18,redGreenCompetition,0.45,0.000000,1,1,1,,0,0,
calibration,33,0.02,0.08,0.16,512,522,64,8,18,redGreenCompetition,0.50,0.000000,1,1,1,,0,0,
calibration,33,0.02,0.08,0.16,512,522,64,8,18,redGreenCompetition,0.55,0.000000,1,1,1,,0,0,
calibration,33,0.02,0.08,0.16,512,522,64,8,18,redGreenCompetition,0.60,0.000000,1,1,1,,0,0,
calibration,33,0.02,0.08,0.16,512,522,64,8,18,redGreenCompetition,0.65,0.000000,1,1,1,,0,0,
calibration,33,0.02,0.08,0.16,512,522,64,8,18,redGreenCompetition,0.70,0.000000,1,1,1,,0,0,
calibration,33,0.02,0.08,0.16,512,522,64,8,18,redGreenCompetition,0.75,0.000000,1,1,1,,0,0,
calibration,33,0.02,0.08,0.16,512,522,64,8,18,redGreenCompetition,0.80,0.000000,1,1,1,,0,0,
calibration,33,0.02,0.08,0.16,512,522,64,8,18,redGreenCompetition,0.85,0.000000,1,1,1,,0,0,
calibration,33,0.02,0.08,0.16,512,522,64,8,18,redGreenCompetition,0.90,0.000000,1,1,1,,0,0,
calibration,33,0.02,0.08,0.16,512,522,64,8,18,redGreenCompetition,0.95,0.000000,1,1,1,,0,0,
calibration,33,0.02,0.08,0.16,512,522,64,8,18,redGreenCompetition,1.00,0.000000,1,1,1,,0,0,
calibration,33,0.02,0.08,0.16,512,522,64,8,18,blueYellowCompetition,0.00,0.000000,1,1,1,,0,0,
calibration,33,0.02,0.08,0.16,512,522,64,8,18,blueYellowCompetition,0.05,0.000000,1,1,1,,0,0,
calibration,33,0.02,0.08,0.16,512,522,64,8,18,blueYellowCompetition,0.10,0.000000,1,1,1,,0,0,
calibration,33,0.02,0.08,0.16,512,522,64,8,18,blueYellowCompetition,0.15,0.000000,1,1,1,,0,0,
calibration,33,0.02,0.08,0.16,512,522,64,8,18,blueYellowCompetition,0.20,0.000000,1,1,1,,0,0,
calibration,33,0.02,0.08,0.16,512,522,64,8,18,blueYellowCompetition,0.25,0.000000,1,1,1,,0,0,
calibration,33,0.02,0.08,0.16,512,522,64,8,18,blueYellowCompetition,0.30,0.000000,1,1,1,,0,0,
calibration,33,0.02,0.08,0.16,512,522,64,8,18,blueYellowCompetition,0.35,0.000000,1,1,1,,0,0,
calibration,33,0.02,0.08,0.16,512,522,64,8,18,blueYellowCompetition,0.40,0.000000,1,1,1,,0,0,
calibration,33,0.02,0.08,0.16,512,522,64,8,18,blueYellowCompetition,0.45,0.000000,1,1,1,,0,0,
calibration,33,0.02,0.08,0.16,512,522,64,8,18,blueYellowCompetition,0.50,0.000000,1,1,1,,0,0,
calibration,33,0.02,0.08,0.16,512,522,64,8,18,blueYellowCompetition,0.55,0.000000,1,1,1,,0,0,
calibration,33,0.02,0.08,0.16,512,522,64,8,18,blueYellowCompetition,0.60,0.000000,1,1,1,,0,0,
calibration,33,0.02,0.08,0.16,512,522,64,8,18,blueYellowCompetition,0.65,0.000000,1,1,1,,0,0,
calibration,33,0.02,0.08,0.16,512,522,64,8,18,blueYellowCompetition,0.70,0.000000,1,1,1,,0,0,
calibration,33,0.02,0.08,0.16,512,522,64,8,18,blueYellowCompetition,0.75,0.000000,1,1,1,,0,0,
calibration,33,0.02,0.08,0.16,512,522,64,8,18,blueYellowCompetition,0.80,0.000000,1,1,1,,0,0,
calibration,33,0.02,0.08,0.16,512,522,64,8,18,blueYellowCompetition,0.85,0.000000,1,1,1,,0,0,
calibration,33,0.02,0.08,0.16,512,522,64,8,18,blueYellowCompetition,0.90,0.000000,1,1,1,,0,0,
calibration,33,0.02,0.08,0.16,512,522,64,8,18,blueYellowCompetition,0.95,0.000000,1,1,1,,0,0,
calibration,33,0.02,0.08,0.16,512,522,64,8,18,blueYellowCompetition,1.00,0.000000,1,1,1,,0,0,
calibration,34,0.02,0.08,0.24,512,522,64,8,18,redGreenCompetition,0.00,0.000000,1,1,1,,0,0,
calibration,34,0.02,0.08,0.24,512,522,64,8,18,redGreenCompetition,0.05,0.000000,1,1,1,,0,0,
calibration,34,0.02,0.08,0.24,512,522,64,8,18,redGreenCompetition,0.10,0.000000,1,1,1,,0,0,
calibration,34,0.02,0.08,0.24,512,522,64,8,18,redGreenCompetition,0.15,0.000000,1,1,1,,0,0,
calibration,34,0.02,0.08,0.24,512,522,64,8,18,redGreenCompetition,0.20,0.000000,1,1,1,,0,0,
calibration,34,0.02,0.08,0.24,512,522,64,8,18,redGreenCompetition,0.25,0.000000,1,1,1,,0,0,
calibration,34,0.02,0.08,0.24,512,522,64,8,18,redGreenCompetition,0.30,0.000000,1,1,1,,0,0,
calibration,34,0.02,0.08,0.24,512,522,64,8,18,redGreenCompetition,0.35,0.000000,1,1,1,,0,0,
calibration,34,0.02,0.08,0.24,512,522,64,8,18,redGreenCompetition,0.40,0.000000,1,1,1,,0,0,
calibration,34,0.02,0.08,0.24,512,522,64,8,18,redGreenCompetition,0.45,0.000000,1,1,1,,0,0,
calibration,34,0.02,0.08,0.24,512,522,64,8,18,redGreenCompetition,0.50,0.000000,1,1,1,,0,0,
calibration,34,0.02,0.08,0.24,512,522,64,8,18,redGreenCompetition,0.55,0.000000,1,1,1,,0,0,
calibration,34,0.02,0.08,0.24,512,522,64,8,18,redGreenCompetition,0.60,0.000000,1,1,1,,0,0,
calibration,34,0.02,0.08,0.24,512,522,64,8,18,redGreenCompetition,0.65,0.000000,1,1,1,,0,0,
calibration,34,0.02,0.08,0.24,512,522,64,8,18,redGreenCompetition,0.70,0.000000,1,1,1,,0,0,
calibration,34,0.02,0.08,0.24,512,522,64,8,18,redGreenCompetition,0.75,0.000000,1,1,1,,0,0,
calibration,34,0.02,0.08,0.24,512,522,64,8,18,redGreenCompetition,0.80,0.000000,1,1,1,,0,0,
calibration,34,0.02,0.08,0.24,512,522,64,8,18,redGreenCompetition,0.85,0.000000,1,1,1,,0,0,
calibration,34,0.02,0.08,0.24,512,522,64,8,18,redGreenCompetition,0.90,0.000000,1,1,1,,0,0,
calibration,34,0.02,0.08,0.24,512,522,64,8,18,redGreenCompetition,0.95,0.000000,1,1,1,,0,0,
calibration,34,0.02,0.08,0.24,512,522,64,8,18,redGreenCompetition,1.00,0.000000,1,1,1,,0,0,
calibration,34,0.02,0.08,0.24,512,522,64,8,18,blueYellowCompetition,0.00,0.000000,1,1,1,,0,0,
calibration,34,0.02,0.08,0.24,512,522,64,8,18,blueYellowCompetition,0.05,0.000000,1,1,1,,0,0,
calibration,34,0.02,0.08,0.24,512,522,64,8,18,blueYellowCompetition,0.10,0.000000,1,1,1,,0,0,
calibration,34,0.02,0.08,0.24,512,522,64,8,18,blueYellowCompetition,0.15,0.000000,1,1,1,,0,0,
calibration,34,0.02,0.08,0.24,512,522,64,8,18,blueYellowCompetition,0.20,0.000000,1,1,1,,0,0,
calibration,34,0.02,0.08,0.24,512,522,64,8,18,blueYellowCompetition,0.25,0.000000,1,1,1,,0,0,
calibration,34,0.02,0.08,0.24,512,522,64,8,18,blueYellowCompetition,0.30,0.000000,1,1,1,,0,0,
calibration,34,0.02,0.08,0.24,512,522,64,8,18,blueYellowCompetition,0.35,0.000000,1,1,1,,0,0,
calibration,34,0.02,0.08,0.24,512,522,64,8,18,blueYellowCompetition,0.40,0.000000,1,1,1,,0,0,
calibration,34,0.02,0.08,0.24,512,522,64,8,18,blueYellowCompetition,0.45,0.000000,1,1,1,,0,0,
calibration,34,0.02,0.08,0.24,512,522,64,8,18,blueYellowCompetition,0.50,0.000000,1,1,1,,0,0,
calibration,34,0.02,0.08,0.24,512,522,64,8,18,blueYellowCompetition,0.55,0.000000,1,1,1,,0,0,
calibration,34,0.02,0.08,0.24,512,522,64,8,18,blueYellowCompetition,0.60,0.000000,1,1,1,,0,0,
calibration,34,0.02,0.08,0.24,512,522,64,8,18,blueYellowCompetition,0.65,0.000000,1,1,1,,0,0,
calibration,34,0.02,0.08,0.24,512,522,64,8,18,blueYellowCompetition,0.70,0.000000,1,1,1,,0,0,
calibration,34,0.02,0.08,0.24,512,522,64,8,18,blueYellowCompetition,0.75,0.000000,1,1,1,,0,0,
calibration,34,0.02,0.08,0.24,512,522,64,8,18,blueYellowCompetition,0.80,0.000000,1,1,1,,0,0,
calibration,34,0.02,0.08,0.24,512,522,64,8,18,blueYellowCompetition,0.85,0.000000,1,1,1,,0,0,
calibration,34,0.02,0.08,0.24,512,522,64,8,18,blueYellowCompetition,0.90,0.000000,1,1,1,,0,0,
calibration,34,0.02,0.08,0.24,512,522,64,8,18,blueYellowCompetition,0.95,0.000000,1,1,1,,0,0,
calibration,34,0.02,0.08,0.24,512,522,64,8,18,blueYellowCompetition,1.00,0.000000,1,1,1,,0,0,
calibration,35,0.02,0.08,0.32,512,522,64,8,18,redGreenCompetition,0.00,0.000000,1,1,1,,0,0,
calibration,35,0.02,0.08,0.32,512,522,64,8,18,redGreenCompetition,0.05,0.000000,1,1,1,,0,0,
calibration,35,0.02,0.08,0.32,512,522,64,8,18,redGreenCompetition,0.10,0.000000,1,1,1,,0,0,
calibration,35,0.02,0.08,0.32,512,522,64,8,18,redGreenCompetition,0.15,0.000000,1,1,1,,0,0,
calibration,35,0.02,0.08,0.32,512,522,64,8,18,redGreenCompetition,0.20,0.000000,1,1,1,,0,0,
calibration,35,0.02,0.08,0.32,512,522,64,8,18,redGreenCompetition,0.25,0.000000,1,1,1,,0,0,
calibration,35,0.02,0.08,0.32,512,522,64,8,18,redGreenCompetition,0.30,0.000000,1,1,1,,0,0,
calibration,35,0.02,0.08,0.32,512,522,64,8,18,redGreenCompetition,0.35,0.000000,1,1,1,,0,0,
calibration,35,0.02,0.08,0.32,512,522,64,8,18,redGreenCompetition,0.40,0.000000,1,1,1,,0,0,
calibration,35,0.02,0.08,0.32,512,522,64,8,18,redGreenCompetition,0.45,0.000000,1,1,1,,0,0,
calibration,35,0.02,0.08,0.32,512,522,64,8,18,redGreenCompetition,0.50,0.000000,1,1,1,,0,0,
calibration,35,0.02,0.08,0.32,512,522,64,8,18,redGreenCompetition,0.55,0.000000,1,1,1,,0,0,
calibration,35,0.02,0.08,0.32,512,522,64,8,18,redGreenCompetition,0.60,0.000000,1,1,1,,0,0,
calibration,35,0.02,0.08,0.32,512,522,64,8,18,redGreenCompetition,0.65,0.000000,1,1,1,,0,0,
calibration,35,0.02,0.08,0.32,512,522,64,8,18,redGreenCompetition,0.70,0.000000,1,1,1,,0,0,
calibration,35,0.02,0.08,0.32,512,522,64,8,18,redGreenCompetition,0.75,0.000000,1,1,1,,0,0,
calibration,35,0.02,0.08,0.32,512,522,64,8,18,redGreenCompetition,0.80,0.000000,1,1,1,,0,0,
calibration,35,0.02,0.08,0.32,512,522,64,8,18,redGreenCompetition,0.85,0.000000,1,1,1,,0,0,
calibration,35,0.02,0.08,0.32,512,522,64,8,18,redGreenCompetition,0.90,0.000000,1,1,1,,0,0,
calibration,35,0.02,0.08,0.32,512,522,64,8,18,redGreenCompetition,0.95,0.000000,1,1,1,,0,0,
calibration,35,0.02,0.08,0.32,512,522,64,8,18,redGreenCompetition,1.00,0.000000,1,1,1,,0,0,
calibration,35,0.02,0.08,0.32,512,522,64,8,18,blueYellowCompetition,0.00,0.000000,1,1,1,,0,0,
calibration,35,0.02,0.08,0.32,512,522,64,8,18,blueYellowCompetition,0.05,0.000000,1,1,1,,0,0,
calibration,35,0.02,0.08,0.32,512,522,64,8,18,blueYellowCompetition,0.10,0.000000,1,1,1,,0,0,
calibration,35,0.02,0.08,0.32,512,522,64,8,18,blueYellowCompetition,0.15,0.000000,1,1,1,,0,0,
calibration,35,0.02,0.08,0.32,512,522,64,8,18,blueYellowCompetition,0.20,0.000000,1,1,1,,0,0,
calibration,35,0.02,0.08,0.32,512,522,64,8,18,blueYellowCompetition,0.25,0.000000,1,1,1,,0,0,
calibration,35,0.02,0.08,0.32,512,522,64,8,18,blueYellowCompetition,0.30,0.000000,1,1,1,,0,0,
calibration,35,0.02,0.08,0.32,512,522,64,8,18,blueYellowCompetition,0.35,0.000000,1,1,1,,0,0,
calibration,35,0.02,0.08,0.32,512,522,64,8,18,blueYellowCompetition,0.40,0.000000,1,1,1,,0,0,
calibration,35,0.02,0.08,0.32,512,522,64,8,18,blueYellowCompetition,0.45,0.000000,1,1,1,,0,0,
calibration,35,0.02,0.08,0.32,512,522,64,8,18,blueYellowCompetition,0.50,0.000000,1,1,1,,0,0,
calibration,35,0.02,0.08,0.32,512,522,64,8,18,blueYellowCompetition,0.55,0.000000,1,1,1,,0,0,
calibration,35,0.02,0.08,0.32,512,522,64,8,18,blueYellowCompetition,0.60,0.000000,1,1,1,,0,0,
calibration,35,0.02,0.08,0.32,512,522,64,8,18,blueYellowCompetition,0.65,0.000000,1,1,1,,0,0,
calibration,35,0.02,0.08,0.32,512,522,64,8,18,blueYellowCompetition,0.70,0.000000,1,1,1,,0,0,
calibration,35,0.02,0.08,0.32,512,522,64,8,18,blueYellowCompetition,0.75,0.000000,1,1,1,,0,0,
calibration,35,0.02,0.08,0.32,512,522,64,8,18,blueYellowCompetition,0.80,0.000000,1,1,1,,0,0,
calibration,35,0.02,0.08,0.32,512,522,64,8,18,blueYellowCompetition,0.85,0.000000,1,1,1,,0,0,
calibration,35,0.02,0.08,0.32,512,522,64,8,18,blueYellowCompetition,0.90,0.000000,1,1,1,,0,0,
calibration,35,0.02,0.08,0.32,512,522,64,8,18,blueYellowCompetition,0.95,0.000000,1,1,1,,0,0,
calibration,35,0.02,0.08,0.32,512,522,64,8,18,blueYellowCompetition,1.00,0.000000,1,1,1,,0,0,
calibration,36,0.02,0.12,0.08,512,522,64,8,18,redGreenCompetition,0.00,0.000000,1,1,1,,0,0,
calibration,36,0.02,0.12,0.08,512,522,64,8,18,redGreenCompetition,0.05,0.000000,1,1,1,,0,0,
calibration,36,0.02,0.12,0.08,512,522,64,8,18,redGreenCompetition,0.10,0.000000,1,1,1,,0,0,
calibration,36,0.02,0.12,0.08,512,522,64,8,18,redGreenCompetition,0.15,0.000000,1,1,1,,0,0,
calibration,36,0.02,0.12,0.08,512,522,64,8,18,redGreenCompetition,0.20,0.000000,1,1,1,,0,0,
calibration,36,0.02,0.12,0.08,512,522,64,8,18,redGreenCompetition,0.25,0.000000,1,1,1,,0,0,
calibration,36,0.02,0.12,0.08,512,522,64,8,18,redGreenCompetition,0.30,0.000000,1,1,1,,0,0,
calibration,36,0.02,0.12,0.08,512,522,64,8,18,redGreenCompetition,0.35,0.000000,1,1,1,,0,0,
calibration,36,0.02,0.12,0.08,512,522,64,8,18,redGreenCompetition,0.40,0.000000,1,1,1,,0,0,
calibration,36,0.02,0.12,0.08,512,522,64,8,18,redGreenCompetition,0.45,0.000000,1,1,1,,0,0,
calibration,36,0.02,0.12,0.08,512,522,64,8,18,redGreenCompetition,0.50,0.000000,1,1,1,,0,0,
calibration,36,0.02,0.12,0.08,512,522,64,8,18,redGreenCompetition,0.55,0.000000,1,1,1,,0,0,
calibration,36,0.02,0.12,0.08,512,522,64,8,18,redGreenCompetition,0.60,0.000000,1,1,1,,0,0,
calibration,36,0.02,0.12,0.08,512,522,64,8,18,redGreenCompetition,0.65,0.000000,1,1,1,,0,0,
calibration,36,0.02,0.12,0.08,512,522,64,8,18,redGreenCompetition,0.70,0.000000,1,1,1,,0,0,
calibration,36,0.02,0.12,0.08,512,522,64,8,18,redGreenCompetition,0.75,0.000000,1,1,1,,0,0,
calibration,36,0.02,0.12,0.08,512,522,64,8,18,redGreenCompetition,0.80,0.000000,1,1,1,,0,0,
calibration,36,0.02,0.12,0.08,512,522,64,8,18,redGreenCompetition,0.85,0.000000,1,1,1,,0,0,
calibration,36,0.02,0.12,0.08,512,522,64,8,18,redGreenCompetition,0.90,0.000000,1,1,1,,0,0,
calibration,36,0.02,0.12,0.08,512,522,64,8,18,redGreenCompetition,0.95,0.000000,1,1,1,,0,0,
calibration,36,0.02,0.12,0.08,512,522,64,8,18,redGreenCompetition,1.00,0.000000,1,1,1,,0,0,
calibration,36,0.02,0.12,0.08,512,522,64,8,18,blueYellowCompetition,0.00,0.000000,1,1,1,,0,0,
calibration,36,0.02,0.12,0.08,512,522,64,8,18,blueYellowCompetition,0.05,0.000000,1,1,1,,0,0,
calibration,36,0.02,0.12,0.08,512,522,64,8,18,blueYellowCompetition,0.10,0.000000,1,1,1,,0,0,
calibration,36,0.02,0.12,0.08,512,522,64,8,18,blueYellowCompetition,0.15,0.000000,1,1,1,,0,0,
calibration,36,0.02,0.12,0.08,512,522,64,8,18,blueYellowCompetition,0.20,0.000000,1,1,1,,0,0,
calibration,36,0.02,0.12,0.08,512,522,64,8,18,blueYellowCompetition,0.25,0.000000,1,1,1,,0,0,
calibration,36,0.02,0.12,0.08,512,522,64,8,18,blueYellowCompetition,0.30,0.000000,1,1,1,,0,0,
calibration,36,0.02,0.12,0.08,512,522,64,8,18,blueYellowCompetition,0.35,0.000000,1,1,1,,0,0,
calibration,36,0.02,0.12,0.08,512,522,64,8,18,blueYellowCompetition,0.40,0.000000,1,1,1,,0,0,
calibration,36,0.02,0.12,0.08,512,522,64,8,18,blueYellowCompetition,0.45,0.000000,1,1,1,,0,0,
calibration,36,0.02,0.12,0.08,512,522,64,8,18,blueYellowCompetition,0.50,0.000000,1,1,1,,0,0,
calibration,36,0.02,0.12,0.08,512,522,64,8,18,blueYellowCompetition,0.55,0.000000,1,1,1,,0,0,
calibration,36,0.02,0.12,0.08,512,522,64,8,18,blueYellowCompetition,0.60,0.000000,1,1,1,,0,0,
calibration,36,0.02,0.12,0.08,512,522,64,8,18,blueYellowCompetition,0.65,0.000000,1,1,1,,0,0,
calibration,36,0.02,0.12,0.08,512,522,64,8,18,blueYellowCompetition,0.70,0.000000,1,1,1,,0,0,
calibration,36,0.02,0.12,0.08,512,522,64,8,18,blueYellowCompetition,0.75,0.000000,1,1,1,,0,0,
calibration,36,0.02,0.12,0.08,512,522,64,8,18,blueYellowCompetition,0.80,0.000000,1,1,1,,0,0,
calibration,36,0.02,0.12,0.08,512,522,64,8,18,blueYellowCompetition,0.85,0.000000,1,1,1,,0,0,
calibration,36,0.02,0.12,0.08,512,522,64,8,18,blueYellowCompetition,0.90,0.000000,1,1,1,,0,0,
calibration,36,0.02,0.12,0.08,512,522,64,8,18,blueYellowCompetition,0.95,0.000000,1,1,1,,0,0,
calibration,36,0.02,0.12,0.08,512,522,64,8,18,blueYellowCompetition,1.00,0.000000,1,1,1,,0,0,
calibration,37,0.02,0.12,0.16,512,522,64,8,18,redGreenCompetition,0.00,0.000000,1,1,1,,0,0,
calibration,37,0.02,0.12,0.16,512,522,64,8,18,redGreenCompetition,0.05,0.000000,1,1,1,,0,0,
calibration,37,0.02,0.12,0.16,512,522,64,8,18,redGreenCompetition,0.10,0.000000,1,1,1,,0,0,
calibration,37,0.02,0.12,0.16,512,522,64,8,18,redGreenCompetition,0.15,0.000000,1,1,1,,0,0,
calibration,37,0.02,0.12,0.16,512,522,64,8,18,redGreenCompetition,0.20,0.000000,1,1,1,,0,0,
calibration,37,0.02,0.12,0.16,512,522,64,8,18,redGreenCompetition,0.25,0.000000,1,1,1,,0,0,
calibration,37,0.02,0.12,0.16,512,522,64,8,18,redGreenCompetition,0.30,0.000000,1,1,1,,0,0,
calibration,37,0.02,0.12,0.16,512,522,64,8,18,redGreenCompetition,0.35,0.000000,1,1,1,,0,0,
calibration,37,0.02,0.12,0.16,512,522,64,8,18,redGreenCompetition,0.40,0.000000,1,1,1,,0,0,
calibration,37,0.02,0.12,0.16,512,522,64,8,18,redGreenCompetition,0.45,0.000000,1,1,1,,0,0,
calibration,37,0.02,0.12,0.16,512,522,64,8,18,redGreenCompetition,0.50,0.000000,1,1,1,,0,0,
calibration,37,0.02,0.12,0.16,512,522,64,8,18,redGreenCompetition,0.55,0.000000,1,1,1,,0,0,
calibration,37,0.02,0.12,0.16,512,522,64,8,18,redGreenCompetition,0.60,0.000000,1,1,1,,0,0,
calibration,37,0.02,0.12,0.16,512,522,64,8,18,redGreenCompetition,0.65,0.000000,1,1,1,,0,0,
calibration,37,0.02,0.12,0.16,512,522,64,8,18,redGreenCompetition,0.70,0.000000,1,1,1,,0,0,
calibration,37,0.02,0.12,0.16,512,522,64,8,18,redGreenCompetition,0.75,0.000000,1,1,1,,0,0,
calibration,37,0.02,0.12,0.16,512,522,64,8,18,redGreenCompetition,0.80,0.000000,1,1,1,,0,0,
calibration,37,0.02,0.12,0.16,512,522,64,8,18,redGreenCompetition,0.85,0.000000,1,1,1,,0,0,
calibration,37,0.02,0.12,0.16,512,522,64,8,18,redGreenCompetition,0.90,0.000000,1,1,1,,0,0,
calibration,37,0.02,0.12,0.16,512,522,64,8,18,redGreenCompetition,0.95,0.000000,1,1,1,,0,0,
calibration,37,0.02,0.12,0.16,512,522,64,8,18,redGreenCompetition,1.00,0.000000,1,1,1,,0,0,
calibration,37,0.02,0.12,0.16,512,522,64,8,18,blueYellowCompetition,0.00,0.000000,1,1,1,,0,0,
calibration,37,0.02,0.12,0.16,512,522,64,8,18,blueYellowCompetition,0.05,0.000000,1,1,1,,0,0,
calibration,37,0.02,0.12,0.16,512,522,64,8,18,blueYellowCompetition,0.10,0.000000,1,1,1,,0,0,
calibration,37,0.02,0.12,0.16,512,522,64,8,18,blueYellowCompetition,0.15,0.000000,1,1,1,,0,0,
calibration,37,0.02,0.12,0.16,512,522,64,8,18,blueYellowCompetition,0.20,0.000000,1,1,1,,0,0,
calibration,37,0.02,0.12,0.16,512,522,64,8,18,blueYellowCompetition,0.25,0.000000,1,1,1,,0,0,
calibration,37,0.02,0.12,0.16,512,522,64,8,18,blueYellowCompetition,0.30,0.000000,1,1,1,,0,0,
calibration,37,0.02,0.12,0.16,512,522,64,8,18,blueYellowCompetition,0.35,0.000000,1,1,1,,0,0,
calibration,37,0.02,0.12,0.16,512,522,64,8,18,blueYellowCompetition,0.40,0.000000,1,1,1,,0,0,
calibration,37,0.02,0.12,0.16,512,522,64,8,18,blueYellowCompetition,0.45,0.000000,1,1,1,,0,0,
calibration,37,0.02,0.12,0.16,512,522,64,8,18,blueYellowCompetition,0.50,0.000000,1,1,1,,0,0,
calibration,37,0.02,0.12,0.16,512,522,64,8,18,blueYellowCompetition,0.55,0.000000,1,1,1,,0,0,
calibration,37,0.02,0.12,0.16,512,522,64,8,18,blueYellowCompetition,0.60,0.000000,1,1,1,,0,0,
calibration,37,0.02,0.12,0.16,512,522,64,8,18,blueYellowCompetition,0.65,0.000000,1,1,1,,0,0,
calibration,37,0.02,0.12,0.16,512,522,64,8,18,blueYellowCompetition,0.70,0.000000,1,1,1,,0,0,
calibration,37,0.02,0.12,0.16,512,522,64,8,18,blueYellowCompetition,0.75,0.000000,1,1,1,,0,0,
calibration,37,0.02,0.12,0.16,512,522,64,8,18,blueYellowCompetition,0.80,0.000000,1,1,1,,0,0,
calibration,37,0.02,0.12,0.16,512,522,64,8,18,blueYellowCompetition,0.85,0.000000,1,1,1,,0,0,
calibration,37,0.02,0.12,0.16,512,522,64,8,18,blueYellowCompetition,0.90,0.000000,1,1,1,,0,0,
calibration,37,0.02,0.12,0.16,512,522,64,8,18,blueYellowCompetition,0.95,0.000000,1,1,1,,0,0,
calibration,37,0.02,0.12,0.16,512,522,64,8,18,blueYellowCompetition,1.00,0.000000,1,1,1,,0,0,
calibration,38,0.02,0.12,0.24,512,522,64,8,18,redGreenCompetition,0.00,0.000000,1,1,1,,0,0,
calibration,38,0.02,0.12,0.24,512,522,64,8,18,redGreenCompetition,0.05,0.000000,1,1,1,,0,0,
calibration,38,0.02,0.12,0.24,512,522,64,8,18,redGreenCompetition,0.10,0.000000,1,1,1,,0,0,
calibration,38,0.02,0.12,0.24,512,522,64,8,18,redGreenCompetition,0.15,0.000000,1,1,1,,0,0,
calibration,38,0.02,0.12,0.24,512,522,64,8,18,redGreenCompetition,0.20,0.000000,1,1,1,,0,0,
calibration,38,0.02,0.12,0.24,512,522,64,8,18,redGreenCompetition,0.25,0.000000,1,1,1,,0,0,
calibration,38,0.02,0.12,0.24,512,522,64,8,18,redGreenCompetition,0.30,0.000000,1,1,1,,0,0,
calibration,38,0.02,0.12,0.24,512,522,64,8,18,redGreenCompetition,0.35,0.000000,1,1,1,,0,0,
calibration,38,0.02,0.12,0.24,512,522,64,8,18,redGreenCompetition,0.40,0.000000,1,1,1,,0,0,
calibration,38,0.02,0.12,0.24,512,522,64,8,18,redGreenCompetition,0.45,0.000000,1,1,1,,0,0,
calibration,38,0.02,0.12,0.24,512,522,64,8,18,redGreenCompetition,0.50,0.000000,1,1,1,,0,0,
calibration,38,0.02,0.12,0.24,512,522,64,8,18,redGreenCompetition,0.55,0.000000,1,1,1,,0,0,
calibration,38,0.02,0.12,0.24,512,522,64,8,18,redGreenCompetition,0.60,0.000000,1,1,1,,0,0,
calibration,38,0.02,0.12,0.24,512,522,64,8,18,redGreenCompetition,0.65,0.000000,1,1,1,,0,0,
calibration,38,0.02,0.12,0.24,512,522,64,8,18,redGreenCompetition,0.70,0.000000,1,1,1,,0,0,
calibration,38,0.02,0.12,0.24,512,522,64,8,18,redGreenCompetition,0.75,0.000000,1,1,1,,0,0,
calibration,38,0.02,0.12,0.24,512,522,64,8,18,redGreenCompetition,0.80,0.000000,1,1,1,,0,0,
calibration,38,0.02,0.12,0.24,512,522,64,8,18,redGreenCompetition,0.85,0.000000,1,1,1,,0,0,
calibration,38,0.02,0.12,0.24,512,522,64,8,18,redGreenCompetition,0.90,0.000000,1,1,1,,0,0,
calibration,38,0.02,0.12,0.24,512,522,64,8,18,redGreenCompetition,0.95,0.000000,1,1,1,,0,0,
calibration,38,0.02,0.12,0.24,512,522,64,8,18,redGreenCompetition,1.00,0.000000,1,1,1,,0,0,
calibration,38,0.02,0.12,0.24,512,522,64,8,18,blueYellowCompetition,0.00,0.000000,1,1,1,,0,0,
calibration,38,0.02,0.12,0.24,512,522,64,8,18,blueYellowCompetition,0.05,0.000000,1,1,1,,0,0,
calibration,38,0.02,0.12,0.24,512,522,64,8,18,blueYellowCompetition,0.10,0.000000,1,1,1,,0,0,
calibration,38,0.02,0.12,0.24,512,522,64,8,18,blueYellowCompetition,0.15,0.000000,1,1,1,,0,0,
calibration,38,0.02,0.12,0.24,512,522,64,8,18,blueYellowCompetition,0.20,0.000000,1,1,1,,0,0,
calibration,38,0.02,0.12,0.24,512,522,64,8,18,blueYellowCompetition,0.25,0.000000,1,1,1,,0,0,
calibration,38,0.02,0.12,0.24,512,522,64,8,18,blueYellowCompetition,0.30,0.000000,1,1,1,,0,0,
calibration,38,0.02,0.12,0.24,512,522,64,8,18,blueYellowCompetition,0.35,0.000000,1,1,1,,0,0,
calibration,38,0.02,0.12,0.24,512,522,64,8,18,blueYellowCompetition,0.40,0.000000,1,1,1,,0,0,
calibration,38,0.02,0.12,0.24,512,522,64,8,18,blueYellowCompetition,0.45,0.000000,1,1,1,,0,0,
calibration,38,0.02,0.12,0.24,512,522,64,8,18,blueYellowCompetition,0.50,0.000000,1,1,1,,0,0,
calibration,38,0.02,0.12,0.24,512,522,64,8,18,blueYellowCompetition,0.55,0.000000,1,1,1,,0,0,
calibration,38,0.02,0.12,0.24,512,522,64,8,18,blueYellowCompetition,0.60,0.000000,1,1,1,,0,0,
calibration,38,0.02,0.12,0.24,512,522,64,8,18,blueYellowCompetition,0.65,0.000000,1,1,1,,0,0,
calibration,38,0.02,0.12,0.24,512,522,64,8,18,blueYellowCompetition,0.70,0.000000,1,1,1,,0,0,
calibration,38,0.02,0.12,0.24,512,522,64,8,18,blueYellowCompetition,0.75,0.000000,1,1,1,,0,0,
calibration,38,0.02,0.12,0.24,512,522,64,8,18,blueYellowCompetition,0.80,0.000000,1,1,1,,0,0,
calibration,38,0.02,0.12,0.24,512,522,64,8,18,blueYellowCompetition,0.85,0.000000,1,1,1,,0,0,
calibration,38,0.02,0.12,0.24,512,522,64,8,18,blueYellowCompetition,0.90,0.000000,1,1,1,,0,0,
calibration,38,0.02,0.12,0.24,512,522,64,8,18,blueYellowCompetition,0.95,0.000000,1,1,1,,0,0,
calibration,38,0.02,0.12,0.24,512,522,64,8,18,blueYellowCompetition,1.00,0.000000,1,1,1,,0,0,
calibration,39,0.02,0.12,0.32,512,522,64,8,18,redGreenCompetition,0.00,0.000000,1,1,1,,0,0,
calibration,39,0.02,0.12,0.32,512,522,64,8,18,redGreenCompetition,0.05,0.000000,1,1,1,,0,0,
calibration,39,0.02,0.12,0.32,512,522,64,8,18,redGreenCompetition,0.10,0.000000,1,1,1,,0,0,
calibration,39,0.02,0.12,0.32,512,522,64,8,18,redGreenCompetition,0.15,0.000000,1,1,1,,0,0,
calibration,39,0.02,0.12,0.32,512,522,64,8,18,redGreenCompetition,0.20,0.000000,1,1,1,,0,0,
calibration,39,0.02,0.12,0.32,512,522,64,8,18,redGreenCompetition,0.25,0.000000,1,1,1,,0,0,
calibration,39,0.02,0.12,0.32,512,522,64,8,18,redGreenCompetition,0.30,0.000000,1,1,1,,0,0,
calibration,39,0.02,0.12,0.32,512,522,64,8,18,redGreenCompetition,0.35,0.000000,1,1,1,,0,0,
calibration,39,0.02,0.12,0.32,512,522,64,8,18,redGreenCompetition,0.40,0.000000,1,1,1,,0,0,
calibration,39,0.02,0.12,0.32,512,522,64,8,18,redGreenCompetition,0.45,0.000000,1,1,1,,0,0,
calibration,39,0.02,0.12,0.32,512,522,64,8,18,redGreenCompetition,0.50,0.000000,1,1,1,,0,0,
calibration,39,0.02,0.12,0.32,512,522,64,8,18,redGreenCompetition,0.55,0.000000,1,1,1,,0,0,
calibration,39,0.02,0.12,0.32,512,522,64,8,18,redGreenCompetition,0.60,0.000000,1,1,1,,0,0,
calibration,39,0.02,0.12,0.32,512,522,64,8,18,redGreenCompetition,0.65,0.000000,1,1,1,,0,0,
calibration,39,0.02,0.12,0.32,512,522,64,8,18,redGreenCompetition,0.70,0.000000,1,1,1,,0,0,
calibration,39,0.02,0.12,0.32,512,522,64,8,18,redGreenCompetition,0.75,0.000000,1,1,1,,0,0,
calibration,39,0.02,0.12,0.32,512,522,64,8,18,redGreenCompetition,0.80,0.000000,1,1,1,,0,0,
calibration,39,0.02,0.12,0.32,512,522,64,8,18,redGreenCompetition,0.85,0.000000,1,1,1,,0,0,
calibration,39,0.02,0.12,0.32,512,522,64,8,18,redGreenCompetition,0.90,0.000000,1,1,1,,0,0,
calibration,39,0.02,0.12,0.32,512,522,64,8,18,redGreenCompetition,0.95,0.000000,1,1,1,,0,0,
calibration,39,0.02,0.12,0.32,512,522,64,8,18,redGreenCompetition,1.00,0.000000,1,1,1,,0,0,
calibration,39,0.02,0.12,0.32,512,522,64,8,18,blueYellowCompetition,0.00,0.000000,1,1,1,,0,0,
calibration,39,0.02,0.12,0.32,512,522,64,8,18,blueYellowCompetition,0.05,0.000000,1,1,1,,0,0,
calibration,39,0.02,0.12,0.32,512,522,64,8,18,blueYellowCompetition,0.10,0.000000,1,1,1,,0,0,
calibration,39,0.02,0.12,0.32,512,522,64,8,18,blueYellowCompetition,0.15,0.000000,1,1,1,,0,0,
calibration,39,0.02,0.12,0.32,512,522,64,8,18,blueYellowCompetition,0.20,0.000000,1,1,1,,0,0,
calibration,39,0.02,0.12,0.32,512,522,64,8,18,blueYellowCompetition,0.25,0.000000,1,1,1,,0,0,
calibration,39,0.02,0.12,0.32,512,522,64,8,18,blueYellowCompetition,0.30,0.000000,1,1,1,,0,0,
calibration,39,0.02,0.12,0.32,512,522,64,8,18,blueYellowCompetition,0.35,0.000000,1,1,1,,0,0,
calibration,39,0.02,0.12,0.32,512,522,64,8,18,blueYellowCompetition,0.40,0.000000,1,1,1,,0,0,
calibration,39,0.02,0.12,0.32,512,522,64,8,18,blueYellowCompetition,0.45,0.000000,1,1,1,,0,0,
calibration,39,0.02,0.12,0.32,512,522,64,8,18,blueYellowCompetition,0.50,0.000000,1,1,1,,0,0,
calibration,39,0.02,0.12,0.32,512,522,64,8,18,blueYellowCompetition,0.55,0.000000,1,1,1,,0,0,
calibration,39,0.02,0.12,0.32,512,522,64,8,18,blueYellowCompetition,0.60,0.000000,1,1,1,,0,0,
calibration,39,0.02,0.12,0.32,512,522,64,8,18,blueYellowCompetition,0.65,0.000000,1,1,1,,0,0,
calibration,39,0.02,0.12,0.32,512,522,64,8,18,blueYellowCompetition,0.70,0.000000,1,1,1,,0,0,
calibration,39,0.02,0.12,0.32,512,522,64,8,18,blueYellowCompetition,0.75,0.000000,1,1,1,,0,0,
calibration,39,0.02,0.12,0.32,512,522,64,8,18,blueYellowCompetition,0.80,0.000000,1,1,1,,0,0,
calibration,39,0.02,0.12,0.32,512,522,64,8,18,blueYellowCompetition,0.85,0.000000,1,1,1,,0,0,
calibration,39,0.02,0.12,0.32,512,522,64,8,18,blueYellowCompetition,0.90,0.000000,1,1,1,,0,0,
calibration,39,0.02,0.12,0.32,512,522,64,8,18,blueYellowCompetition,0.95,0.000000,1,1,1,,0,0,
calibration,39,0.02,0.12,0.32,512,522,64,8,18,blueYellowCompetition,1.00,0.000000,1,1,1,,0,0,
calibration,40,0.02,0.16,0.08,512,522,64,8,18,redGreenCompetition,0.00,0.000000,1,1,1,,0,0,
calibration,40,0.02,0.16,0.08,512,522,64,8,18,redGreenCompetition,0.05,0.000000,1,1,1,,0,0,
calibration,40,0.02,0.16,0.08,512,522,64,8,18,redGreenCompetition,0.10,0.000000,1,1,1,,0,0,
calibration,40,0.02,0.16,0.08,512,522,64,8,18,redGreenCompetition,0.15,0.000000,1,1,1,,0,0,
calibration,40,0.02,0.16,0.08,512,522,64,8,18,redGreenCompetition,0.20,0.000000,1,1,1,,0,0,
calibration,40,0.02,0.16,0.08,512,522,64,8,18,redGreenCompetition,0.25,0.000000,1,1,1,,0,0,
calibration,40,0.02,0.16,0.08,512,522,64,8,18,redGreenCompetition,0.30,0.000000,1,1,1,,0,0,
calibration,40,0.02,0.16,0.08,512,522,64,8,18,redGreenCompetition,0.35,0.000000,1,1,1,,0,0,
calibration,40,0.02,0.16,0.08,512,522,64,8,18,redGreenCompetition,0.40,0.000000,1,1,1,,0,0,
calibration,40,0.02,0.16,0.08,512,522,64,8,18,redGreenCompetition,0.45,0.000000,1,1,1,,0,0,
calibration,40,0.02,0.16,0.08,512,522,64,8,18,redGreenCompetition,0.50,0.000000,1,1,1,,0,0,
calibration,40,0.02,0.16,0.08,512,522,64,8,18,redGreenCompetition,0.55,0.000000,1,1,1,,0,0,
calibration,40,0.02,0.16,0.08,512,522,64,8,18,redGreenCompetition,0.60,0.000000,1,1,1,,0,0,
calibration,40,0.02,0.16,0.08,512,522,64,8,18,redGreenCompetition,0.65,0.000000,1,1,1,,0,0,
calibration,40,0.02,0.16,0.08,512,522,64,8,18,redGreenCompetition,0.70,0.000000,1,1,1,,0,0,
calibration,40,0.02,0.16,0.08,512,522,64,8,18,redGreenCompetition,0.75,0.000000,1,1,1,,0,0,
calibration,40,0.02,0.16,0.08,512,522,64,8,18,redGreenCompetition,0.80,0.000000,1,1,1,,0,0,
calibration,40,0.02,0.16,0.08,512,522,64,8,18,redGreenCompetition,0.85,0.000000,1,1,1,,0,0,
calibration,40,0.02,0.16,0.08,512,522,64,8,18,redGreenCompetition,0.90,0.000000,1,1,1,,0,0,
calibration,40,0.02,0.16,0.08,512,522,64,8,18,redGreenCompetition,0.95,0.000000,1,1,1,,0,0,
calibration,40,0.02,0.16,0.08,512,522,64,8,18,redGreenCompetition,1.00,0.000000,1,1,1,,0,0,
calibration,40,0.02,0.16,0.08,512,522,64,8,18,blueYellowCompetition,0.00,0.000000,1,1,1,,0,0,
calibration,40,0.02,0.16,0.08,512,522,64,8,18,blueYellowCompetition,0.05,0.000000,1,1,1,,0,0,
calibration,40,0.02,0.16,0.08,512,522,64,8,18,blueYellowCompetition,0.10,0.000000,1,1,1,,0,0,
calibration,40,0.02,0.16,0.08,512,522,64,8,18,blueYellowCompetition,0.15,0.000000,1,1,1,,0,0,
calibration,40,0.02,0.16,0.08,512,522,64,8,18,blueYellowCompetition,0.20,0.000000,1,1,1,,0,0,
calibration,40,0.02,0.16,0.08,512,522,64,8,18,blueYellowCompetition,0.25,0.000000,1,1,1,,0,0,
calibration,40,0.02,0.16,0.08,512,522,64,8,18,blueYellowCompetition,0.30,0.000000,1,1,1,,0,0,
calibration,40,0.02,0.16,0.08,512,522,64,8,18,blueYellowCompetition,0.35,0.000000,1,1,1,,0,0,
calibration,40,0.02,0.16,0.08,512,522,64,8,18,blueYellowCompetition,0.40,0.000000,1,1,1,,0,0,
calibration,40,0.02,0.16,0.08,512,522,64,8,18,blueYellowCompetition,0.45,0.000000,1,1,1,,0,0,
calibration,40,0.02,0.16,0.08,512,522,64,8,18,blueYellowCompetition,0.50,0.000000,1,1,1,,0,0,
calibration,40,0.02,0.16,0.08,512,522,64,8,18,blueYellowCompetition,0.55,0.000000,1,1,1,,0,0,
calibration,40,0.02,0.16,0.08,512,522,64,8,18,blueYellowCompetition,0.60,0.000000,1,1,1,,0,0,
calibration,40,0.02,0.16,0.08,512,522,64,8,18,blueYellowCompetition,0.65,0.000000,1,1,1,,0,0,
calibration,40,0.02,0.16,0.08,512,522,64,8,18,blueYellowCompetition,0.70,0.000000,1,1,1,,0,0,
calibration,40,0.02,0.16,0.08,512,522,64,8,18,blueYellowCompetition,0.75,0.000000,1,1,1,,0,0,
calibration,40,0.02,0.16,0.08,512,522,64,8,18,blueYellowCompetition,0.80,0.000000,1,1,1,,0,0,
calibration,40,0.02,0.16,0.08,512,522,64,8,18,blueYellowCompetition,0.85,0.000000,1,1,1,,0,0,
calibration,40,0.02,0.16,0.08,512,522,64,8,18,blueYellowCompetition,0.90,0.000000,1,1,1,,0,0,
calibration,40,0.02,0.16,0.08,512,522,64,8,18,blueYellowCompetition,0.95,0.000000,1,1,1,,0,0,
calibration,40,0.02,0.16,0.08,512,522,64,8,18,blueYellowCompetition,1.00,0.000000,1,1,1,,0,0,
calibration,41,0.02,0.16,0.16,512,522,64,8,18,redGreenCompetition,0.00,0.000000,1,1,1,,0,0,
calibration,41,0.02,0.16,0.16,512,522,64,8,18,redGreenCompetition,0.05,0.000000,1,1,1,,0,0,
calibration,41,0.02,0.16,0.16,512,522,64,8,18,redGreenCompetition,0.10,0.000000,1,1,1,,0,0,
calibration,41,0.02,0.16,0.16,512,522,64,8,18,redGreenCompetition,0.15,0.000000,1,1,1,,0,0,
calibration,41,0.02,0.16,0.16,512,522,64,8,18,redGreenCompetition,0.20,0.000000,1,1,1,,0,0,
calibration,41,0.02,0.16,0.16,512,522,64,8,18,redGreenCompetition,0.25,0.000000,1,1,1,,0,0,
calibration,41,0.02,0.16,0.16,512,522,64,8,18,redGreenCompetition,0.30,0.000000,1,1,1,,0,0,
calibration,41,0.02,0.16,0.16,512,522,64,8,18,redGreenCompetition,0.35,0.000000,1,1,1,,0,0,
calibration,41,0.02,0.16,0.16,512,522,64,8,18,redGreenCompetition,0.40,0.000000,1,1,1,,0,0,
calibration,41,0.02,0.16,0.16,512,522,64,8,18,redGreenCompetition,0.45,0.000000,1,1,1,,0,0,
calibration,41,0.02,0.16,0.16,512,522,64,8,18,redGreenCompetition,0.50,0.000000,1,1,1,,0,0,
calibration,41,0.02,0.16,0.16,512,522,64,8,18,redGreenCompetition,0.55,0.000000,1,1,1,,0,0,
calibration,41,0.02,0.16,0.16,512,522,64,8,18,redGreenCompetition,0.60,0.000000,1,1,1,,0,0,
calibration,41,0.02,0.16,0.16,512,522,64,8,18,redGreenCompetition,0.65,0.000000,1,1,1,,0,0,
calibration,41,0.02,0.16,0.16,512,522,64,8,18,redGreenCompetition,0.70,0.000000,1,1,1,,0,0,
calibration,41,0.02,0.16,0.16,512,522,64,8,18,redGreenCompetition,0.75,0.000000,1,1,1,,0,0,
calibration,41,0.02,0.16,0.16,512,522,64,8,18,redGreenCompetition,0.80,0.000000,1,1,1,,0,0,
calibration,41,0.02,0.16,0.16,512,522,64,8,18,redGreenCompetition,0.85,0.000000,1,1,1,,0,0,
calibration,41,0.02,0.16,0.16,512,522,64,8,18,redGreenCompetition,0.90,0.000000,1,1,1,,0,0,
calibration,41,0.02,0.16,0.16,512,522,64,8,18,redGreenCompetition,0.95,0.000000,1,1,1,,0,0,
calibration,41,0.02,0.16,0.16,512,522,64,8,18,redGreenCompetition,1.00,0.000000,1,1,1,,0,0,
calibration,41,0.02,0.16,0.16,512,522,64,8,18,blueYellowCompetition,0.00,0.000000,1,1,1,,0,0,
calibration,41,0.02,0.16,0.16,512,522,64,8,18,blueYellowCompetition,0.05,0.000000,1,1,1,,0,0,
calibration,41,0.02,0.16,0.16,512,522,64,8,18,blueYellowCompetition,0.10,0.000000,1,1,1,,0,0,
calibration,41,0.02,0.16,0.16,512,522,64,8,18,blueYellowCompetition,0.15,0.000000,1,1,1,,0,0,
calibration,41,0.02,0.16,0.16,512,522,64,8,18,blueYellowCompetition,0.20,0.000000,1,1,1,,0,0,
calibration,41,0.02,0.16,0.16,512,522,64,8,18,blueYellowCompetition,0.25,0.000000,1,1,1,,0,0,
calibration,41,0.02,0.16,0.16,512,522,64,8,18,blueYellowCompetition,0.30,0.000000,1,1,1,,0,0,
calibration,41,0.02,0.16,0.16,512,522,64,8,18,blueYellowCompetition,0.35,0.000000,1,1,1,,0,0,
calibration,41,0.02,0.16,0.16,512,522,64,8,18,blueYellowCompetition,0.40,0.000000,1,1,1,,0,0,
calibration,41,0.02,0.16,0.16,512,522,64,8,18,blueYellowCompetition,0.45,0.000000,1,1,1,,0,0,
calibration,41,0.02,0.16,0.16,512,522,64,8,18,blueYellowCompetition,0.50,0.000000,1,1,1,,0,0,
calibration,41,0.02,0.16,0.16,512,522,64,8,18,blueYellowCompetition,0.55,0.000000,1,1,1,,0,0,
calibration,41,0.02,0.16,0.16,512,522,64,8,18,blueYellowCompetition,0.60,0.000000,1,1,1,,0,0,
calibration,41,0.02,0.16,0.16,512,522,64,8,18,blueYellowCompetition,0.65,0.000000,1,1,1,,0,0,
calibration,41,0.02,0.16,0.16,512,522,64,8,18,blueYellowCompetition,0.70,0.000000,1,1,1,,0,0,
calibration,41,0.02,0.16,0.16,512,522,64,8,18,blueYellowCompetition,0.75,0.000000,1,1,1,,0,0,
calibration,41,0.02,0.16,0.16,512,522,64,8,18,blueYellowCompetition,0.80,0.000000,1,1,1,,0,0,
calibration,41,0.02,0.16,0.16,512,522,64,8,18,blueYellowCompetition,0.85,0.000000,1,1,1,,0,0,
calibration,41,0.02,0.16,0.16,512,522,64,8,18,blueYellowCompetition,0.90,0.000000,1,1,1,,0,0,
calibration,41,0.02,0.16,0.16,512,522,64,8,18,blueYellowCompetition,0.95,0.000000,1,1,1,,0,0,
calibration,41,0.02,0.16,0.16,512,522,64,8,18,blueYellowCompetition,1.00,0.000000,1,1,1,,0,0,
calibration,42,0.02,0.16,0.24,512,522,64,8,18,redGreenCompetition,0.00,0.000000,1,1,1,,0,0,
calibration,42,0.02,0.16,0.24,512,522,64,8,18,redGreenCompetition,0.05,0.000000,1,1,1,,0,0,
calibration,42,0.02,0.16,0.24,512,522,64,8,18,redGreenCompetition,0.10,0.000000,1,1,1,,0,0,
calibration,42,0.02,0.16,0.24,512,522,64,8,18,redGreenCompetition,0.15,0.000000,1,1,1,,0,0,
calibration,42,0.02,0.16,0.24,512,522,64,8,18,redGreenCompetition,0.20,0.000000,1,1,1,,0,0,
calibration,42,0.02,0.16,0.24,512,522,64,8,18,redGreenCompetition,0.25,0.000000,1,1,1,,0,0,
calibration,42,0.02,0.16,0.24,512,522,64,8,18,redGreenCompetition,0.30,0.000000,1,1,1,,0,0,
calibration,42,0.02,0.16,0.24,512,522,64,8,18,redGreenCompetition,0.35,0.000000,1,1,1,,0,0,
calibration,42,0.02,0.16,0.24,512,522,64,8,18,redGreenCompetition,0.40,0.000000,1,1,1,,0,0,
calibration,42,0.02,0.16,0.24,512,522,64,8,18,redGreenCompetition,0.45,0.000000,1,1,1,,0,0,
calibration,42,0.02,0.16,0.24,512,522,64,8,18,redGreenCompetition,0.50,0.000000,1,1,1,,0,0,
calibration,42,0.02,0.16,0.24,512,522,64,8,18,redGreenCompetition,0.55,0.000000,1,1,1,,0,0,
calibration,42,0.02,0.16,0.24,512,522,64,8,18,redGreenCompetition,0.60,0.000000,1,1,1,,0,0,
calibration,42,0.02,0.16,0.24,512,522,64,8,18,redGreenCompetition,0.65,0.000000,1,1,1,,0,0,
calibration,42,0.02,0.16,0.24,512,522,64,8,18,redGreenCompetition,0.70,0.000000,1,1,1,,0,0,
calibration,42,0.02,0.16,0.24,512,522,64,8,18,redGreenCompetition,0.75,0.000000,1,1,1,,0,0,
calibration,42,0.02,0.16,0.24,512,522,64,8,18,redGreenCompetition,0.80,0.000000,1,1,1,,0,0,
calibration,42,0.02,0.16,0.24,512,522,64,8,18,redGreenCompetition,0.85,0.000000,1,1,1,,0,0,
calibration,42,0.02,0.16,0.24,512,522,64,8,18,redGreenCompetition,0.90,0.000000,1,1,1,,0,0,
calibration,42,0.02,0.16,0.24,512,522,64,8,18,redGreenCompetition,0.95,0.000000,1,1,1,,0,0,
calibration,42,0.02,0.16,0.24,512,522,64,8,18,redGreenCompetition,1.00,0.000000,1,1,1,,0,0,
calibration,42,0.02,0.16,0.24,512,522,64,8,18,blueYellowCompetition,0.00,0.000000,1,1,1,,0,0,
calibration,42,0.02,0.16,0.24,512,522,64,8,18,blueYellowCompetition,0.05,0.000000,1,1,1,,0,0,
calibration,42,0.02,0.16,0.24,512,522,64,8,18,blueYellowCompetition,0.10,0.000000,1,1,1,,0,0,
calibration,42,0.02,0.16,0.24,512,522,64,8,18,blueYellowCompetition,0.15,0.000000,1,1,1,,0,0,
calibration,42,0.02,0.16,0.24,512,522,64,8,18,blueYellowCompetition,0.20,0.000000,1,1,1,,0,0,
calibration,42,0.02,0.16,0.24,512,522,64,8,18,blueYellowCompetition,0.25,0.000000,1,1,1,,0,0,
calibration,42,0.02,0.16,0.24,512,522,64,8,18,blueYellowCompetition,0.30,0.000000,1,1,1,,0,0,
calibration,42,0.02,0.16,0.24,512,522,64,8,18,blueYellowCompetition,0.35,0.000000,1,1,1,,0,0,
calibration,42,0.02,0.16,0.24,512,522,64,8,18,blueYellowCompetition,0.40,0.000000,1,1,1,,0,0,
calibration,42,0.02,0.16,0.24,512,522,64,8,18,blueYellowCompetition,0.45,0.000000,1,1,1,,0,0,
calibration,42,0.02,0.16,0.24,512,522,64,8,18,blueYellowCompetition,0.50,0.000000,1,1,1,,0,0,
calibration,42,0.02,0.16,0.24,512,522,64,8,18,blueYellowCompetition,0.55,0.000000,1,1,1,,0,0,
calibration,42,0.02,0.16,0.24,512,522,64,8,18,blueYellowCompetition,0.60,0.000000,1,1,1,,0,0,
calibration,42,0.02,0.16,0.24,512,522,64,8,18,blueYellowCompetition,0.65,0.000000,1,1,1,,0,0,
calibration,42,0.02,0.16,0.24,512,522,64,8,18,blueYellowCompetition,0.70,0.000000,1,1,1,,0,0,
calibration,42,0.02,0.16,0.24,512,522,64,8,18,blueYellowCompetition,0.75,0.000000,1,1,1,,0,0,
calibration,42,0.02,0.16,0.24,512,522,64,8,18,blueYellowCompetition,0.80,0.000000,1,1,1,,0,0,
calibration,42,0.02,0.16,0.24,512,522,64,8,18,blueYellowCompetition,0.85,0.000000,1,1,1,,0,0,
calibration,42,0.02,0.16,0.24,512,522,64,8,18,blueYellowCompetition,0.90,0.000000,1,1,1,,0,0,
calibration,42,0.02,0.16,0.24,512,522,64,8,18,blueYellowCompetition,0.95,0.000000,1,1,1,,0,0,
calibration,42,0.02,0.16,0.24,512,522,64,8,18,blueYellowCompetition,1.00,0.000000,1,1,1,,0,0,
calibration,43,0.02,0.16,0.32,512,522,64,8,18,redGreenCompetition,0.00,0.000000,1,1,1,,0,0,
calibration,43,0.02,0.16,0.32,512,522,64,8,18,redGreenCompetition,0.05,0.000000,1,1,1,,0,0,
calibration,43,0.02,0.16,0.32,512,522,64,8,18,redGreenCompetition,0.10,0.000000,1,1,1,,0,0,
calibration,43,0.02,0.16,0.32,512,522,64,8,18,redGreenCompetition,0.15,0.000000,1,1,1,,0,0,
calibration,43,0.02,0.16,0.32,512,522,64,8,18,redGreenCompetition,0.20,0.000000,1,1,1,,0,0,
calibration,43,0.02,0.16,0.32,512,522,64,8,18,redGreenCompetition,0.25,0.000000,1,1,1,,0,0,
calibration,43,0.02,0.16,0.32,512,522,64,8,18,redGreenCompetition,0.30,0.000000,1,1,1,,0,0,
calibration,43,0.02,0.16,0.32,512,522,64,8,18,redGreenCompetition,0.35,0.000000,1,1,1,,0,0,
calibration,43,0.02,0.16,0.32,512,522,64,8,18,redGreenCompetition,0.40,0.000000,1,1,1,,0,0,
calibration,43,0.02,0.16,0.32,512,522,64,8,18,redGreenCompetition,0.45,0.000000,1,1,1,,0,0,
calibration,43,0.02,0.16,0.32,512,522,64,8,18,redGreenCompetition,0.50,0.000000,1,1,1,,0,0,
calibration,43,0.02,0.16,0.32,512,522,64,8,18,redGreenCompetition,0.55,0.000000,1,1,1,,0,0,
calibration,43,0.02,0.16,0.32,512,522,64,8,18,redGreenCompetition,0.60,0.000000,1,1,1,,0,0,
calibration,43,0.02,0.16,0.32,512,522,64,8,18,redGreenCompetition,0.65,0.000000,1,1,1,,0,0,
calibration,43,0.02,0.16,0.32,512,522,64,8,18,redGreenCompetition,0.70,0.000000,1,1,1,,0,0,
calibration,43,0.02,0.16,0.32,512,522,64,8,18,redGreenCompetition,0.75,0.000000,1,1,1,,0,0,
calibration,43,0.02,0.16,0.32,512,522,64,8,18,redGreenCompetition,0.80,0.000000,1,1,1,,0,0,
calibration,43,0.02,0.16,0.32,512,522,64,8,18,redGreenCompetition,0.85,0.000000,1,1,1,,0,0,
calibration,43,0.02,0.16,0.32,512,522,64,8,18,redGreenCompetition,0.90,0.000000,1,1,1,,0,0,
calibration,43,0.02,0.16,0.32,512,522,64,8,18,redGreenCompetition,0.95,0.000000,1,1,1,,0,0,
calibration,43,0.02,0.16,0.32,512,522,64,8,18,redGreenCompetition,1.00,0.000000,1,1,1,,0,0,
calibration,43,0.02,0.16,0.32,512,522,64,8,18,blueYellowCompetition,0.00,0.000000,1,1,1,,0,0,
calibration,43,0.02,0.16,0.32,512,522,64,8,18,blueYellowCompetition,0.05,0.000000,1,1,1,,0,0,
calibration,43,0.02,0.16,0.32,512,522,64,8,18,blueYellowCompetition,0.10,0.000000,1,1,1,,0,0,
calibration,43,0.02,0.16,0.32,512,522,64,8,18,blueYellowCompetition,0.15,0.000000,1,1,1,,0,0,
calibration,43,0.02,0.16,0.32,512,522,64,8,18,blueYellowCompetition,0.20,0.000000,1,1,1,,0,0,
calibration,43,0.02,0.16,0.32,512,522,64,8,18,blueYellowCompetition,0.25,0.000000,1,1,1,,0,0,
calibration,43,0.02,0.16,0.32,512,522,64,8,18,blueYellowCompetition,0.30,0.000000,1,1,1,,0,0,
calibration,43,0.02,0.16,0.32,512,522,64,8,18,blueYellowCompetition,0.35,0.000000,1,1,1,,0,0,
calibration,43,0.02,0.16,0.32,512,522,64,8,18,blueYellowCompetition,0.40,0.000000,1,1,1,,0,0,
calibration,43,0.02,0.16,0.32,512,522,64,8,18,blueYellowCompetition,0.45,0.000000,1,1,1,,0,0,
calibration,43,0.02,0.16,0.32,512,522,64,8,18,blueYellowCompetition,0.50,0.000000,1,1,1,,0,0,
calibration,43,0.02,0.16,0.32,512,522,64,8,18,blueYellowCompetition,0.55,0.000000,1,1,1,,0,0,
calibration,43,0.02,0.16,0.32,512,522,64,8,18,blueYellowCompetition,0.60,0.000000,1,1,1,,0,0,
calibration,43,0.02,0.16,0.32,512,522,64,8,18,blueYellowCompetition,0.65,0.000000,1,1,1,,0,0,
calibration,43,0.02,0.16,0.32,512,522,64,8,18,blueYellowCompetition,0.70,0.000000,1,1,1,,0,0,
calibration,43,0.02,0.16,0.32,512,522,64,8,18,blueYellowCompetition,0.75,0.000000,1,1,1,,0,0,
calibration,43,0.02,0.16,0.32,512,522,64,8,18,blueYellowCompetition,0.80,0.000000,1,1,1,,0,0,
calibration,43,0.02,0.16,0.32,512,522,64,8,18,blueYellowCompetition,0.85,0.000000,1,1,1,,0,0,
calibration,43,0.02,0.16,0.32,512,522,64,8,18,blueYellowCompetition,0.90,0.000000,1,1,1,,0,0,
calibration,43,0.02,0.16,0.32,512,522,64,8,18,blueYellowCompetition,0.95,0.000000,1,1,1,,0,0,
calibration,43,0.02,0.16,0.32,512,522,64,8,18,blueYellowCompetition,1.00,0.000000,1,1,1,,0,0,
calibration,44,0.02,0.24,0.08,512,522,64,8,18,redGreenCompetition,0.00,0.000000,1,1,1,,0,0,
calibration,44,0.02,0.24,0.08,512,522,64,8,18,redGreenCompetition,0.05,0.000000,1,1,1,,0,0,
calibration,44,0.02,0.24,0.08,512,522,64,8,18,redGreenCompetition,0.10,0.000000,1,1,1,,0,0,
calibration,44,0.02,0.24,0.08,512,522,64,8,18,redGreenCompetition,0.15,0.000000,1,1,1,,0,0,
calibration,44,0.02,0.24,0.08,512,522,64,8,18,redGreenCompetition,0.20,0.000000,1,1,1,,0,0,
calibration,44,0.02,0.24,0.08,512,522,64,8,18,redGreenCompetition,0.25,0.000000,1,1,1,,0,0,
calibration,44,0.02,0.24,0.08,512,522,64,8,18,redGreenCompetition,0.30,0.000000,1,1,1,,0,0,
calibration,44,0.02,0.24,0.08,512,522,64,8,18,redGreenCompetition,0.35,0.000000,1,1,1,,0,0,
calibration,44,0.02,0.24,0.08,512,522,64,8,18,redGreenCompetition,0.40,0.000000,1,1,1,,0,0,
calibration,44,0.02,0.24,0.08,512,522,64,8,18,redGreenCompetition,0.45,0.000000,1,1,1,,0,0,
calibration,44,0.02,0.24,0.08,512,522,64,8,18,redGreenCompetition,0.50,0.000000,1,1,1,,0,0,
calibration,44,0.02,0.24,0.08,512,522,64,8,18,redGreenCompetition,0.55,0.000000,1,1,1,,0,0,
calibration,44,0.02,0.24,0.08,512,522,64,8,18,redGreenCompetition,0.60,0.000000,1,1,1,,0,0,
calibration,44,0.02,0.24,0.08,512,522,64,8,18,redGreenCompetition,0.65,0.000000,1,1,1,,0,0,
calibration,44,0.02,0.24,0.08,512,522,64,8,18,redGreenCompetition,0.70,0.000000,1,1,1,,0,0,
calibration,44,0.02,0.24,0.08,512,522,64,8,18,redGreenCompetition,0.75,0.000000,1,1,1,,0,0,
calibration,44,0.02,0.24,0.08,512,522,64,8,18,redGreenCompetition,0.80,0.000000,1,1,1,,0,0,
calibration,44,0.02,0.24,0.08,512,522,64,8,18,redGreenCompetition,0.85,0.000000,1,1,1,,0,0,
calibration,44,0.02,0.24,0.08,512,522,64,8,18,redGreenCompetition,0.90,0.000000,1,1,1,,0,0,
calibration,44,0.02,0.24,0.08,512,522,64,8,18,redGreenCompetition,0.95,0.000000,1,1,1,,0,0,
calibration,44,0.02,0.24,0.08,512,522,64,8,18,redGreenCompetition,1.00,0.000000,1,1,1,,0,0,
calibration,44,0.02,0.24,0.08,512,522,64,8,18,blueYellowCompetition,0.00,0.000000,1,1,1,,0,0,
calibration,44,0.02,0.24,0.08,512,522,64,8,18,blueYellowCompetition,0.05,0.000000,1,1,1,,0,0,
calibration,44,0.02,0.24,0.08,512,522,64,8,18,blueYellowCompetition,0.10,0.000000,1,1,1,,0,0,
calibration,44,0.02,0.24,0.08,512,522,64,8,18,blueYellowCompetition,0.15,0.000000,1,1,1,,0,0,
calibration,44,0.02,0.24,0.08,512,522,64,8,18,blueYellowCompetition,0.20,0.000000,1,1,1,,0,0,
calibration,44,0.02,0.24,0.08,512,522,64,8,18,blueYellowCompetition,0.25,0.000000,1,1,1,,0,0,
calibration,44,0.02,0.24,0.08,512,522,64,8,18,blueYellowCompetition,0.30,0.000000,1,1,1,,0,0,
calibration,44,0.02,0.24,0.08,512,522,64,8,18,blueYellowCompetition,0.35,0.000000,1,1,1,,0,0,
calibration,44,0.02,0.24,0.08,512,522,64,8,18,blueYellowCompetition,0.40,0.000000,1,1,1,,0,0,
calibration,44,0.02,0.24,0.08,512,522,64,8,18,blueYellowCompetition,0.45,0.000000,1,1,1,,0,0,
calibration,44,0.02,0.24,0.08,512,522,64,8,18,blueYellowCompetition,0.50,0.000000,1,1,1,,0,0,
calibration,44,0.02,0.24,0.08,512,522,64,8,18,blueYellowCompetition,0.55,0.000000,1,1,1,,0,0,
calibration,44,0.02,0.24,0.08,512,522,64,8,18,blueYellowCompetition,0.60,0.000000,1,1,1,,0,0,
calibration,44,0.02,0.24,0.08,512,522,64,8,18,blueYellowCompetition,0.65,0.000000,1,1,1,,0,0,
calibration,44,0.02,0.24,0.08,512,522,64,8,18,blueYellowCompetition,0.70,0.000000,1,1,1,,0,0,
calibration,44,0.02,0.24,0.08,512,522,64,8,18,blueYellowCompetition,0.75,0.000000,1,1,1,,0,0,
calibration,44,0.02,0.24,0.08,512,522,64,8,18,blueYellowCompetition,0.80,0.000000,1,1,1,,0,0,
calibration,44,0.02,0.24,0.08,512,522,64,8,18,blueYellowCompetition,0.85,0.000000,1,1,1,,0,0,
calibration,44,0.02,0.24,0.08,512,522,64,8,18,blueYellowCompetition,0.90,0.000000,1,1,1,,0,0,
calibration,44,0.02,0.24,0.08,512,522,64,8,18,blueYellowCompetition,0.95,0.000000,1,1,1,,0,0,
calibration,44,0.02,0.24,0.08,512,522,64,8,18,blueYellowCompetition,1.00,0.000000,1,1,1,,0,0,
calibration,45,0.02,0.24,0.16,512,522,64,8,18,redGreenCompetition,0.00,0.000000,1,1,1,,0,0,
calibration,45,0.02,0.24,0.16,512,522,64,8,18,redGreenCompetition,0.05,0.000000,1,1,1,,0,0,
calibration,45,0.02,0.24,0.16,512,522,64,8,18,redGreenCompetition,0.10,0.000000,1,1,1,,0,0,
calibration,45,0.02,0.24,0.16,512,522,64,8,18,redGreenCompetition,0.15,0.000000,1,1,1,,0,0,
calibration,45,0.02,0.24,0.16,512,522,64,8,18,redGreenCompetition,0.20,0.000000,1,1,1,,0,0,
calibration,45,0.02,0.24,0.16,512,522,64,8,18,redGreenCompetition,0.25,0.000000,1,1,1,,0,0,
calibration,45,0.02,0.24,0.16,512,522,64,8,18,redGreenCompetition,0.30,0.000000,1,1,1,,0,0,
calibration,45,0.02,0.24,0.16,512,522,64,8,18,redGreenCompetition,0.35,0.000000,1,1,1,,0,0,
calibration,45,0.02,0.24,0.16,512,522,64,8,18,redGreenCompetition,0.40,0.000000,1,1,1,,0,0,
calibration,45,0.02,0.24,0.16,512,522,64,8,18,redGreenCompetition,0.45,0.000000,1,1,1,,0,0,
calibration,45,0.02,0.24,0.16,512,522,64,8,18,redGreenCompetition,0.50,0.000000,1,1,1,,0,0,
calibration,45,0.02,0.24,0.16,512,522,64,8,18,redGreenCompetition,0.55,0.000000,1,1,1,,0,0,
calibration,45,0.02,0.24,0.16,512,522,64,8,18,redGreenCompetition,0.60,0.000000,1,1,1,,0,0,
calibration,45,0.02,0.24,0.16,512,522,64,8,18,redGreenCompetition,0.65,0.000000,1,1,1,,0,0,
calibration,45,0.02,0.24,0.16,512,522,64,8,18,redGreenCompetition,0.70,0.000000,1,1,1,,0,0,
calibration,45,0.02,0.24,0.16,512,522,64,8,18,redGreenCompetition,0.75,0.000000,1,1,1,,0,0,
calibration,45,0.02,0.24,0.16,512,522,64,8,18,redGreenCompetition,0.80,0.000000,1,1,1,,0,0,
calibration,45,0.02,0.24,0.16,512,522,64,8,18,redGreenCompetition,0.85,0.000000,1,1,1,,0,0,
calibration,45,0.02,0.24,0.16,512,522,64,8,18,redGreenCompetition,0.90,0.000000,1,1,1,,0,0,
calibration,45,0.02,0.24,0.16,512,522,64,8,18,redGreenCompetition,0.95,0.000000,1,1,1,,0,0,
calibration,45,0.02,0.24,0.16,512,522,64,8,18,redGreenCompetition,1.00,0.000000,1,1,1,,0,0,
calibration,45,0.02,0.24,0.16,512,522,64,8,18,blueYellowCompetition,0.00,0.000000,1,1,1,,0,0,
calibration,45,0.02,0.24,0.16,512,522,64,8,18,blueYellowCompetition,0.05,0.000000,1,1,1,,0,0,
calibration,45,0.02,0.24,0.16,512,522,64,8,18,blueYellowCompetition,0.10,0.000000,1,1,1,,0,0,
calibration,45,0.02,0.24,0.16,512,522,64,8,18,blueYellowCompetition,0.15,0.000000,1,1,1,,0,0,
calibration,45,0.02,0.24,0.16,512,522,64,8,18,blueYellowCompetition,0.20,0.000000,1,1,1,,0,0,
calibration,45,0.02,0.24,0.16,512,522,64,8,18,blueYellowCompetition,0.25,0.000000,1,1,1,,0,0,
calibration,45,0.02,0.24,0.16,512,522,64,8,18,blueYellowCompetition,0.30,0.000000,1,1,1,,0,0,
calibration,45,0.02,0.24,0.16,512,522,64,8,18,blueYellowCompetition,0.35,0.000000,1,1,1,,0,0,
calibration,45,0.02,0.24,0.16,512,522,64,8,18,blueYellowCompetition,0.40,0.000000,1,1,1,,0,0,
calibration,45,0.02,0.24,0.16,512,522,64,8,18,blueYellowCompetition,0.45,0.000000,1,1,1,,0,0,
calibration,45,0.02,0.24,0.16,512,522,64,8,18,blueYellowCompetition,0.50,0.000000,1,1,1,,0,0,
calibration,45,0.02,0.24,0.16,512,522,64,8,18,blueYellowCompetition,0.55,0.000000,1,1,1,,0,0,
calibration,45,0.02,0.24,0.16,512,522,64,8,18,blueYellowCompetition,0.60,0.000000,1,1,1,,0,0,
calibration,45,0.02,0.24,0.16,512,522,64,8,18,blueYellowCompetition,0.65,0.000000,1,1,1,,0,0,
calibration,45,0.02,0.24,0.16,512,522,64,8,18,blueYellowCompetition,0.70,0.000000,1,1,1,,0,0,
calibration,45,0.02,0.24,0.16,512,522,64,8,18,blueYellowCompetition,0.75,0.000000,1,1,1,,0,0,
calibration,45,0.02,0.24,0.16,512,522,64,8,18,blueYellowCompetition,0.80,0.000000,1,1,1,,0,0,
calibration,45,0.02,0.24,0.16,512,522,64,8,18,blueYellowCompetition,0.85,0.000000,1,1,1,,0,0,
calibration,45,0.02,0.24,0.16,512,522,64,8,18,blueYellowCompetition,0.90,0.000000,1,1,1,,0,0,
calibration,45,0.02,0.24,0.16,512,522,64,8,18,blueYellowCompetition,0.95,0.000000,1,1,1,,0,0,
calibration,45,0.02,0.24,0.16,512,522,64,8,18,blueYellowCompetition,1.00,0.000000,1,1,1,,0,0,
calibration,46,0.02,0.24,0.24,512,522,64,8,18,redGreenCompetition,0.00,0.000000,1,1,1,,0,0,
calibration,46,0.02,0.24,0.24,512,522,64,8,18,redGreenCompetition,0.05,0.000000,1,1,1,,0,0,
calibration,46,0.02,0.24,0.24,512,522,64,8,18,redGreenCompetition,0.10,0.000000,1,1,1,,0,0,
calibration,46,0.02,0.24,0.24,512,522,64,8,18,redGreenCompetition,0.15,0.000000,1,1,1,,0,0,
calibration,46,0.02,0.24,0.24,512,522,64,8,18,redGreenCompetition,0.20,0.000000,1,1,1,,0,0,
calibration,46,0.02,0.24,0.24,512,522,64,8,18,redGreenCompetition,0.25,0.000000,1,1,1,,0,0,
calibration,46,0.02,0.24,0.24,512,522,64,8,18,redGreenCompetition,0.30,0.000000,1,1,1,,0,0,
calibration,46,0.02,0.24,0.24,512,522,64,8,18,redGreenCompetition,0.35,0.000000,1,1,1,,0,0,
calibration,46,0.02,0.24,0.24,512,522,64,8,18,redGreenCompetition,0.40,0.000000,1,1,1,,0,0,
calibration,46,0.02,0.24,0.24,512,522,64,8,18,redGreenCompetition,0.45,0.000000,1,1,1,,0,0,
calibration,46,0.02,0.24,0.24,512,522,64,8,18,redGreenCompetition,0.50,0.000000,1,1,1,,0,0,
calibration,46,0.02,0.24,0.24,512,522,64,8,18,redGreenCompetition,0.55,0.000000,1,1,1,,0,0,
calibration,46,0.02,0.24,0.24,512,522,64,8,18,redGreenCompetition,0.60,0.000000,1,1,1,,0,0,
calibration,46,0.02,0.24,0.24,512,522,64,8,18,redGreenCompetition,0.65,0.000000,1,1,1,,0,0,
calibration,46,0.02,0.24,0.24,512,522,64,8,18,redGreenCompetition,0.70,0.000000,1,1,1,,0,0,
calibration,46,0.02,0.24,0.24,512,522,64,8,18,redGreenCompetition,0.75,0.000000,1,1,1,,0,0,
calibration,46,0.02,0.24,0.24,512,522,64,8,18,redGreenCompetition,0.80,0.000000,1,1,1,,0,0,
calibration,46,0.02,0.24,0.24,512,522,64,8,18,redGreenCompetition,0.85,0.000000,1,1,1,,0,0,
calibration,46,0.02,0.24,0.24,512,522,64,8,18,redGreenCompetition,0.90,0.000000,1,1,1,,0,0,
calibration,46,0.02,0.24,0.24,512,522,64,8,18,redGreenCompetition,0.95,0.000000,1,1,1,,0,0,
calibration,46,0.02,0.24,0.24,512,522,64,8,18,redGreenCompetition,1.00,0.000000,1,1,1,,0,0,
calibration,46,0.02,0.24,0.24,512,522,64,8,18,blueYellowCompetition,0.00,0.000000,1,1,1,,0,0,
calibration,46,0.02,0.24,0.24,512,522,64,8,18,blueYellowCompetition,0.05,0.000000,1,1,1,,0,0,
calibration,46,0.02,0.24,0.24,512,522,64,8,18,blueYellowCompetition,0.10,0.000000,1,1,1,,0,0,
calibration,46,0.02,0.24,0.24,512,522,64,8,18,blueYellowCompetition,0.15,0.000000,1,1,1,,0,0,
calibration,46,0.02,0.24,0.24,512,522,64,8,18,blueYellowCompetition,0.20,0.000000,1,1,1,,0,0,
calibration,46,0.02,0.24,0.24,512,522,64,8,18,blueYellowCompetition,0.25,0.000000,1,1,1,,0,0,
calibration,46,0.02,0.24,0.24,512,522,64,8,18,blueYellowCompetition,0.30,0.000000,1,1,1,,0,0,
calibration,46,0.02,0.24,0.24,512,522,64,8,18,blueYellowCompetition,0.35,0.000000,1,1,1,,0,0,
calibration,46,0.02,0.24,0.24,512,522,64,8,18,blueYellowCompetition,0.40,0.000000,1,1,1,,0,0,
calibration,46,0.02,0.24,0.24,512,522,64,8,18,blueYellowCompetition,0.45,0.000000,1,1,1,,0,0,
calibration,46,0.02,0.24,0.24,512,522,64,8,18,blueYellowCompetition,0.50,0.000000,1,1,1,,0,0,
calibration,46,0.02,0.24,0.24,512,522,64,8,18,blueYellowCompetition,0.55,0.000000,1,1,1,,0,0,
calibration,46,0.02,0.24,0.24,512,522,64,8,18,blueYellowCompetition,0.60,0.000000,1,1,1,,0,0,
calibration,46,0.02,0.24,0.24,512,522,64,8,18,blueYellowCompetition,0.65,0.000000,1,1,1,,0,0,
calibration,46,0.02,0.24,0.24,512,522,64,8,18,blueYellowCompetition,0.70,0.000000,1,1,1,,0,0,
calibration,46,0.02,0.24,0.24,512,522,64,8,18,blueYellowCompetition,0.75,0.000000,1,1,1,,0,0,
calibration,46,0.02,0.24,0.24,512,522,64,8,18,blueYellowCompetition,0.80,0.000000,1,1,1,,0,0,
calibration,46,0.02,0.24,0.24,512,522,64,8,18,blueYellowCompetition,0.85,0.000000,1,1,1,,0,0,
calibration,46,0.02,0.24,0.24,512,522,64,8,18,blueYellowCompetition,0.90,0.000000,1,1,1,,0,0,
calibration,46,0.02,0.24,0.24,512,522,64,8,18,blueYellowCompetition,0.95,0.000000,1,1,1,,0,0,
calibration,46,0.02,0.24,0.24,512,522,64,8,18,blueYellowCompetition,1.00,0.000000,1,1,1,,0,0,
calibration,47,0.02,0.24,0.32,512,522,64,8,18,redGreenCompetition,0.00,0.000000,1,1,1,,0,0,
calibration,47,0.02,0.24,0.32,512,522,64,8,18,redGreenCompetition,0.05,0.000000,1,1,1,,0,0,
calibration,47,0.02,0.24,0.32,512,522,64,8,18,redGreenCompetition,0.10,0.000000,1,1,1,,0,0,
calibration,47,0.02,0.24,0.32,512,522,64,8,18,redGreenCompetition,0.15,0.000000,1,1,1,,0,0,
calibration,47,0.02,0.24,0.32,512,522,64,8,18,redGreenCompetition,0.20,0.000000,1,1,1,,0,0,
calibration,47,0.02,0.24,0.32,512,522,64,8,18,redGreenCompetition,0.25,0.000000,1,1,1,,0,0,
calibration,47,0.02,0.24,0.32,512,522,64,8,18,redGreenCompetition,0.30,0.000000,1,1,1,,0,0,
calibration,47,0.02,0.24,0.32,512,522,64,8,18,redGreenCompetition,0.35,0.000000,1,1,1,,0,0,
calibration,47,0.02,0.24,0.32,512,522,64,8,18,redGreenCompetition,0.40,0.000000,1,1,1,,0,0,
calibration,47,0.02,0.24,0.32,512,522,64,8,18,redGreenCompetition,0.45,0.000000,1,1,1,,0,0,
calibration,47,0.02,0.24,0.32,512,522,64,8,18,redGreenCompetition,0.50,0.000000,1,1,1,,0,0,
calibration,47,0.02,0.24,0.32,512,522,64,8,18,redGreenCompetition,0.55,0.000000,1,1,1,,0,0,
calibration,47,0.02,0.24,0.32,512,522,64,8,18,redGreenCompetition,0.60,0.000000,1,1,1,,0,0,
calibration,47,0.02,0.24,0.32,512,522,64,8,18,redGreenCompetition,0.65,0.000000,1,1,1,,0,0,
calibration,47,0.02,0.24,0.32,512,522,64,8,18,redGreenCompetition,0.70,0.000000,1,1,1,,0,0,
calibration,47,0.02,0.24,0.32,512,522,64,8,18,redGreenCompetition,0.75,0.000000,1,1,1,,0,0,
calibration,47,0.02,0.24,0.32,512,522,64,8,18,redGreenCompetition,0.80,0.000000,1,1,1,,0,0,
calibration,47,0.02,0.24,0.32,512,522,64,8,18,redGreenCompetition,0.85,0.000000,1,1,1,,0,0,
calibration,47,0.02,0.24,0.32,512,522,64,8,18,redGreenCompetition,0.90,0.000000,1,1,1,,0,0,
calibration,47,0.02,0.24,0.32,512,522,64,8,18,redGreenCompetition,0.95,0.000000,1,1,1,,0,0,
calibration,47,0.02,0.24,0.32,512,522,64,8,18,redGreenCompetition,1.00,0.000000,1,1,1,,0,0,
calibration,47,0.02,0.24,0.32,512,522,64,8,18,blueYellowCompetition,0.00,0.000000,1,1,1,,0,0,
calibration,47,0.02,0.24,0.32,512,522,64,8,18,blueYellowCompetition,0.05,0.000000,1,1,1,,0,0,
calibration,47,0.02,0.24,0.32,512,522,64,8,18,blueYellowCompetition,0.10,0.000000,1,1,1,,0,0,
calibration,47,0.02,0.24,0.32,512,522,64,8,18,blueYellowCompetition,0.15,0.000000,1,1,1,,0,0,
calibration,47,0.02,0.24,0.32,512,522,64,8,18,blueYellowCompetition,0.20,0.000000,1,1,1,,0,0,
calibration,47,0.02,0.24,0.32,512,522,64,8,18,blueYellowCompetition,0.25,0.000000,1,1,1,,0,0,
calibration,47,0.02,0.24,0.32,512,522,64,8,18,blueYellowCompetition,0.30,0.000000,1,1,1,,0,0,
calibration,47,0.02,0.24,0.32,512,522,64,8,18,blueYellowCompetition,0.35,0.000000,1,1,1,,0,0,
calibration,47,0.02,0.24,0.32,512,522,64,8,18,blueYellowCompetition,0.40,0.000000,1,1,1,,0,0,
calibration,47,0.02,0.24,0.32,512,522,64,8,18,blueYellowCompetition,0.45,0.000000,1,1,1,,0,0,
calibration,47,0.02,0.24,0.32,512,522,64,8,18,blueYellowCompetition,0.50,0.000000,1,1,1,,0,0,
calibration,47,0.02,0.24,0.32,512,522,64,8,18,blueYellowCompetition,0.55,0.000000,1,1,1,,0,0,
calibration,47,0.02,0.24,0.32,512,522,64,8,18,blueYellowCompetition,0.60,0.000000,1,1,1,,0,0,
calibration,47,0.02,0.24,0.32,512,522,64,8,18,blueYellowCompetition,0.65,0.000000,1,1,1,,0,0,
calibration,47,0.02,0.24,0.32,512,522,64,8,18,blueYellowCompetition,0.70,0.000000,1,1,1,,0,0,
calibration,47,0.02,0.24,0.32,512,522,64,8,18,blueYellowCompetition,0.75,0.000000,1,1,1,,0,0,
calibration,47,0.02,0.24,0.32,512,522,64,8,18,blueYellowCompetition,0.80,0.000000,1,1,1,,0,0,
calibration,47,0.02,0.24,0.32,512,522,64,8,18,blueYellowCompetition,0.85,0.000000,1,1,1,,0,0,
calibration,47,0.02,0.24,0.32,512,522,64,8,18,blueYellowCompetition,0.90,0.000000,1,1,1,,0,0,
calibration,47,0.02,0.24,0.32,512,522,64,8,18,blueYellowCompetition,0.95,0.000000,1,1,1,,0,0,
calibration,47,0.02,0.24,0.32,512,522,64,8,18,blueYellowCompetition,1.00,0.000000,1,1,1,,0,0,
calibration,48,0.04,0.08,0.08,512,522,64,8,18,redGreenCompetition,0.00,0.000000,1,1,1,,0,0,
calibration,48,0.04,0.08,0.08,512,522,64,8,18,redGreenCompetition,0.05,0.000000,1,1,1,,0,0,
calibration,48,0.04,0.08,0.08,512,522,64,8,18,redGreenCompetition,0.10,0.000000,1,1,1,,0,0,
calibration,48,0.04,0.08,0.08,512,522,64,8,18,redGreenCompetition,0.15,0.000000,1,1,1,,0,0,
calibration,48,0.04,0.08,0.08,512,522,64,8,18,redGreenCompetition,0.20,0.000000,1,1,1,,0,0,
calibration,48,0.04,0.08,0.08,512,522,64,8,18,redGreenCompetition,0.25,0.000000,1,1,1,,0,0,
calibration,48,0.04,0.08,0.08,512,522,64,8,18,redGreenCompetition,0.30,0.000000,1,1,1,,0,0,
calibration,48,0.04,0.08,0.08,512,522,64,8,18,redGreenCompetition,0.35,0.000000,1,1,1,,0,0,
calibration,48,0.04,0.08,0.08,512,522,64,8,18,redGreenCompetition,0.40,0.000000,1,1,1,,0,0,
calibration,48,0.04,0.08,0.08,512,522,64,8,18,redGreenCompetition,0.45,0.000000,1,1,1,,0,0,
calibration,48,0.04,0.08,0.08,512,522,64,8,18,redGreenCompetition,0.50,0.000000,1,1,1,,0,0,
calibration,48,0.04,0.08,0.08,512,522,64,8,18,redGreenCompetition,0.55,0.000000,1,1,1,,0,0,
calibration,48,0.04,0.08,0.08,512,522,64,8,18,redGreenCompetition,0.60,0.000000,1,1,1,,0,0,
calibration,48,0.04,0.08,0.08,512,522,64,8,18,redGreenCompetition,0.65,0.000000,1,1,1,,0,0,
calibration,48,0.04,0.08,0.08,512,522,64,8,18,redGreenCompetition,0.70,0.000000,1,1,1,,0,0,
calibration,48,0.04,0.08,0.08,512,522,64,8,18,redGreenCompetition,0.75,0.000000,1,1,1,,0,0,
calibration,48,0.04,0.08,0.08,512,522,64,8,18,redGreenCompetition,0.80,0.000000,1,1,1,,0,0,
calibration,48,0.04,0.08,0.08,512,522,64,8,18,redGreenCompetition,0.85,0.000000,1,1,1,,0,0,
calibration,48,0.04,0.08,0.08,512,522,64,8,18,redGreenCompetition,0.90,0.000000,1,1,1,,0,0,
calibration,48,0.04,0.08,0.08,512,522,64,8,18,redGreenCompetition,0.95,0.000000,1,1,1,,0,0,
calibration,48,0.04,0.08,0.08,512,522,64,8,18,redGreenCompetition,1.00,0.000000,1,1,1,,0,0,
calibration,48,0.04,0.08,0.08,512,522,64,8,18,blueYellowCompetition,0.00,0.000000,1,1,1,,0,0,
calibration,48,0.04,0.08,0.08,512,522,64,8,18,blueYellowCompetition,0.05,0.000000,1,1,1,,0,0,
calibration,48,0.04,0.08,0.08,512,522,64,8,18,blueYellowCompetition,0.10,0.000000,1,1,1,,0,0,
calibration,48,0.04,0.08,0.08,512,522,64,8,18,blueYellowCompetition,0.15,0.000000,1,1,1,,0,0,
calibration,48,0.04,0.08,0.08,512,522,64,8,18,blueYellowCompetition,0.20,0.000000,1,1,1,,0,0,
calibration,48,0.04,0.08,0.08,512,522,64,8,18,blueYellowCompetition,0.25,0.000000,1,1,1,,0,0,
calibration,48,0.04,0.08,0.08,512,522,64,8,18,blueYellowCompetition,0.30,0.000000,1,1,1,,0,0,
calibration,48,0.04,0.08,0.08,512,522,64,8,18,blueYellowCompetition,0.35,0.000000,1,1,1,,0,0,
calibration,48,0.04,0.08,0.08,512,522,64,8,18,blueYellowCompetition,0.40,0.000000,1,1,1,,0,0,
calibration,48,0.04,0.08,0.08,512,522,64,8,18,blueYellowCompetition,0.45,0.000000,1,1,1,,0,0,
calibration,48,0.04,0.08,0.08,512,522,64,8,18,blueYellowCompetition,0.50,0.000000,1,1,1,,0,0,
calibration,48,0.04,0.08,0.08,512,522,64,8,18,blueYellowCompetition,0.55,0.000000,1,1,1,,0,0,
calibration,48,0.04,0.08,0.08,512,522,64,8,18,blueYellowCompetition,0.60,0.000000,1,1,1,,0,0,
calibration,48,0.04,0.08,0.08,512,522,64,8,18,blueYellowCompetition,0.65,0.000000,1,1,1,,0,0,
calibration,48,0.04,0.08,0.08,512,522,64,8,18,blueYellowCompetition,0.70,0.000000,1,1,1,,0,0,
calibration,48,0.04,0.08,0.08,512,522,64,8,18,blueYellowCompetition,0.75,0.000000,1,1,1,,0,0,
calibration,48,0.04,0.08,0.08,512,522,64,8,18,blueYellowCompetition,0.80,0.000000,1,1,1,,0,0,
calibration,48,0.04,0.08,0.08,512,522,64,8,18,blueYellowCompetition,0.85,0.000000,1,1,1,,0,0,
calibration,48,0.04,0.08,0.08,512,522,64,8,18,blueYellowCompetition,0.90,0.000000,1,1,1,,0,0,
calibration,48,0.04,0.08,0.08,512,522,64,8,18,blueYellowCompetition,0.95,0.000000,1,1,1,,0,0,
calibration,48,0.04,0.08,0.08,512,522,64,8,18,blueYellowCompetition,1.00,0.000000,1,1,1,,0,0,
calibration,49,0.04,0.08,0.16,512,522,64,8,18,redGreenCompetition,0.00,0.000000,1,1,1,,0,0,
calibration,49,0.04,0.08,0.16,512,522,64,8,18,redGreenCompetition,0.05,0.000000,1,1,1,,0,0,
calibration,49,0.04,0.08,0.16,512,522,64,8,18,redGreenCompetition,0.10,0.000000,1,1,1,,0,0,
calibration,49,0.04,0.08,0.16,512,522,64,8,18,redGreenCompetition,0.15,0.000000,1,1,1,,0,0,
calibration,49,0.04,0.08,0.16,512,522,64,8,18,redGreenCompetition,0.20,0.000000,1,1,1,,0,0,
calibration,49,0.04,0.08,0.16,512,522,64,8,18,redGreenCompetition,0.25,0.000000,1,1,1,,0,0,
calibration,49,0.04,0.08,0.16,512,522,64,8,18,redGreenCompetition,0.30,0.000000,1,1,1,,0,0,
calibration,49,0.04,0.08,0.16,512,522,64,8,18,redGreenCompetition,0.35,0.000000,1,1,1,,0,0,
calibration,49,0.04,0.08,0.16,512,522,64,8,18,redGreenCompetition,0.40,0.000000,1,1,1,,0,0,
calibration,49,0.04,0.08,0.16,512,522,64,8,18,redGreenCompetition,0.45,0.000000,1,1,1,,0,0,
calibration,49,0.04,0.08,0.16,512,522,64,8,18,redGreenCompetition,0.50,0.000000,1,1,1,,0,0,
calibration,49,0.04,0.08,0.16,512,522,64,8,18,redGreenCompetition,0.55,0.000000,1,1,1,,0,0,
calibration,49,0.04,0.08,0.16,512,522,64,8,18,redGreenCompetition,0.60,0.000000,1,1,1,,0,0,
calibration,49,0.04,0.08,0.16,512,522,64,8,18,redGreenCompetition,0.65,0.000000,1,1,1,,0,0,
calibration,49,0.04,0.08,0.16,512,522,64,8,18,redGreenCompetition,0.70,0.000000,1,1,1,,0,0,
calibration,49,0.04,0.08,0.16,512,522,64,8,18,redGreenCompetition,0.75,0.000000,1,1,1,,0,0,
calibration,49,0.04,0.08,0.16,512,522,64,8,18,redGreenCompetition,0.80,0.000000,1,1,1,,0,0,
calibration,49,0.04,0.08,0.16,512,522,64,8,18,redGreenCompetition,0.85,0.000000,1,1,1,,0,0,
calibration,49,0.04,0.08,0.16,512,522,64,8,18,redGreenCompetition,0.90,0.000000,1,1,1,,0,0,
calibration,49,0.04,0.08,0.16,512,522,64,8,18,redGreenCompetition,0.95,0.000000,1,1,1,,0,0,
calibration,49,0.04,0.08,0.16,512,522,64,8,18,redGreenCompetition,1.00,0.000000,1,1,1,,0,0,
calibration,49,0.04,0.08,0.16,512,522,64,8,18,blueYellowCompetition,0.00,0.000000,1,1,1,,0,0,
calibration,49,0.04,0.08,0.16,512,522,64,8,18,blueYellowCompetition,0.05,0.000000,1,1,1,,0,0,
calibration,49,0.04,0.08,0.16,512,522,64,8,18,blueYellowCompetition,0.10,0.000000,1,1,1,,0,0,
calibration,49,0.04,0.08,0.16,512,522,64,8,18,blueYellowCompetition,0.15,0.000000,1,1,1,,0,0,
calibration,49,0.04,0.08,0.16,512,522,64,8,18,blueYellowCompetition,0.20,0.000000,1,1,1,,0,0,
calibration,49,0.04,0.08,0.16,512,522,64,8,18,blueYellowCompetition,0.25,0.000000,1,1,1,,0,0,
calibration,49,0.04,0.08,0.16,512,522,64,8,18,blueYellowCompetition,0.30,0.000000,1,1,1,,0,0,
calibration,49,0.04,0.08,0.16,512,522,64,8,18,blueYellowCompetition,0.35,0.000000,1,1,1,,0,0,
calibration,49,0.04,0.08,0.16,512,522,64,8,18,blueYellowCompetition,0.40,0.000000,1,1,1,,0,0,
calibration,49,0.04,0.08,0.16,512,522,64,8,18,blueYellowCompetition,0.45,0.000000,1,1,1,,0,0,
calibration,49,0.04,0.08,0.16,512,522,64,8,18,blueYellowCompetition,0.50,0.000000,1,1,1,,0,0,
calibration,49,0.04,0.08,0.16,512,522,64,8,18,blueYellowCompetition,0.55,0.000000,1,1,1,,0,0,
calibration,49,0.04,0.08,0.16,512,522,64,8,18,blueYellowCompetition,0.60,0.000000,1,1,1,,0,0,
calibration,49,0.04,0.08,0.16,512,522,64,8,18,blueYellowCompetition,0.65,0.000000,1,1,1,,0,0,
calibration,49,0.04,0.08,0.16,512,522,64,8,18,blueYellowCompetition,0.70,0.000000,1,1,1,,0,0,
calibration,49,0.04,0.08,0.16,512,522,64,8,18,blueYellowCompetition,0.75,0.000000,1,1,1,,0,0,
calibration,49,0.04,0.08,0.16,512,522,64,8,18,blueYellowCompetition,0.80,0.000000,1,1,1,,0,0,
calibration,49,0.04,0.08,0.16,512,522,64,8,18,blueYellowCompetition,0.85,0.000000,1,1,1,,0,0,
calibration,49,0.04,0.08,0.16,512,522,64,8,18,blueYellowCompetition,0.90,0.000000,1,1,1,,0,0,
calibration,49,0.04,0.08,0.16,512,522,64,8,18,blueYellowCompetition,0.95,0.000000,1,1,1,,0,0,
calibration,49,0.04,0.08,0.16,512,522,64,8,18,blueYellowCompetition,1.00,0.000000,1,1,1,,0,0,
calibration,50,0.04,0.08,0.24,512,522,64,8,18,redGreenCompetition,0.00,0.000000,1,1,1,,0,0,
calibration,50,0.04,0.08,0.24,512,522,64,8,18,redGreenCompetition,0.05,0.000000,1,1,1,,0,0,
calibration,50,0.04,0.08,0.24,512,522,64,8,18,redGreenCompetition,0.10,0.000000,1,1,1,,0,0,
calibration,50,0.04,0.08,0.24,512,522,64,8,18,redGreenCompetition,0.15,0.000000,1,1,1,,0,0,
calibration,50,0.04,0.08,0.24,512,522,64,8,18,redGreenCompetition,0.20,0.000000,1,1,1,,0,0,
calibration,50,0.04,0.08,0.24,512,522,64,8,18,redGreenCompetition,0.25,0.000000,1,1,1,,0,0,
calibration,50,0.04,0.08,0.24,512,522,64,8,18,redGreenCompetition,0.30,0.000000,1,1,1,,0,0,
calibration,50,0.04,0.08,0.24,512,522,64,8,18,redGreenCompetition,0.35,0.000000,1,1,1,,0,0,
calibration,50,0.04,0.08,0.24,512,522,64,8,18,redGreenCompetition,0.40,0.000000,1,1,1,,0,0,
calibration,50,0.04,0.08,0.24,512,522,64,8,18,redGreenCompetition,0.45,0.000000,1,1,1,,0,0,
calibration,50,0.04,0.08,0.24,512,522,64,8,18,redGreenCompetition,0.50,0.000000,1,1,1,,0,0,
calibration,50,0.04,0.08,0.24,512,522,64,8,18,redGreenCompetition,0.55,0.000000,1,1,1,,0,0,
calibration,50,0.04,0.08,0.24,512,522,64,8,18,redGreenCompetition,0.60,0.000000,1,1,1,,0,0,
calibration,50,0.04,0.08,0.24,512,522,64,8,18,redGreenCompetition,0.65,0.000000,1,1,1,,0,0,
calibration,50,0.04,0.08,0.24,512,522,64,8,18,redGreenCompetition,0.70,0.000000,1,1,1,,0,0,
calibration,50,0.04,0.08,0.24,512,522,64,8,18,redGreenCompetition,0.75,0.000000,1,1,1,,0,0,
calibration,50,0.04,0.08,0.24,512,522,64,8,18,redGreenCompetition,0.80,0.000000,1,1,1,,0,0,
calibration,50,0.04,0.08,0.24,512,522,64,8,18,redGreenCompetition,0.85,0.000000,1,1,1,,0,0,
calibration,50,0.04,0.08,0.24,512,522,64,8,18,redGreenCompetition,0.90,0.000000,1,1,1,,0,0,
calibration,50,0.04,0.08,0.24,512,522,64,8,18,redGreenCompetition,0.95,0.000000,1,1,1,,0,0,
calibration,50,0.04,0.08,0.24,512,522,64,8,18,redGreenCompetition,1.00,0.000000,1,1,1,,0,0,
calibration,50,0.04,0.08,0.24,512,522,64,8,18,blueYellowCompetition,0.00,0.000000,1,1,1,,0,0,
calibration,50,0.04,0.08,0.24,512,522,64,8,18,blueYellowCompetition,0.05,0.000000,1,1,1,,0,0,
calibration,50,0.04,0.08,0.24,512,522,64,8,18,blueYellowCompetition,0.10,0.000000,1,1,1,,0,0,
calibration,50,0.04,0.08,0.24,512,522,64,8,18,blueYellowCompetition,0.15,0.000000,1,1,1,,0,0,
calibration,50,0.04,0.08,0.24,512,522,64,8,18,blueYellowCompetition,0.20,0.000000,1,1,1,,0,0,
calibration,50,0.04,0.08,0.24,512,522,64,8,18,blueYellowCompetition,0.25,0.000000,1,1,1,,0,0,
calibration,50,0.04,0.08,0.24,512,522,64,8,18,blueYellowCompetition,0.30,0.000000,1,1,1,,0,0,
calibration,50,0.04,0.08,0.24,512,522,64,8,18,blueYellowCompetition,0.35,0.000000,1,1,1,,0,0,
calibration,50,0.04,0.08,0.24,512,522,64,8,18,blueYellowCompetition,0.40,0.000000,1,1,1,,0,0,
calibration,50,0.04,0.08,0.24,512,522,64,8,18,blueYellowCompetition,0.45,0.000000,1,1,1,,0,0,
calibration,50,0.04,0.08,0.24,512,522,64,8,18,blueYellowCompetition,0.50,0.000000,1,1,1,,0,0,
calibration,50,0.04,0.08,0.24,512,522,64,8,18,blueYellowCompetition,0.55,0.000000,1,1,1,,0,0,
calibration,50,0.04,0.08,0.24,512,522,64,8,18,blueYellowCompetition,0.60,0.000000,1,1,1,,0,0,
calibration,50,0.04,0.08,0.24,512,522,64,8,18,blueYellowCompetition,0.65,0.000000,1,1,1,,0,0,
calibration,50,0.04,0.08,0.24,512,522,64,8,18,blueYellowCompetition,0.70,0.000000,1,1,1,,0,0,
calibration,50,0.04,0.08,0.24,512,522,64,8,18,blueYellowCompetition,0.75,0.000000,1,1,1,,0,0,
calibration,50,0.04,0.08,0.24,512,522,64,8,18,blueYellowCompetition,0.80,0.000000,1,1,1,,0,0,
calibration,50,0.04,0.08,0.24,512,522,64,8,18,blueYellowCompetition,0.85,0.000000,1,1,1,,0,0,
calibration,50,0.04,0.08,0.24,512,522,64,8,18,blueYellowCompetition,0.90,0.000000,1,1,1,,0,0,
calibration,50,0.04,0.08,0.24,512,522,64,8,18,blueYellowCompetition,0.95,0.000000,1,1,1,,0,0,
calibration,50,0.04,0.08,0.24,512,522,64,8,18,blueYellowCompetition,1.00,0.000000,1,1,1,,0,0,
calibration,51,0.04,0.08,0.32,512,522,64,8,18,redGreenCompetition,0.00,0.000000,1,1,1,,0,0,
calibration,51,0.04,0.08,0.32,512,522,64,8,18,redGreenCompetition,0.05,0.000000,1,1,1,,0,0,
calibration,51,0.04,0.08,0.32,512,522,64,8,18,redGreenCompetition,0.10,0.000000,1,1,1,,0,0,
calibration,51,0.04,0.08,0.32,512,522,64,8,18,redGreenCompetition,0.15,0.000000,1,1,1,,0,0,
calibration,51,0.04,0.08,0.32,512,522,64,8,18,redGreenCompetition,0.20,0.000000,1,1,1,,0,0,
calibration,51,0.04,0.08,0.32,512,522,64,8,18,redGreenCompetition,0.25,0.000000,1,1,1,,0,0,
calibration,51,0.04,0.08,0.32,512,522,64,8,18,redGreenCompetition,0.30,0.000000,1,1,1,,0,0,
calibration,51,0.04,0.08,0.32,512,522,64,8,18,redGreenCompetition,0.35,0.000000,1,1,1,,0,0,
calibration,51,0.04,0.08,0.32,512,522,64,8,18,redGreenCompetition,0.40,0.000000,1,1,1,,0,0,
calibration,51,0.04,0.08,0.32,512,522,64,8,18,redGreenCompetition,0.45,0.000000,1,1,1,,0,0,
calibration,51,0.04,0.08,0.32,512,522,64,8,18,redGreenCompetition,0.50,0.000000,1,1,1,,0,0,
calibration,51,0.04,0.08,0.32,512,522,64,8,18,redGreenCompetition,0.55,0.000000,1,1,1,,0,0,
calibration,51,0.04,0.08,0.32,512,522,64,8,18,redGreenCompetition,0.60,0.000000,1,1,1,,0,0,
calibration,51,0.04,0.08,0.32,512,522,64,8,18,redGreenCompetition,0.65,0.000000,1,1,1,,0,0,
calibration,51,0.04,0.08,0.32,512,522,64,8,18,redGreenCompetition,0.70,0.000000,1,1,1,,0,0,
calibration,51,0.04,0.08,0.32,512,522,64,8,18,redGreenCompetition,0.75,0.000000,1,1,1,,0,0,
calibration,51,0.04,0.08,0.32,512,522,64,8,18,redGreenCompetition,0.80,0.000000,1,1,1,,0,0,
calibration,51,0.04,0.08,0.32,512,522,64,8,18,redGreenCompetition,0.85,0.000000,1,1,1,,0,0,
calibration,51,0.04,0.08,0.32,512,522,64,8,18,redGreenCompetition,0.90,0.000000,1,1,1,,0,0,
calibration,51,0.04,0.08,0.32,512,522,64,8,18,redGreenCompetition,0.95,0.000000,1,1,1,,0,0,
calibration,51,0.04,0.08,0.32,512,522,64,8,18,redGreenCompetition,1.00,0.000000,1,1,1,,0,0,
calibration,51,0.04,0.08,0.32,512,522,64,8,18,blueYellowCompetition,0.00,0.000000,1,1,1,,0,0,
calibration,51,0.04,0.08,0.32,512,522,64,8,18,blueYellowCompetition,0.05,0.000000,1,1,1,,0,0,
calibration,51,0.04,0.08,0.32,512,522,64,8,18,blueYellowCompetition,0.10,0.000000,1,1,1,,0,0,
calibration,51,0.04,0.08,0.32,512,522,64,8,18,blueYellowCompetition,0.15,0.000000,1,1,1,,0,0,
calibration,51,0.04,0.08,0.32,512,522,64,8,18,blueYellowCompetition,0.20,0.000000,1,1,1,,0,0,
calibration,51,0.04,0.08,0.32,512,522,64,8,18,blueYellowCompetition,0.25,0.000000,1,1,1,,0,0,
calibration,51,0.04,0.08,0.32,512,522,64,8,18,blueYellowCompetition,0.30,0.000000,1,1,1,,0,0,
calibration,51,0.04,0.08,0.32,512,522,64,8,18,blueYellowCompetition,0.35,0.000000,1,1,1,,0,0,
calibration,51,0.04,0.08,0.32,512,522,64,8,18,blueYellowCompetition,0.40,0.000000,1,1,1,,0,0,
calibration,51,0.04,0.08,0.32,512,522,64,8,18,blueYellowCompetition,0.45,0.000000,1,1,1,,0,0,
calibration,51,0.04,0.08,0.32,512,522,64,8,18,blueYellowCompetition,0.50,0.000000,1,1,1,,0,0,
calibration,51,0.04,0.08,0.32,512,522,64,8,18,blueYellowCompetition,0.55,0.000000,1,1,1,,0,0,
calibration,51,0.04,0.08,0.32,512,522,64,8,18,blueYellowCompetition,0.60,0.000000,1,1,1,,0,0,
calibration,51,0.04,0.08,0.32,512,522,64,8,18,blueYellowCompetition,0.65,0.000000,1,1,1,,0,0,
calibration,51,0.04,0.08,0.32,512,522,64,8,18,blueYellowCompetition,0.70,0.000000,1,1,1,,0,0,
calibration,51,0.04,0.08,0.32,512,522,64,8,18,blueYellowCompetition,0.75,0.000000,1,1,1,,0,0,
calibration,51,0.04,0.08,0.32,512,522,64,8,18,blueYellowCompetition,0.80,0.000000,1,1,1,,0,0,
calibration,51,0.04,0.08,0.32,512,522,64,8,18,blueYellowCompetition,0.85,0.000000,1,1,1,,0,0,
calibration,51,0.04,0.08,0.32,512,522,64,8,18,blueYellowCompetition,0.90,0.000000,1,1,1,,0,0,
calibration,51,0.04,0.08,0.32,512,522,64,8,18,blueYellowCompetition,0.95,0.000000,1,1,1,,0,0,
calibration,51,0.04,0.08,0.32,512,522,64,8,18,blueYellowCompetition,1.00,0.000000,1,1,1,,0,0,
calibration,52,0.04,0.12,0.08,512,522,64,8,18,redGreenCompetition,0.00,0.000000,1,1,1,,0,0,
calibration,52,0.04,0.12,0.08,512,522,64,8,18,redGreenCompetition,0.05,0.000000,1,1,1,,0,0,
calibration,52,0.04,0.12,0.08,512,522,64,8,18,redGreenCompetition,0.10,0.000000,1,1,1,,0,0,
calibration,52,0.04,0.12,0.08,512,522,64,8,18,redGreenCompetition,0.15,0.000000,1,1,1,,0,0,
calibration,52,0.04,0.12,0.08,512,522,64,8,18,redGreenCompetition,0.20,0.000000,1,1,1,,0,0,
calibration,52,0.04,0.12,0.08,512,522,64,8,18,redGreenCompetition,0.25,0.000000,1,1,1,,0,0,
calibration,52,0.04,0.12,0.08,512,522,64,8,18,redGreenCompetition,0.30,0.000000,1,1,1,,0,0,
calibration,52,0.04,0.12,0.08,512,522,64,8,18,redGreenCompetition,0.35,0.000000,1,1,1,,0,0,
calibration,52,0.04,0.12,0.08,512,522,64,8,18,redGreenCompetition,0.40,0.000000,1,1,1,,0,0,
calibration,52,0.04,0.12,0.08,512,522,64,8,18,redGreenCompetition,0.45,0.000000,1,1,1,,0,0,
calibration,52,0.04,0.12,0.08,512,522,64,8,18,redGreenCompetition,0.50,0.000000,1,1,1,,0,0,
calibration,52,0.04,0.12,0.08,512,522,64,8,18,redGreenCompetition,0.55,0.000000,1,1,1,,0,0,
calibration,52,0.04,0.12,0.08,512,522,64,8,18,redGreenCompetition,0.60,0.000000,1,1,1,,0,0,
calibration,52,0.04,0.12,0.08,512,522,64,8,18,redGreenCompetition,0.65,0.000000,1,1,1,,0,0,
calibration,52,0.04,0.12,0.08,512,522,64,8,18,redGreenCompetition,0.70,0.000000,1,1,1,,0,0,
calibration,52,0.04,0.12,0.08,512,522,64,8,18,redGreenCompetition,0.75,0.000000,1,1,1,,0,0,
calibration,52,0.04,0.12,0.08,512,522,64,8,18,redGreenCompetition,0.80,0.000000,1,1,1,,0,0,
calibration,52,0.04,0.12,0.08,512,522,64,8,18,redGreenCompetition,0.85,0.000000,1,1,1,,0,0,
calibration,52,0.04,0.12,0.08,512,522,64,8,18,redGreenCompetition,0.90,0.000000,1,1,1,,0,0,
calibration,52,0.04,0.12,0.08,512,522,64,8,18,redGreenCompetition,0.95,0.000000,1,1,1,,0,0,
calibration,52,0.04,0.12,0.08,512,522,64,8,18,redGreenCompetition,1.00,0.000000,1,1,1,,0,0,
calibration,52,0.04,0.12,0.08,512,522,64,8,18,blueYellowCompetition,0.00,0.000000,1,1,1,,0,0,
calibration,52,0.04,0.12,0.08,512,522,64,8,18,blueYellowCompetition,0.05,0.000000,1,1,1,,0,0,
calibration,52,0.04,0.12,0.08,512,522,64,8,18,blueYellowCompetition,0.10,0.000000,1,1,1,,0,0,
calibration,52,0.04,0.12,0.08,512,522,64,8,18,blueYellowCompetition,0.15,0.000000,1,1,1,,0,0,
calibration,52,0.04,0.12,0.08,512,522,64,8,18,blueYellowCompetition,0.20,0.000000,1,1,1,,0,0,
calibration,52,0.04,0.12,0.08,512,522,64,8,18,blueYellowCompetition,0.25,0.000000,1,1,1,,0,0,
calibration,52,0.04,0.12,0.08,512,522,64,8,18,blueYellowCompetition,0.30,0.000000,1,1,1,,0,0,
calibration,52,0.04,0.12,0.08,512,522,64,8,18,blueYellowCompetition,0.35,0.000000,1,1,1,,0,0,
calibration,52,0.04,0.12,0.08,512,522,64,8,18,blueYellowCompetition,0.40,0.000000,1,1,1,,0,0,
calibration,52,0.04,0.12,0.08,512,522,64,8,18,blueYellowCompetition,0.45,0.000000,1,1,1,,0,0,
calibration,52,0.04,0.12,0.08,512,522,64,8,18,blueYellowCompetition,0.50,0.000000,1,1,1,,0,0,
calibration,52,0.04,0.12,0.08,512,522,64,8,18,blueYellowCompetition,0.55,0.000000,1,1,1,,0,0,
calibration,52,0.04,0.12,0.08,512,522,64,8,18,blueYellowCompetition,0.60,0.000000,1,1,1,,0,0,
calibration,52,0.04,0.12,0.08,512,522,64,8,18,blueYellowCompetition,0.65,0.000000,1,1,1,,0,0,
calibration,52,0.04,0.12,0.08,512,522,64,8,18,blueYellowCompetition,0.70,0.000000,1,1,1,,0,0,
calibration,52,0.04,0.12,0.08,512,522,64,8,18,blueYellowCompetition,0.75,0.000000,1,1,1,,0,0,
calibration,52,0.04,0.12,0.08,512,522,64,8,18,blueYellowCompetition,0.80,0.000000,1,1,1,,0,0,
calibration,52,0.04,0.12,0.08,512,522,64,8,18,blueYellowCompetition,0.85,0.000000,1,1,1,,0,0,
calibration,52,0.04,0.12,0.08,512,522,64,8,18,blueYellowCompetition,0.90,0.000000,1,1,1,,0,0,
calibration,52,0.04,0.12,0.08,512,522,64,8,18,blueYellowCompetition,0.95,0.000000,1,1,1,,0,0,
calibration,52,0.04,0.12,0.08,512,522,64,8,18,blueYellowCompetition,1.00,0.000000,1,1,1,,0,0,
calibration,53,0.04,0.12,0.16,512,522,64,8,18,redGreenCompetition,0.00,0.000000,1,1,1,,0,0,
calibration,53,0.04,0.12,0.16,512,522,64,8,18,redGreenCompetition,0.05,0.000000,1,1,1,,0,0,
calibration,53,0.04,0.12,0.16,512,522,64,8,18,redGreenCompetition,0.10,0.000000,1,1,1,,0,0,
calibration,53,0.04,0.12,0.16,512,522,64,8,18,redGreenCompetition,0.15,0.000000,1,1,1,,0,0,
calibration,53,0.04,0.12,0.16,512,522,64,8,18,redGreenCompetition,0.20,0.000000,1,1,1,,0,0,
calibration,53,0.04,0.12,0.16,512,522,64,8,18,redGreenCompetition,0.25,0.000000,1,1,1,,0,0,
calibration,53,0.04,0.12,0.16,512,522,64,8,18,redGreenCompetition,0.30,0.000000,1,1,1,,0,0,
calibration,53,0.04,0.12,0.16,512,522,64,8,18,redGreenCompetition,0.35,0.000000,1,1,1,,0,0,
calibration,53,0.04,0.12,0.16,512,522,64,8,18,redGreenCompetition,0.40,0.000000,1,1,1,,0,0,
calibration,53,0.04,0.12,0.16,512,522,64,8,18,redGreenCompetition,0.45,0.000000,1,1,1,,0,0,
calibration,53,0.04,0.12,0.16,512,522,64,8,18,redGreenCompetition,0.50,0.000000,1,1,1,,0,0,
calibration,53,0.04,0.12,0.16,512,522,64,8,18,redGreenCompetition,0.55,0.000000,1,1,1,,0,0,
calibration,53,0.04,0.12,0.16,512,522,64,8,18,redGreenCompetition,0.60,0.000000,1,1,1,,0,0,
calibration,53,0.04,0.12,0.16,512,522,64,8,18,redGreenCompetition,0.65,0.000000,1,1,1,,0,0,
calibration,53,0.04,0.12,0.16,512,522,64,8,18,redGreenCompetition,0.70,0.000000,1,1,1,,0,0,
calibration,53,0.04,0.12,0.16,512,522,64,8,18,redGreenCompetition,0.75,0.000000,1,1,1,,0,0,
calibration,53,0.04,0.12,0.16,512,522,64,8,18,redGreenCompetition,0.80,0.000000,1,1,1,,0,0,
calibration,53,0.04,0.12,0.16,512,522,64,8,18,redGreenCompetition,0.85,0.000000,1,1,1,,0,0,
calibration,53,0.04,0.12,0.16,512,522,64,8,18,redGreenCompetition,0.90,0.000000,1,1,1,,0,0,
calibration,53,0.04,0.12,0.16,512,522,64,8,18,redGreenCompetition,0.95,0.000000,1,1,1,,0,0,
calibration,53,0.04,0.12,0.16,512,522,64,8,18,redGreenCompetition,1.00,0.000000,1,1,1,,0,0,
calibration,53,0.04,0.12,0.16,512,522,64,8,18,blueYellowCompetition,0.00,0.000000,1,1,1,,0,0,
calibration,53,0.04,0.12,0.16,512,522,64,8,18,blueYellowCompetition,0.05,0.000000,1,1,1,,0,0,
calibration,53,0.04,0.12,0.16,512,522,64,8,18,blueYellowCompetition,0.10,0.000000,1,1,1,,0,0,
calibration,53,0.04,0.12,0.16,512,522,64,8,18,blueYellowCompetition,0.15,0.000000,1,1,1,,0,0,
calibration,53,0.04,0.12,0.16,512,522,64,8,18,blueYellowCompetition,0.20,0.000000,1,1,1,,0,0,
calibration,53,0.04,0.12,0.16,512,522,64,8,18,blueYellowCompetition,0.25,0.000000,1,1,1,,0,0,
calibration,53,0.04,0.12,0.16,512,522,64,8,18,blueYellowCompetition,0.30,0.000000,1,1,1,,0,0,
calibration,53,0.04,0.12,0.16,512,522,64,8,18,blueYellowCompetition,0.35,0.000000,1,1,1,,0,0,
calibration,53,0.04,0.12,0.16,512,522,64,8,18,blueYellowCompetition,0.40,0.000000,1,1,1,,0,0,
calibration,53,0.04,0.12,0.16,512,522,64,8,18,blueYellowCompetition,0.45,0.000000,1,1,1,,0,0,
calibration,53,0.04,0.12,0.16,512,522,64,8,18,blueYellowCompetition,0.50,0.000000,1,1,1,,0,0,
calibration,53,0.04,0.12,0.16,512,522,64,8,18,blueYellowCompetition,0.55,0.000000,1,1,1,,0,0,
calibration,53,0.04,0.12,0.16,512,522,64,8,18,blueYellowCompetition,0.60,0.000000,1,1,1,,0,0,
calibration,53,0.04,0.12,0.16,512,522,64,8,18,blueYellowCompetition,0.65,0.000000,1,1,1,,0,0,
calibration,53,0.04,0.12,0.16,512,522,64,8,18,blueYellowCompetition,0.70,0.000000,1,1,1,,0,0,
calibration,53,0.04,0.12,0.16,512,522,64,8,18,blueYellowCompetition,0.75,0.000000,1,1,1,,0,0,
calibration,53,0.04,0.12,0.16,512,522,64,8,18,blueYellowCompetition,0.80,0.000000,1,1,1,,0,0,
calibration,53,0.04,0.12,0.16,512,522,64,8,18,blueYellowCompetition,0.85,0.000000,1,1,1,,0,0,
calibration,53,0.04,0.12,0.16,512,522,64,8,18,blueYellowCompetition,0.90,0.000000,1,1,1,,0,0,
calibration,53,0.04,0.12,0.16,512,522,64,8,18,blueYellowCompetition,0.95,0.000000,1,1,1,,0,0,
calibration,53,0.04,0.12,0.16,512,522,64,8,18,blueYellowCompetition,1.00,0.000000,1,1,1,,0,0,
calibration,54,0.04,0.12,0.24,512,522,64,8,18,redGreenCompetition,0.00,0.000000,1,1,1,,0,0,
calibration,54,0.04,0.12,0.24,512,522,64,8,18,redGreenCompetition,0.05,0.000000,1,1,1,,0,0,
calibration,54,0.04,0.12,0.24,512,522,64,8,18,redGreenCompetition,0.10,0.000000,1,1,1,,0,0,
calibration,54,0.04,0.12,0.24,512,522,64,8,18,redGreenCompetition,0.15,0.000000,1,1,1,,0,0,
calibration,54,0.04,0.12,0.24,512,522,64,8,18,redGreenCompetition,0.20,0.000000,1,1,1,,0,0,
calibration,54,0.04,0.12,0.24,512,522,64,8,18,redGreenCompetition,0.25,0.000000,1,1,1,,0,0,
calibration,54,0.04,0.12,0.24,512,522,64,8,18,redGreenCompetition,0.30,0.000000,1,1,1,,0,0,
calibration,54,0.04,0.12,0.24,512,522,64,8,18,redGreenCompetition,0.35,0.000000,1,1,1,,0,0,
calibration,54,0.04,0.12,0.24,512,522,64,8,18,redGreenCompetition,0.40,0.000000,1,1,1,,0,0,
calibration,54,0.04,0.12,0.24,512,522,64,8,18,redGreenCompetition,0.45,0.000000,1,1,1,,0,0,
calibration,54,0.04,0.12,0.24,512,522,64,8,18,redGreenCompetition,0.50,0.000000,1,1,1,,0,0,
calibration,54,0.04,0.12,0.24,512,522,64,8,18,redGreenCompetition,0.55,0.000000,1,1,1,,0,0,
calibration,54,0.04,0.12,0.24,512,522,64,8,18,redGreenCompetition,0.60,0.000000,1,1,1,,0,0,
calibration,54,0.04,0.12,0.24,512,522,64,8,18,redGreenCompetition,0.65,0.000000,1,1,1,,0,0,
calibration,54,0.04,0.12,0.24,512,522,64,8,18,redGreenCompetition,0.70,0.000000,1,1,1,,0,0,
calibration,54,0.04,0.12,0.24,512,522,64,8,18,redGreenCompetition,0.75,0.000000,1,1,1,,0,0,
calibration,54,0.04,0.12,0.24,512,522,64,8,18,redGreenCompetition,0.80,0.000000,1,1,1,,0,0,
calibration,54,0.04,0.12,0.24,512,522,64,8,18,redGreenCompetition,0.85,0.000000,1,1,1,,0,0,
calibration,54,0.04,0.12,0.24,512,522,64,8,18,redGreenCompetition,0.90,0.000000,1,1,1,,0,0,
calibration,54,0.04,0.12,0.24,512,522,64,8,18,redGreenCompetition,0.95,0.000000,1,1,1,,0,0,
calibration,54,0.04,0.12,0.24,512,522,64,8,18,redGreenCompetition,1.00,0.000000,1,1,1,,0,0,
calibration,54,0.04,0.12,0.24,512,522,64,8,18,blueYellowCompetition,0.00,0.000000,1,1,1,,0,0,
calibration,54,0.04,0.12,0.24,512,522,64,8,18,blueYellowCompetition,0.05,0.000000,1,1,1,,0,0,
calibration,54,0.04,0.12,0.24,512,522,64,8,18,blueYellowCompetition,0.10,0.000000,1,1,1,,0,0,
calibration,54,0.04,0.12,0.24,512,522,64,8,18,blueYellowCompetition,0.15,0.000000,1,1,1,,0,0,
calibration,54,0.04,0.12,0.24,512,522,64,8,18,blueYellowCompetition,0.20,0.000000,1,1,1,,0,0,
calibration,54,0.04,0.12,0.24,512,522,64,8,18,blueYellowCompetition,0.25,0.000000,1,1,1,,0,0,
calibration,54,0.04,0.12,0.24,512,522,64,8,18,blueYellowCompetition,0.30,0.000000,1,1,1,,0,0,
calibration,54,0.04,0.12,0.24,512,522,64,8,18,blueYellowCompetition,0.35,0.000000,1,1,1,,0,0,
calibration,54,0.04,0.12,0.24,512,522,64,8,18,blueYellowCompetition,0.40,0.000000,1,1,1,,0,0,
calibration,54,0.04,0.12,0.24,512,522,64,8,18,blueYellowCompetition,0.45,0.000000,1,1,1,,0,0,
calibration,54,0.04,0.12,0.24,512,522,64,8,18,blueYellowCompetition,0.50,0.000000,1,1,1,,0,0,
calibration,54,0.04,0.12,0.24,512,522,64,8,18,blueYellowCompetition,0.55,0.000000,1,1,1,,0,0,
calibration,54,0.04,0.12,0.24,512,522,64,8,18,blueYellowCompetition,0.60,0.000000,1,1,1,,0,0,
calibration,54,0.04,0.12,0.24,512,522,64,8,18,blueYellowCompetition,0.65,0.000000,1,1,1,,0,0,
calibration,54,0.04,0.12,0.24,512,522,64,8,18,blueYellowCompetition,0.70,0.000000,1,1,1,,0,0,
calibration,54,0.04,0.12,0.24,512,522,64,8,18,blueYellowCompetition,0.75,0.000000,1,1,1,,0,0,
calibration,54,0.04,0.12,0.24,512,522,64,8,18,blueYellowCompetition,0.80,0.000000,1,1,1,,0,0,
calibration,54,0.04,0.12,0.24,512,522,64,8,18,blueYellowCompetition,0.85,0.000000,1,1,1,,0,0,
calibration,54,0.04,0.12,0.24,512,522,64,8,18,blueYellowCompetition,0.90,0.000000,1,1,1,,0,0,
calibration,54,0.04,0.12,0.24,512,522,64,8,18,blueYellowCompetition,0.95,0.000000,1,1,1,,0,0,
calibration,54,0.04,0.12,0.24,512,522,64,8,18,blueYellowCompetition,1.00,0.000000,1,1,1,,0,0,
calibration,55,0.04,0.12,0.32,512,522,64,8,18,redGreenCompetition,0.00,0.000000,1,1,1,,0,0,
calibration,55,0.04,0.12,0.32,512,522,64,8,18,redGreenCompetition,0.05,0.000000,1,1,1,,0,0,
calibration,55,0.04,0.12,0.32,512,522,64,8,18,redGreenCompetition,0.10,0.000000,1,1,1,,0,0,
calibration,55,0.04,0.12,0.32,512,522,64,8,18,redGreenCompetition,0.15,0.000000,1,1,1,,0,0,
calibration,55,0.04,0.12,0.32,512,522,64,8,18,redGreenCompetition,0.20,0.000000,1,1,1,,0,0,
calibration,55,0.04,0.12,0.32,512,522,64,8,18,redGreenCompetition,0.25,0.000000,1,1,1,,0,0,
calibration,55,0.04,0.12,0.32,512,522,64,8,18,redGreenCompetition,0.30,0.000000,1,1,1,,0,0,
calibration,55,0.04,0.12,0.32,512,522,64,8,18,redGreenCompetition,0.35,0.000000,1,1,1,,0,0,
calibration,55,0.04,0.12,0.32,512,522,64,8,18,redGreenCompetition,0.40,0.000000,1,1,1,,0,0,
calibration,55,0.04,0.12,0.32,512,522,64,8,18,redGreenCompetition,0.45,0.000000,1,1,1,,0,0,
calibration,55,0.04,0.12,0.32,512,522,64,8,18,redGreenCompetition,0.50,0.000000,1,1,1,,0,0,
calibration,55,0.04,0.12,0.32,512,522,64,8,18,redGreenCompetition,0.55,0.000000,1,1,1,,0,0,
calibration,55,0.04,0.12,0.32,512,522,64,8,18,redGreenCompetition,0.60,0.000000,1,1,1,,0,0,
calibration,55,0.04,0.12,0.32,512,522,64,8,18,redGreenCompetition,0.65,0.000000,1,1,1,,0,0,
calibration,55,0.04,0.12,0.32,512,522,64,8,18,redGreenCompetition,0.70,0.000000,1,1,1,,0,0,
calibration,55,0.04,0.12,0.32,512,522,64,8,18,redGreenCompetition,0.75,0.000000,1,1,1,,0,0,
calibration,55,0.04,0.12,0.32,512,522,64,8,18,redGreenCompetition,0.80,0.000000,1,1,1,,0,0,
calibration,55,0.04,0.12,0.32,512,522,64,8,18,redGreenCompetition,0.85,0.000000,1,1,1,,0,0,
calibration,55,0.04,0.12,0.32,512,522,64,8,18,redGreenCompetition,0.90,0.000000,1,1,1,,0,0,
calibration,55,0.04,0.12,0.32,512,522,64,8,18,redGreenCompetition,0.95,0.000000,1,1,1,,0,0,
calibration,55,0.04,0.12,0.32,512,522,64,8,18,redGreenCompetition,1.00,0.000000,1,1,1,,0,0,
calibration,55,0.04,0.12,0.32,512,522,64,8,18,blueYellowCompetition,0.00,0.000000,1,1,1,,0,0,
calibration,55,0.04,0.12,0.32,512,522,64,8,18,blueYellowCompetition,0.05,0.000000,1,1,1,,0,0,
calibration,55,0.04,0.12,0.32,512,522,64,8,18,blueYellowCompetition,0.10,0.000000,1,1,1,,0,0,
calibration,55,0.04,0.12,0.32,512,522,64,8,18,blueYellowCompetition,0.15,0.000000,1,1,1,,0,0,
calibration,55,0.04,0.12,0.32,512,522,64,8,18,blueYellowCompetition,0.20,0.000000,1,1,1,,0,0,
calibration,55,0.04,0.12,0.32,512,522,64,8,18,blueYellowCompetition,0.25,0.000000,1,1,1,,0,0,
calibration,55,0.04,0.12,0.32,512,522,64,8,18,blueYellowCompetition,0.30,0.000000,1,1,1,,0,0,
calibration,55,0.04,0.12,0.32,512,522,64,8,18,blueYellowCompetition,0.35,0.000000,1,1,1,,0,0,
calibration,55,0.04,0.12,0.32,512,522,64,8,18,blueYellowCompetition,0.40,0.000000,1,1,1,,0,0,
calibration,55,0.04,0.12,0.32,512,522,64,8,18,blueYellowCompetition,0.45,0.000000,1,1,1,,0,0,
calibration,55,0.04,0.12,0.32,512,522,64,8,18,blueYellowCompetition,0.50,0.000000,1,1,1,,0,0,
calibration,55,0.04,0.12,0.32,512,522,64,8,18,blueYellowCompetition,0.55,0.000000,1,1,1,,0,0,
calibration,55,0.04,0.12,0.32,512,522,64,8,18,blueYellowCompetition,0.60,0.000000,1,1,1,,0,0,
calibration,55,0.04,0.12,0.32,512,522,64,8,18,blueYellowCompetition,0.65,0.000000,1,1,1,,0,0,
calibration,55,0.04,0.12,0.32,512,522,64,8,18,blueYellowCompetition,0.70,0.000000,1,1,1,,0,0,
calibration,55,0.04,0.12,0.32,512,522,64,8,18,blueYellowCompetition,0.75,0.000000,1,1,1,,0,0,
calibration,55,0.04,0.12,0.32,512,522,64,8,18,blueYellowCompetition,0.80,0.000000,1,1,1,,0,0,
calibration,55,0.04,0.12,0.32,512,522,64,8,18,blueYellowCompetition,0.85,0.000000,1,1,1,,0,0,
calibration,55,0.04,0.12,0.32,512,522,64,8,18,blueYellowCompetition,0.90,0.000000,1,1,1,,0,0,
calibration,55,0.04,0.12,0.32,512,522,64,8,18,blueYellowCompetition,0.95,0.000000,1,1,1,,0,0,
calibration,55,0.04,0.12,0.32,512,522,64,8,18,blueYellowCompetition,1.00,0.000000,1,1,1,,0,0,
calibration,56,0.04,0.16,0.08,512,522,64,8,18,redGreenCompetition,0.00,0.000000,1,1,1,,0,0,
calibration,56,0.04,0.16,0.08,512,522,64,8,18,redGreenCompetition,0.05,0.000000,1,1,1,,0,0,
calibration,56,0.04,0.16,0.08,512,522,64,8,18,redGreenCompetition,0.10,0.000000,1,1,1,,0,0,
calibration,56,0.04,0.16,0.08,512,522,64,8,18,redGreenCompetition,0.15,0.000000,1,1,1,,0,0,
calibration,56,0.04,0.16,0.08,512,522,64,8,18,redGreenCompetition,0.20,0.000000,1,1,1,,0,0,
calibration,56,0.04,0.16,0.08,512,522,64,8,18,redGreenCompetition,0.25,0.000000,1,1,1,,0,0,
calibration,56,0.04,0.16,0.08,512,522,64,8,18,redGreenCompetition,0.30,0.000000,1,1,1,,0,0,
calibration,56,0.04,0.16,0.08,512,522,64,8,18,redGreenCompetition,0.35,0.000000,1,1,1,,0,0,
calibration,56,0.04,0.16,0.08,512,522,64,8,18,redGreenCompetition,0.40,0.000000,1,1,1,,0,0,
calibration,56,0.04,0.16,0.08,512,522,64,8,18,redGreenCompetition,0.45,0.000000,1,1,1,,0,0,
calibration,56,0.04,0.16,0.08,512,522,64,8,18,redGreenCompetition,0.50,0.000000,1,1,1,,0,0,
calibration,56,0.04,0.16,0.08,512,522,64,8,18,redGreenCompetition,0.55,0.000000,1,1,1,,0,0,
calibration,56,0.04,0.16,0.08,512,522,64,8,18,redGreenCompetition,0.60,0.000000,1,1,1,,0,0,
calibration,56,0.04,0.16,0.08,512,522,64,8,18,redGreenCompetition,0.65,0.000000,1,1,1,,0,0,
calibration,56,0.04,0.16,0.08,512,522,64,8,18,redGreenCompetition,0.70,0.000000,1,1,1,,0,0,
calibration,56,0.04,0.16,0.08,512,522,64,8,18,redGreenCompetition,0.75,0.000000,1,1,1,,0,0,
calibration,56,0.04,0.16,0.08,512,522,64,8,18,redGreenCompetition,0.80,0.000000,1,1,1,,0,0,
calibration,56,0.04,0.16,0.08,512,522,64,8,18,redGreenCompetition,0.85,0.000000,1,1,1,,0,0,
calibration,56,0.04,0.16,0.08,512,522,64,8,18,redGreenCompetition,0.90,0.000000,1,1,1,,0,0,
calibration,56,0.04,0.16,0.08,512,522,64,8,18,redGreenCompetition,0.95,0.000000,1,1,1,,0,0,
calibration,56,0.04,0.16,0.08,512,522,64,8,18,redGreenCompetition,1.00,0.000000,1,1,1,,0,0,
calibration,56,0.04,0.16,0.08,512,522,64,8,18,blueYellowCompetition,0.00,0.000000,1,1,1,,0,0,
calibration,56,0.04,0.16,0.08,512,522,64,8,18,blueYellowCompetition,0.05,0.000000,1,1,1,,0,0,
calibration,56,0.04,0.16,0.08,512,522,64,8,18,blueYellowCompetition,0.10,0.000000,1,1,1,,0,0,
calibration,56,0.04,0.16,0.08,512,522,64,8,18,blueYellowCompetition,0.15,0.000000,1,1,1,,0,0,
calibration,56,0.04,0.16,0.08,512,522,64,8,18,blueYellowCompetition,0.20,0.000000,1,1,1,,0,0,
calibration,56,0.04,0.16,0.08,512,522,64,8,18,blueYellowCompetition,0.25,0.000000,1,1,1,,0,0,
calibration,56,0.04,0.16,0.08,512,522,64,8,18,blueYellowCompetition,0.30,0.000000,1,1,1,,0,0,
calibration,56,0.04,0.16,0.08,512,522,64,8,18,blueYellowCompetition,0.35,0.000000,1,1,1,,0,0,
calibration,56,0.04,0.16,0.08,512,522,64,8,18,blueYellowCompetition,0.40,0.000000,1,1,1,,0,0,
calibration,56,0.04,0.16,0.08,512,522,64,8,18,blueYellowCompetition,0.45,0.000000,1,1,1,,0,0,
calibration,56,0.04,0.16,0.08,512,522,64,8,18,blueYellowCompetition,0.50,0.000000,1,1,1,,0,0,
calibration,56,0.04,0.16,0.08,512,522,64,8,18,blueYellowCompetition,0.55,0.000000,1,1,1,,0,0,
calibration,56,0.04,0.16,0.08,512,522,64,8,18,blueYellowCompetition,0.60,0.000000,1,1,1,,0,0,
calibration,56,0.04,0.16,0.08,512,522,64,8,18,blueYellowCompetition,0.65,0.000000,1,1,1,,0,0,
calibration,56,0.04,0.16,0.08,512,522,64,8,18,blueYellowCompetition,0.70,0.000000,1,1,1,,0,0,
calibration,56,0.04,0.16,0.08,512,522,64,8,18,blueYellowCompetition,0.75,0.000000,1,1,1,,0,0,
calibration,56,0.04,0.16,0.08,512,522,64,8,18,blueYellowCompetition,0.80,0.000000,1,1,1,,0,0,
calibration,56,0.04,0.16,0.08,512,522,64,8,18,blueYellowCompetition,0.85,0.000000,1,1,1,,0,0,
calibration,56,0.04,0.16,0.08,512,522,64,8,18,blueYellowCompetition,0.90,0.000000,1,1,1,,0,0,
calibration,56,0.04,0.16,0.08,512,522,64,8,18,blueYellowCompetition,0.95,0.000000,1,1,1,,0,0,
calibration,56,0.04,0.16,0.08,512,522,64,8,18,blueYellowCompetition,1.00,0.000000,1,1,1,,0,0,
calibration,57,0.04,0.16,0.16,512,522,64,8,18,redGreenCompetition,0.00,0.000000,1,1,1,,0,0,
calibration,57,0.04,0.16,0.16,512,522,64,8,18,redGreenCompetition,0.05,0.000000,1,1,1,,0,0,
calibration,57,0.04,0.16,0.16,512,522,64,8,18,redGreenCompetition,0.10,0.000000,1,1,1,,0,0,
calibration,57,0.04,0.16,0.16,512,522,64,8,18,redGreenCompetition,0.15,0.000000,1,1,1,,0,0,
calibration,57,0.04,0.16,0.16,512,522,64,8,18,redGreenCompetition,0.20,0.000000,1,1,1,,0,0,
calibration,57,0.04,0.16,0.16,512,522,64,8,18,redGreenCompetition,0.25,0.000000,1,1,1,,0,0,
calibration,57,0.04,0.16,0.16,512,522,64,8,18,redGreenCompetition,0.30,0.000000,1,1,1,,0,0,
calibration,57,0.04,0.16,0.16,512,522,64,8,18,redGreenCompetition,0.35,0.000000,1,1,1,,0,0,
calibration,57,0.04,0.16,0.16,512,522,64,8,18,redGreenCompetition,0.40,0.000000,1,1,1,,0,0,
calibration,57,0.04,0.16,0.16,512,522,64,8,18,redGreenCompetition,0.45,0.000000,1,1,1,,0,0,
calibration,57,0.04,0.16,0.16,512,522,64,8,18,redGreenCompetition,0.50,0.000000,1,1,1,,0,0,
calibration,57,0.04,0.16,0.16,512,522,64,8,18,redGreenCompetition,0.55,0.000000,1,1,1,,0,0,
calibration,57,0.04,0.16,0.16,512,522,64,8,18,redGreenCompetition,0.60,0.000000,1,1,1,,0,0,
calibration,57,0.04,0.16,0.16,512,522,64,8,18,redGreenCompetition,0.65,0.000000,1,1,1,,0,0,
calibration,57,0.04,0.16,0.16,512,522,64,8,18,redGreenCompetition,0.70,0.000000,1,1,1,,0,0,
calibration,57,0.04,0.16,0.16,512,522,64,8,18,redGreenCompetition,0.75,0.000000,1,1,1,,0,0,
calibration,57,0.04,0.16,0.16,512,522,64,8,18,redGreenCompetition,0.80,0.000000,1,1,1,,0,0,
calibration,57,0.04,0.16,0.16,512,522,64,8,18,redGreenCompetition,0.85,0.000000,1,1,1,,0,0,
calibration,57,0.04,0.16,0.16,512,522,64,8,18,redGreenCompetition,0.90,0.000000,1,1,1,,0,0,
calibration,57,0.04,0.16,0.16,512,522,64,8,18,redGreenCompetition,0.95,0.000000,1,1,1,,0,0,
calibration,57,0.04,0.16,0.16,512,522,64,8,18,redGreenCompetition,1.00,0.000000,1,1,1,,0,0,
calibration,57,0.04,0.16,0.16,512,522,64,8,18,blueYellowCompetition,0.00,0.000000,1,1,1,,0,0,
calibration,57,0.04,0.16,0.16,512,522,64,8,18,blueYellowCompetition,0.05,0.000000,1,1,1,,0,0,
calibration,57,0.04,0.16,0.16,512,522,64,8,18,blueYellowCompetition,0.10,0.000000,1,1,1,,0,0,
calibration,57,0.04,0.16,0.16,512,522,64,8,18,blueYellowCompetition,0.15,0.000000,1,1,1,,0,0,
calibration,57,0.04,0.16,0.16,512,522,64,8,18,blueYellowCompetition,0.20,0.000000,1,1,1,,0,0,
calibration,57,0.04,0.16,0.16,512,522,64,8,18,blueYellowCompetition,0.25,0.000000,1,1,1,,0,0,
calibration,57,0.04,0.16,0.16,512,522,64,8,18,blueYellowCompetition,0.30,0.000000,1,1,1,,0,0,
calibration,57,0.04,0.16,0.16,512,522,64,8,18,blueYellowCompetition,0.35,0.000000,1,1,1,,0,0,
calibration,57,0.04,0.16,0.16,512,522,64,8,18,blueYellowCompetition,0.40,0.000000,1,1,1,,0,0,
calibration,57,0.04,0.16,0.16,512,522,64,8,18,blueYellowCompetition,0.45,0.000000,1,1,1,,0,0,
calibration,57,0.04,0.16,0.16,512,522,64,8,18,blueYellowCompetition,0.50,0.000000,1,1,1,,0,0,
calibration,57,0.04,0.16,0.16,512,522,64,8,18,blueYellowCompetition,0.55,0.000000,1,1,1,,0,0,
calibration,57,0.04,0.16,0.16,512,522,64,8,18,blueYellowCompetition,0.60,0.000000,1,1,1,,0,0,
calibration,57,0.04,0.16,0.16,512,522,64,8,18,blueYellowCompetition,0.65,0.000000,1,1,1,,0,0,
calibration,57,0.04,0.16,0.16,512,522,64,8,18,blueYellowCompetition,0.70,0.000000,1,1,1,,0,0,
calibration,57,0.04,0.16,0.16,512,522,64,8,18,blueYellowCompetition,0.75,0.000000,1,1,1,,0,0,
calibration,57,0.04,0.16,0.16,512,522,64,8,18,blueYellowCompetition,0.80,0.000000,1,1,1,,0,0,
calibration,57,0.04,0.16,0.16,512,522,64,8,18,blueYellowCompetition,0.85,0.000000,1,1,1,,0,0,
calibration,57,0.04,0.16,0.16,512,522,64,8,18,blueYellowCompetition,0.90,0.000000,1,1,1,,0,0,
calibration,57,0.04,0.16,0.16,512,522,64,8,18,blueYellowCompetition,0.95,0.000000,1,1,1,,0,0,
calibration,57,0.04,0.16,0.16,512,522,64,8,18,blueYellowCompetition,1.00,0.000000,1,1,1,,0,0,
calibration,58,0.04,0.16,0.24,512,522,64,8,18,redGreenCompetition,0.00,0.000000,1,1,1,,0,0,
calibration,58,0.04,0.16,0.24,512,522,64,8,18,redGreenCompetition,0.05,0.000000,1,1,1,,0,0,
calibration,58,0.04,0.16,0.24,512,522,64,8,18,redGreenCompetition,0.10,0.000000,1,1,1,,0,0,
calibration,58,0.04,0.16,0.24,512,522,64,8,18,redGreenCompetition,0.15,0.000000,1,1,1,,0,0,
calibration,58,0.04,0.16,0.24,512,522,64,8,18,redGreenCompetition,0.20,0.000000,1,1,1,,0,0,
calibration,58,0.04,0.16,0.24,512,522,64,8,18,redGreenCompetition,0.25,0.000000,1,1,1,,0,0,
calibration,58,0.04,0.16,0.24,512,522,64,8,18,redGreenCompetition,0.30,0.000000,1,1,1,,0,0,
calibration,58,0.04,0.16,0.24,512,522,64,8,18,redGreenCompetition,0.35,0.000000,1,1,1,,0,0,
calibration,58,0.04,0.16,0.24,512,522,64,8,18,redGreenCompetition,0.40,0.000000,1,1,1,,0,0,
calibration,58,0.04,0.16,0.24,512,522,64,8,18,redGreenCompetition,0.45,0.000000,1,1,1,,0,0,
calibration,58,0.04,0.16,0.24,512,522,64,8,18,redGreenCompetition,0.50,0.000000,1,1,1,,0,0,
calibration,58,0.04,0.16,0.24,512,522,64,8,18,redGreenCompetition,0.55,0.000000,1,1,1,,0,0,
calibration,58,0.04,0.16,0.24,512,522,64,8,18,redGreenCompetition,0.60,0.000000,1,1,1,,0,0,
calibration,58,0.04,0.16,0.24,512,522,64,8,18,redGreenCompetition,0.65,0.000000,1,1,1,,0,0,
calibration,58,0.04,0.16,0.24,512,522,64,8,18,redGreenCompetition,0.70,0.000000,1,1,1,,0,0,
calibration,58,0.04,0.16,0.24,512,522,64,8,18,redGreenCompetition,0.75,0.000000,1,1,1,,0,0,
calibration,58,0.04,0.16,0.24,512,522,64,8,18,redGreenCompetition,0.80,0.000000,1,1,1,,0,0,
calibration,58,0.04,0.16,0.24,512,522,64,8,18,redGreenCompetition,0.85,0.000000,1,1,1,,0,0,
calibration,58,0.04,0.16,0.24,512,522,64,8,18,redGreenCompetition,0.90,0.000000,1,1,1,,0,0,
calibration,58,0.04,0.16,0.24,512,522,64,8,18,redGreenCompetition,0.95,0.000000,1,1,1,,0,0,
calibration,58,0.04,0.16,0.24,512,522,64,8,18,redGreenCompetition,1.00,0.000000,1,1,1,,0,0,
calibration,58,0.04,0.16,0.24,512,522,64,8,18,blueYellowCompetition,0.00,0.000000,1,1,1,,0,0,
calibration,58,0.04,0.16,0.24,512,522,64,8,18,blueYellowCompetition,0.05,0.000000,1,1,1,,0,0,
calibration,58,0.04,0.16,0.24,512,522,64,8,18,blueYellowCompetition,0.10,0.000000,1,1,1,,0,0,
calibration,58,0.04,0.16,0.24,512,522,64,8,18,blueYellowCompetition,0.15,0.000000,1,1,1,,0,0,
calibration,58,0.04,0.16,0.24,512,522,64,8,18,blueYellowCompetition,0.20,0.000000,1,1,1,,0,0,
calibration,58,0.04,0.16,0.24,512,522,64,8,18,blueYellowCompetition,0.25,0.000000,1,1,1,,0,0,
calibration,58,0.04,0.16,0.24,512,522,64,8,18,blueYellowCompetition,0.30,0.000000,1,1,1,,0,0,
calibration,58,0.04,0.16,0.24,512,522,64,8,18,blueYellowCompetition,0.35,0.000000,1,1,1,,0,0,
calibration,58,0.04,0.16,0.24,512,522,64,8,18,blueYellowCompetition,0.40,0.000000,1,1,1,,0,0,
calibration,58,0.04,0.16,0.24,512,522,64,8,18,blueYellowCompetition,0.45,0.000000,1,1,1,,0,0,
calibration,58,0.04,0.16,0.24,512,522,64,8,18,blueYellowCompetition,0.50,0.000000,1,1,1,,0,0,
calibration,58,0.04,0.16,0.24,512,522,64,8,18,blueYellowCompetition,0.55,0.000000,1,1,1,,0,0,
calibration,58,0.04,0.16,0.24,512,522,64,8,18,blueYellowCompetition,0.60,0.000000,1,1,1,,0,0,
calibration,58,0.04,0.16,0.24,512,522,64,8,18,blueYellowCompetition,0.65,0.000000,1,1,1,,0,0,
calibration,58,0.04,0.16,0.24,512,522,64,8,18,blueYellowCompetition,0.70,0.000000,1,1,1,,0,0,
calibration,58,0.04,0.16,0.24,512,522,64,8,18,blueYellowCompetition,0.75,0.000000,1,1,1,,0,0,
calibration,58,0.04,0.16,0.24,512,522,64,8,18,blueYellowCompetition,0.80,0.000000,1,1,1,,0,0,
calibration,58,0.04,0.16,0.24,512,522,64,8,18,blueYellowCompetition,0.85,0.000000,1,1,1,,0,0,
calibration,58,0.04,0.16,0.24,512,522,64,8,18,blueYellowCompetition,0.90,0.000000,1,1,1,,0,0,
calibration,58,0.04,0.16,0.24,512,522,64,8,18,blueYellowCompetition,0.95,0.000000,1,1,1,,0,0,
calibration,58,0.04,0.16,0.24,512,522,64,8,18,blueYellowCompetition,1.00,0.000000,1,1,1,,0,0,
calibration,59,0.04,0.16,0.32,512,522,64,8,18,redGreenCompetition,0.00,0.000000,1,1,1,,0,0,
calibration,59,0.04,0.16,0.32,512,522,64,8,18,redGreenCompetition,0.05,0.000000,1,1,1,,0,0,
calibration,59,0.04,0.16,0.32,512,522,64,8,18,redGreenCompetition,0.10,0.000000,1,1,1,,0,0,
calibration,59,0.04,0.16,0.32,512,522,64,8,18,redGreenCompetition,0.15,0.000000,1,1,1,,0,0,
calibration,59,0.04,0.16,0.32,512,522,64,8,18,redGreenCompetition,0.20,0.000000,1,1,1,,0,0,
calibration,59,0.04,0.16,0.32,512,522,64,8,18,redGreenCompetition,0.25,0.000000,1,1,1,,0,0,
calibration,59,0.04,0.16,0.32,512,522,64,8,18,redGreenCompetition,0.30,0.000000,1,1,1,,0,0,
calibration,59,0.04,0.16,0.32,512,522,64,8,18,redGreenCompetition,0.35,0.000000,1,1,1,,0,0,
calibration,59,0.04,0.16,0.32,512,522,64,8,18,redGreenCompetition,0.40,0.000000,1,1,1,,0,0,
calibration,59,0.04,0.16,0.32,512,522,64,8,18,redGreenCompetition,0.45,0.000000,1,1,1,,0,0,
calibration,59,0.04,0.16,0.32,512,522,64,8,18,redGreenCompetition,0.50,0.000000,1,1,1,,0,0,
calibration,59,0.04,0.16,0.32,512,522,64,8,18,redGreenCompetition,0.55,0.000000,1,1,1,,0,0,
calibration,59,0.04,0.16,0.32,512,522,64,8,18,redGreenCompetition,0.60,0.000000,1,1,1,,0,0,
calibration,59,0.04,0.16,0.32,512,522,64,8,18,redGreenCompetition,0.65,0.000000,1,1,1,,0,0,
calibration,59,0.04,0.16,0.32,512,522,64,8,18,redGreenCompetition,0.70,0.000000,1,1,1,,0,0,
calibration,59,0.04,0.16,0.32,512,522,64,8,18,redGreenCompetition,0.75,0.000000,1,1,1,,0,0,
calibration,59,0.04,0.16,0.32,512,522,64,8,18,redGreenCompetition,0.80,0.000000,1,1,1,,0,0,
calibration,59,0.04,0.16,0.32,512,522,64,8,18,redGreenCompetition,0.85,0.000000,1,1,1,,0,0,
calibration,59,0.04,0.16,0.32,512,522,64,8,18,redGreenCompetition,0.90,0.000000,1,1,1,,0,0,
calibration,59,0.04,0.16,0.32,512,522,64,8,18,redGreenCompetition,0.95,0.000000,1,1,1,,0,0,
calibration,59,0.04,0.16,0.32,512,522,64,8,18,redGreenCompetition,1.00,0.000000,1,1,1,,0,0,
calibration,59,0.04,0.16,0.32,512,522,64,8,18,blueYellowCompetition,0.00,0.000000,1,1,1,,0,0,
calibration,59,0.04,0.16,0.32,512,522,64,8,18,blueYellowCompetition,0.05,0.000000,1,1,1,,0,0,
calibration,59,0.04,0.16,0.32,512,522,64,8,18,blueYellowCompetition,0.10,0.000000,1,1,1,,0,0,
calibration,59,0.04,0.16,0.32,512,522,64,8,18,blueYellowCompetition,0.15,0.000000,1,1,1,,0,0,
calibration,59,0.04,0.16,0.32,512,522,64,8,18,blueYellowCompetition,0.20,0.000000,1,1,1,,0,0,
calibration,59,0.04,0.16,0.32,512,522,64,8,18,blueYellowCompetition,0.25,0.000000,1,1,1,,0,0,
calibration,59,0.04,0.16,0.32,512,522,64,8,18,blueYellowCompetition,0.30,0.000000,1,1,1,,0,0,
calibration,59,0.04,0.16,0.32,512,522,64,8,18,blueYellowCompetition,0.35,0.000000,1,1,1,,0,0,
calibration,59,0.04,0.16,0.32,512,522,64,8,18,blueYellowCompetition,0.40,0.000000,1,1,1,,0,0,
calibration,59,0.04,0.16,0.32,512,522,64,8,18,blueYellowCompetition,0.45,0.000000,1,1,1,,0,0,
calibration,59,0.04,0.16,0.32,512,522,64,8,18,blueYellowCompetition,0.50,0.000000,1,1,1,,0,0,
calibration,59,0.04,0.16,0.32,512,522,64,8,18,blueYellowCompetition,0.55,0.000000,1,1,1,,0,0,
calibration,59,0.04,0.16,0.32,512,522,64,8,18,blueYellowCompetition,0.60,0.000000,1,1,1,,0,0,
calibration,59,0.04,0.16,0.32,512,522,64,8,18,blueYellowCompetition,0.65,0.000000,1,1,1,,0,0,
calibration,59,0.04,0.16,0.32,512,522,64,8,18,blueYellowCompetition,0.70,0.000000,1,1,1,,0,0,
calibration,59,0.04,0.16,0.32,512,522,64,8,18,blueYellowCompetition,0.75,0.000000,1,1,1,,0,0,
calibration,59,0.04,0.16,0.32,512,522,64,8,18,blueYellowCompetition,0.80,0.000000,1,1,1,,0,0,
calibration,59,0.04,0.16,0.32,512,522,64,8,18,blueYellowCompetition,0.85,0.000000,1,1,1,,0,0,
calibration,59,0.04,0.16,0.32,512,522,64,8,18,blueYellowCompetition,0.90,0.000000,1,1,1,,0,0,
calibration,59,0.04,0.16,0.32,512,522,64,8,18,blueYellowCompetition,0.95,0.000000,1,1,1,,0,0,
calibration,59,0.04,0.16,0.32,512,522,64,8,18,blueYellowCompetition,1.00,0.000000,1,1,1,,0,0,
calibration,60,0.04,0.24,0.08,512,522,64,8,18,redGreenCompetition,0.00,0.000000,1,1,1,,0,0,
calibration,60,0.04,0.24,0.08,512,522,64,8,18,redGreenCompetition,0.05,0.000000,1,1,1,,0,0,
calibration,60,0.04,0.24,0.08,512,522,64,8,18,redGreenCompetition,0.10,0.000000,1,1,1,,0,0,
calibration,60,0.04,0.24,0.08,512,522,64,8,18,redGreenCompetition,0.15,0.000000,1,1,1,,0,0,
calibration,60,0.04,0.24,0.08,512,522,64,8,18,redGreenCompetition,0.20,0.000000,1,1,1,,0,0,
calibration,60,0.04,0.24,0.08,512,522,64,8,18,redGreenCompetition,0.25,0.000000,1,1,1,,0,0,
calibration,60,0.04,0.24,0.08,512,522,64,8,18,redGreenCompetition,0.30,0.000000,1,1,1,,0,0,
calibration,60,0.04,0.24,0.08,512,522,64,8,18,redGreenCompetition,0.35,0.000000,1,1,1,,0,0,
calibration,60,0.04,0.24,0.08,512,522,64,8,18,redGreenCompetition,0.40,0.000000,1,1,1,,0,0,
calibration,60,0.04,0.24,0.08,512,522,64,8,18,redGreenCompetition,0.45,0.000000,1,1,1,,0,0,
calibration,60,0.04,0.24,0.08,512,522,64,8,18,redGreenCompetition,0.50,0.000000,1,1,1,,0,0,
calibration,60,0.04,0.24,0.08,512,522,64,8,18,redGreenCompetition,0.55,0.000000,1,1,1,,0,0,
calibration,60,0.04,0.24,0.08,512,522,64,8,18,redGreenCompetition,0.60,0.000000,1,1,1,,0,0,
calibration,60,0.04,0.24,0.08,512,522,64,8,18,redGreenCompetition,0.65,0.000000,1,1,1,,0,0,
calibration,60,0.04,0.24,0.08,512,522,64,8,18,redGreenCompetition,0.70,0.000000,1,1,1,,0,0,
calibration,60,0.04,0.24,0.08,512,522,64,8,18,redGreenCompetition,0.75,0.000000,1,1,1,,0,0,
calibration,60,0.04,0.24,0.08,512,522,64,8,18,redGreenCompetition,0.80,0.000000,1,1,1,,0,0,
calibration,60,0.04,0.24,0.08,512,522,64,8,18,redGreenCompetition,0.85,0.000000,1,1,1,,0,0,
calibration,60,0.04,0.24,0.08,512,522,64,8,18,redGreenCompetition,0.90,0.000000,1,1,1,,0,0,
calibration,60,0.04,0.24,0.08,512,522,64,8,18,redGreenCompetition,0.95,0.000000,1,1,1,,0,0,
calibration,60,0.04,0.24,0.08,512,522,64,8,18,redGreenCompetition,1.00,0.000000,1,1,1,,0,0,
calibration,60,0.04,0.24,0.08,512,522,64,8,18,blueYellowCompetition,0.00,0.000000,1,1,1,,0,0,
calibration,60,0.04,0.24,0.08,512,522,64,8,18,blueYellowCompetition,0.05,0.000000,1,1,1,,0,0,
calibration,60,0.04,0.24,0.08,512,522,64,8,18,blueYellowCompetition,0.10,0.000000,1,1,1,,0,0,
calibration,60,0.04,0.24,0.08,512,522,64,8,18,blueYellowCompetition,0.15,0.000000,1,1,1,,0,0,
calibration,60,0.04,0.24,0.08,512,522,64,8,18,blueYellowCompetition,0.20,0.000000,1,1,1,,0,0,
calibration,60,0.04,0.24,0.08,512,522,64,8,18,blueYellowCompetition,0.25,0.000000,1,1,1,,0,0,
calibration,60,0.04,0.24,0.08,512,522,64,8,18,blueYellowCompetition,0.30,0.000000,1,1,1,,0,0,
calibration,60,0.04,0.24,0.08,512,522,64,8,18,blueYellowCompetition,0.35,0.000000,1,1,1,,0,0,
calibration,60,0.04,0.24,0.08,512,522,64,8,18,blueYellowCompetition,0.40,0.000000,1,1,1,,0,0,
calibration,60,0.04,0.24,0.08,512,522,64,8,18,blueYellowCompetition,0.45,0.000000,1,1,1,,0,0,
calibration,60,0.04,0.24,0.08,512,522,64,8,18,blueYellowCompetition,0.50,0.000000,1,1,1,,0,0,
calibration,60,0.04,0.24,0.08,512,522,64,8,18,blueYellowCompetition,0.55,0.000000,1,1,1,,0,0,
calibration,60,0.04,0.24,0.08,512,522,64,8,18,blueYellowCompetition,0.60,0.000000,1,1,1,,0,0,
calibration,60,0.04,0.24,0.08,512,522,64,8,18,blueYellowCompetition,0.65,0.000000,1,1,1,,0,0,
calibration,60,0.04,0.24,0.08,512,522,64,8,18,blueYellowCompetition,0.70,0.000000,1,1,1,,0,0,
calibration,60,0.04,0.24,0.08,512,522,64,8,18,blueYellowCompetition,0.75,0.000000,1,1,1,,0,0,
calibration,60,0.04,0.24,0.08,512,522,64,8,18,blueYellowCompetition,0.80,0.000000,1,1,1,,0,0,
calibration,60,0.04,0.24,0.08,512,522,64,8,18,blueYellowCompetition,0.85,0.000000,1,1,1,,0,0,
calibration,60,0.04,0.24,0.08,512,522,64,8,18,blueYellowCompetition,0.90,0.000000,1,1,1,,0,0,
calibration,60,0.04,0.24,0.08,512,522,64,8,18,blueYellowCompetition,0.95,0.000000,1,1,1,,0,0,
calibration,60,0.04,0.24,0.08,512,522,64,8,18,blueYellowCompetition,1.00,0.000000,1,1,1,,0,0,
calibration,61,0.04,0.24,0.16,512,522,64,8,18,redGreenCompetition,0.00,0.000000,1,1,1,,0,0,
calibration,61,0.04,0.24,0.16,512,522,64,8,18,redGreenCompetition,0.05,0.000000,1,1,1,,0,0,
calibration,61,0.04,0.24,0.16,512,522,64,8,18,redGreenCompetition,0.10,0.000000,1,1,1,,0,0,
calibration,61,0.04,0.24,0.16,512,522,64,8,18,redGreenCompetition,0.15,0.000000,1,1,1,,0,0,
calibration,61,0.04,0.24,0.16,512,522,64,8,18,redGreenCompetition,0.20,0.000000,1,1,1,,0,0,
calibration,61,0.04,0.24,0.16,512,522,64,8,18,redGreenCompetition,0.25,0.000000,1,1,1,,0,0,
calibration,61,0.04,0.24,0.16,512,522,64,8,18,redGreenCompetition,0.30,0.000000,1,1,1,,0,0,
calibration,61,0.04,0.24,0.16,512,522,64,8,18,redGreenCompetition,0.35,0.000000,1,1,1,,0,0,
calibration,61,0.04,0.24,0.16,512,522,64,8,18,redGreenCompetition,0.40,0.000000,1,1,1,,0,0,
calibration,61,0.04,0.24,0.16,512,522,64,8,18,redGreenCompetition,0.45,0.000000,1,1,1,,0,0,
calibration,61,0.04,0.24,0.16,512,522,64,8,18,redGreenCompetition,0.50,0.000000,1,1,1,,0,0,
calibration,61,0.04,0.24,0.16,512,522,64,8,18,redGreenCompetition,0.55,0.000000,1,1,1,,0,0,
calibration,61,0.04,0.24,0.16,512,522,64,8,18,redGreenCompetition,0.60,0.000000,1,1,1,,0,0,
calibration,61,0.04,0.24,0.16,512,522,64,8,18,redGreenCompetition,0.65,0.000000,1,1,1,,0,0,
calibration,61,0.04,0.24,0.16,512,522,64,8,18,redGreenCompetition,0.70,0.000000,1,1,1,,0,0,
calibration,61,0.04,0.24,0.16,512,522,64,8,18,redGreenCompetition,0.75,0.000000,1,1,1,,0,0,
calibration,61,0.04,0.24,0.16,512,522,64,8,18,redGreenCompetition,0.80,0.000000,1,1,1,,0,0,
calibration,61,0.04,0.24,0.16,512,522,64,8,18,redGreenCompetition,0.85,0.000000,1,1,1,,0,0,
calibration,61,0.04,0.24,0.16,512,522,64,8,18,redGreenCompetition,0.90,0.000000,1,1,1,,0,0,
calibration,61,0.04,0.24,0.16,512,522,64,8,18,redGreenCompetition,0.95,0.000000,1,1,1,,0,0,
calibration,61,0.04,0.24,0.16,512,522,64,8,18,redGreenCompetition,1.00,0.000000,1,1,1,,0,0,
calibration,61,0.04,0.24,0.16,512,522,64,8,18,blueYellowCompetition,0.00,0.000000,1,1,1,,0,0,
calibration,61,0.04,0.24,0.16,512,522,64,8,18,blueYellowCompetition,0.05,0.000000,1,1,1,,0,0,
calibration,61,0.04,0.24,0.16,512,522,64,8,18,blueYellowCompetition,0.10,0.000000,1,1,1,,0,0,
calibration,61,0.04,0.24,0.16,512,522,64,8,18,blueYellowCompetition,0.15,0.000000,1,1,1,,0,0,
calibration,61,0.04,0.24,0.16,512,522,64,8,18,blueYellowCompetition,0.20,0.000000,1,1,1,,0,0,
calibration,61,0.04,0.24,0.16,512,522,64,8,18,blueYellowCompetition,0.25,0.000000,1,1,1,,0,0,
calibration,61,0.04,0.24,0.16,512,522,64,8,18,blueYellowCompetition,0.30,0.000000,1,1,1,,0,0,
calibration,61,0.04,0.24,0.16,512,522,64,8,18,blueYellowCompetition,0.35,0.000000,1,1,1,,0,0,
calibration,61,0.04,0.24,0.16,512,522,64,8,18,blueYellowCompetition,0.40,0.000000,1,1,1,,0,0,
calibration,61,0.04,0.24,0.16,512,522,64,8,18,blueYellowCompetition,0.45,0.000000,1,1,1,,0,0,
calibration,61,0.04,0.24,0.16,512,522,64,8,18,blueYellowCompetition,0.50,0.000000,1,1,1,,0,0,
calibration,61,0.04,0.24,0.16,512,522,64,8,18,blueYellowCompetition,0.55,0.000000,1,1,1,,0,0,
calibration,61,0.04,0.24,0.16,512,522,64,8,18,blueYellowCompetition,0.60,0.000000,1,1,1,,0,0,
calibration,61,0.04,0.24,0.16,512,522,64,8,18,blueYellowCompetition,0.65,0.000000,1,1,1,,0,0,
calibration,61,0.04,0.24,0.16,512,522,64,8,18,blueYellowCompetition,0.70,0.000000,1,1,1,,0,0,
calibration,61,0.04,0.24,0.16,512,522,64,8,18,blueYellowCompetition,0.75,0.000000,1,1,1,,0,0,
calibration,61,0.04,0.24,0.16,512,522,64,8,18,blueYellowCompetition,0.80,0.000000,1,1,1,,0,0,
calibration,61,0.04,0.24,0.16,512,522,64,8,18,blueYellowCompetition,0.85,0.000000,1,1,1,,0,0,
calibration,61,0.04,0.24,0.16,512,522,64,8,18,blueYellowCompetition,0.90,0.000000,1,1,1,,0,0,
calibration,61,0.04,0.24,0.16,512,522,64,8,18,blueYellowCompetition,0.95,0.000000,1,1,1,,0,0,
calibration,61,0.04,0.24,0.16,512,522,64,8,18,blueYellowCompetition,1.00,0.000000,1,1,1,,0,0,
calibration,62,0.04,0.24,0.24,512,522,64,8,18,redGreenCompetition,0.00,0.000000,1,1,1,,0,0,
calibration,62,0.04,0.24,0.24,512,522,64,8,18,redGreenCompetition,0.05,0.000000,1,1,1,,0,0,
calibration,62,0.04,0.24,0.24,512,522,64,8,18,redGreenCompetition,0.10,0.000000,1,1,1,,0,0,
calibration,62,0.04,0.24,0.24,512,522,64,8,18,redGreenCompetition,0.15,0.000000,1,1,1,,0,0,
calibration,62,0.04,0.24,0.24,512,522,64,8,18,redGreenCompetition,0.20,0.000000,1,1,1,,0,0,
calibration,62,0.04,0.24,0.24,512,522,64,8,18,redGreenCompetition,0.25,0.000000,1,1,1,,0,0,
calibration,62,0.04,0.24,0.24,512,522,64,8,18,redGreenCompetition,0.30,0.000000,1,1,1,,0,0,
calibration,62,0.04,0.24,0.24,512,522,64,8,18,redGreenCompetition,0.35,0.000000,1,1,1,,0,0,
calibration,62,0.04,0.24,0.24,512,522,64,8,18,redGreenCompetition,0.40,0.000000,1,1,1,,0,0,
calibration,62,0.04,0.24,0.24,512,522,64,8,18,redGreenCompetition,0.45,0.000000,1,1,1,,0,0,
calibration,62,0.04,0.24,0.24,512,522,64,8,18,redGreenCompetition,0.50,0.000000,1,1,1,,0,0,
calibration,62,0.04,0.24,0.24,512,522,64,8,18,redGreenCompetition,0.55,0.000000,1,1,1,,0,0,
calibration,62,0.04,0.24,0.24,512,522,64,8,18,redGreenCompetition,0.60,0.000000,1,1,1,,0,0,
calibration,62,0.04,0.24,0.24,512,522,64,8,18,redGreenCompetition,0.65,0.000000,1,1,1,,0,0,
calibration,62,0.04,0.24,0.24,512,522,64,8,18,redGreenCompetition,0.70,0.000000,1,1,1,,0,0,
calibration,62,0.04,0.24,0.24,512,522,64,8,18,redGreenCompetition,0.75,0.000000,1,1,1,,0,0,
calibration,62,0.04,0.24,0.24,512,522,64,8,18,redGreenCompetition,0.80,0.000000,1,1,1,,0,0,
calibration,62,0.04,0.24,0.24,512,522,64,8,18,redGreenCompetition,0.85,0.000000,1,1,1,,0,0,
calibration,62,0.04,0.24,0.24,512,522,64,8,18,redGreenCompetition,0.90,0.000000,1,1,1,,0,0,
calibration,62,0.04,0.24,0.24,512,522,64,8,18,redGreenCompetition,0.95,0.000000,1,1,1,,0,0,
calibration,62,0.04,0.24,0.24,512,522,64,8,18,redGreenCompetition,1.00,0.000000,1,1,1,,0,0,
calibration,62,0.04,0.24,0.24,512,522,64,8,18,blueYellowCompetition,0.00,0.000000,1,1,1,,0,0,
calibration,62,0.04,0.24,0.24,512,522,64,8,18,blueYellowCompetition,0.05,0.000000,1,1,1,,0,0,
calibration,62,0.04,0.24,0.24,512,522,64,8,18,blueYellowCompetition,0.10,0.000000,1,1,1,,0,0,
calibration,62,0.04,0.24,0.24,512,522,64,8,18,blueYellowCompetition,0.15,0.000000,1,1,1,,0,0,
calibration,62,0.04,0.24,0.24,512,522,64,8,18,blueYellowCompetition,0.20,0.000000,1,1,1,,0,0,
calibration,62,0.04,0.24,0.24,512,522,64,8,18,blueYellowCompetition,0.25,0.000000,1,1,1,,0,0,
calibration,62,0.04,0.24,0.24,512,522,64,8,18,blueYellowCompetition,0.30,0.000000,1,1,1,,0,0,
calibration,62,0.04,0.24,0.24,512,522,64,8,18,blueYellowCompetition,0.35,0.000000,1,1,1,,0,0,
calibration,62,0.04,0.24,0.24,512,522,64,8,18,blueYellowCompetition,0.40,0.000000,1,1,1,,0,0,
calibration,62,0.04,0.24,0.24,512,522,64,8,18,blueYellowCompetition,0.45,0.000000,1,1,1,,0,0,
calibration,62,0.04,0.24,0.24,512,522,64,8,18,blueYellowCompetition,0.50,0.000000,1,1,1,,0,0,
calibration,62,0.04,0.24,0.24,512,522,64,8,18,blueYellowCompetition,0.55,0.000000,1,1,1,,0,0,
calibration,62,0.04,0.24,0.24,512,522,64,8,18,blueYellowCompetition,0.60,0.000000,1,1,1,,0,0,
calibration,62,0.04,0.24,0.24,512,522,64,8,18,blueYellowCompetition,0.65,0.000000,1,1,1,,0,0,
calibration,62,0.04,0.24,0.24,512,522,64,8,18,blueYellowCompetition,0.70,0.000000,1,1,1,,0,0,
calibration,62,0.04,0.24,0.24,512,522,64,8,18,blueYellowCompetition,0.75,0.000000,1,1,1,,0,0,
calibration,62,0.04,0.24,0.24,512,522,64,8,18,blueYellowCompetition,0.80,0.000000,1,1,1,,0,0,
calibration,62,0.04,0.24,0.24,512,522,64,8,18,blueYellowCompetition,0.85,0.000000,1,1,1,,0,0,
calibration,62,0.04,0.24,0.24,512,522,64,8,18,blueYellowCompetition,0.90,0.000000,1,1,1,,0,0,
calibration,62,0.04,0.24,0.24,512,522,64,8,18,blueYellowCompetition,0.95,0.000000,1,1,1,,0,0,
calibration,62,0.04,0.24,0.24,512,522,64,8,18,blueYellowCompetition,1.00,0.000000,1,1,1,,0,0,
calibration,63,0.04,0.24,0.32,512,522,64,8,18,redGreenCompetition,0.00,0.000000,1,1,1,,0,0,
calibration,63,0.04,0.24,0.32,512,522,64,8,18,redGreenCompetition,0.05,0.000000,1,1,1,,0,0,
calibration,63,0.04,0.24,0.32,512,522,64,8,18,redGreenCompetition,0.10,0.000000,1,1,1,,0,0,
calibration,63,0.04,0.24,0.32,512,522,64,8,18,redGreenCompetition,0.15,0.000000,1,1,1,,0,0,
calibration,63,0.04,0.24,0.32,512,522,64,8,18,redGreenCompetition,0.20,0.000000,1,1,1,,0,0,
calibration,63,0.04,0.24,0.32,512,522,64,8,18,redGreenCompetition,0.25,0.000000,1,1,1,,0,0,
calibration,63,0.04,0.24,0.32,512,522,64,8,18,redGreenCompetition,0.30,0.000000,1,1,1,,0,0,
calibration,63,0.04,0.24,0.32,512,522,64,8,18,redGreenCompetition,0.35,0.000000,1,1,1,,0,0,
calibration,63,0.04,0.24,0.32,512,522,64,8,18,redGreenCompetition,0.40,0.000000,1,1,1,,0,0,
calibration,63,0.04,0.24,0.32,512,522,64,8,18,redGreenCompetition,0.45,0.000000,1,1,1,,0,0,
calibration,63,0.04,0.24,0.32,512,522,64,8,18,redGreenCompetition,0.50,0.000000,1,1,1,,0,0,
calibration,63,0.04,0.24,0.32,512,522,64,8,18,redGreenCompetition,0.55,0.000000,1,1,1,,0,0,
calibration,63,0.04,0.24,0.32,512,522,64,8,18,redGreenCompetition,0.60,0.000000,1,1,1,,0,0,
calibration,63,0.04,0.24,0.32,512,522,64,8,18,redGreenCompetition,0.65,0.000000,1,1,1,,0,0,
calibration,63,0.04,0.24,0.32,512,522,64,8,18,redGreenCompetition,0.70,0.000000,1,1,1,,0,0,
calibration,63,0.04,0.24,0.32,512,522,64,8,18,redGreenCompetition,0.75,0.000000,1,1,1,,0,0,
calibration,63,0.04,0.24,0.32,512,522,64,8,18,redGreenCompetition,0.80,0.000000,1,1,1,,0,0,
calibration,63,0.04,0.24,0.32,512,522,64,8,18,redGreenCompetition,0.85,0.000000,1,1,1,,0,0,
calibration,63,0.04,0.24,0.32,512,522,64,8,18,redGreenCompetition,0.90,0.000000,1,1,1,,0,0,
calibration,63,0.04,0.24,0.32,512,522,64,8,18,redGreenCompetition,0.95,0.000000,1,1,1,,0,0,
calibration,63,0.04,0.24,0.32,512,522,64,8,18,redGreenCompetition,1.00,0.000000,1,1,1,,0,0,
calibration,63,0.04,0.24,0.32,512,522,64,8,18,blueYellowCompetition,0.00,0.000000,1,1,1,,0,0,
calibration,63,0.04,0.24,0.32,512,522,64,8,18,blueYellowCompetition,0.05,0.000000,1,1,1,,0,0,
calibration,63,0.04,0.24,0.32,512,522,64,8,18,blueYellowCompetition,0.10,0.000000,1,1,1,,0,0,
calibration,63,0.04,0.24,0.32,512,522,64,8,18,blueYellowCompetition,0.15,0.000000,1,1,1,,0,0,
calibration,63,0.04,0.24,0.32,512,522,64,8,18,blueYellowCompetition,0.20,0.000000,1,1,1,,0,0,
calibration,63,0.04,0.24,0.32,512,522,64,8,18,blueYellowCompetition,0.25,0.000000,1,1,1,,0,0,
calibration,63,0.04,0.24,0.32,512,522,64,8,18,blueYellowCompetition,0.30,0.000000,1,1,1,,0,0,
calibration,63,0.04,0.24,0.32,512,522,64,8,18,blueYellowCompetition,0.35,0.000000,1,1,1,,0,0,
calibration,63,0.04,0.24,0.32,512,522,64,8,18,blueYellowCompetition,0.40,0.000000,1,1,1,,0,0,
calibration,63,0.04,0.24,0.32,512,522,64,8,18,blueYellowCompetition,0.45,0.000000,1,1,1,,0,0,
calibration,63,0.04,0.24,0.32,512,522,64,8,18,blueYellowCompetition,0.50,0.000000,1,1,1,,0,0,
calibration,63,0.04,0.24,0.32,512,522,64,8,18,blueYellowCompetition,0.55,0.000000,1,1,1,,0,0,
calibration,63,0.04,0.24,0.32,512,522,64,8,18,blueYellowCompetition,0.60,0.000000,1,1,1,,0,0,
calibration,63,0.04,0.24,0.32,512,522,64,8,18,blueYellowCompetition,0.65,0.000000,1,1,1,,0,0,
calibration,63,0.04,0.24,0.32,512,522,64,8,18,blueYellowCompetition,0.70,0.000000,1,1,1,,0,0,
calibration,63,0.04,0.24,0.32,512,522,64,8,18,blueYellowCompetition,0.75,0.000000,1,1,1,,0,0,
calibration,63,0.04,0.24,0.32,512,522,64,8,18,blueYellowCompetition,0.80,0.000000,1,1,1,,0,0,
calibration,63,0.04,0.24,0.32,512,522,64,8,18,blueYellowCompetition,0.85,0.000000,1,1,1,,0,0,
calibration,63,0.04,0.24,0.32,512,522,64,8,18,blueYellowCompetition,0.90,0.000000,1,1,1,,0,0,
calibration,63,0.04,0.24,0.32,512,522,64,8,18,blueYellowCompetition,0.95,0.000000,1,1,1,,0,0,
calibration,63,0.04,0.24,0.32,512,522,64,8,18,blueYellowCompetition,1.00,0.000000,1,1,1,,0,0,
