corpus,fixture,charset,columns,oversample,cellWidth,cellHeight,supportsShapeDescriptor,cells,glyphs,blankGlyphs,queryBinsMedian,queryBinsMax,reachableBins,zeroQueryShare,reachableGlyphs,reachableGlyphList,orthogonalShare,orthogonalBlankShare,minNormAgreement,minPositiveDot,glyphsUsed,blankShare,runMean,runP95,runMax,run5Share,gitSHA,shapeQueryPolarity
nasa-steerable-v1,earth-limb-sunrise,standard,76,2,2,4,true,2584,95,1,3,3,51;54;56,0,3,|}j,0.9763931888544891,0.9671052631578947,1,0.05933520570397377,3,0.9671052631578947,7.083333333333333,45,45,0.8352941176470589,50d619f4be67b356dcbc907e1cc3f8d27f10223a,inverted
nasa-steerable-v1,sahara-dunes,standard,76,2,2,4,true,2584,95,1,3,3,51;54;56,0,3,|}j,0.2705108359133127,0,1,0.0021734419278800488,7,0,3.128329297820823,11,46,0.5526315789473685,50d619f4be67b356dcbc907e1cc3f8d27f10223a,inverted
nasa-steerable-v1,vavilov-crater,standard,76,2,2,4,true,2584,95,1,3,3,51;54;56,0,3,|}j,0.44891640866873067,0.19504643962848298,1,0.002302533481270075,7,0.19504643962848298,3.586206896551724,17,38,0.614423076923077,50d619f4be67b356dcbc907e1cc3f8d27f10223a,inverted
nasa-steerable-v1,(pooled),standard,76,2,2,4,true,7752,95,1,3,3,51;54;56,0,3,|}j,0.5652734778121775,0.38738390092879255,1,0.0021734419278800488,11,0.38738390092879255,3.349083215796897,13,46,0.5847546851968836,50d619f4be67b356dcbc907e1cc3f8d27f10223a,inverted
nasa-steerable-v1,earth-limb-sunrise,standard,80,2,2,4,true,2880,95,1,3,3,51;54;56,0,3,|}j,0.978125,0.96875,1,0.05986744910478592,4,0.96875,6.428571428571429,47,47,0.8444444444444444,50d619f4be67b356dcbc907e1cc3f8d27f10223a,inverted
nasa-steerable-v1,sahara-dunes,standard,80,2,2,4,true,2880,95,1,3,3,51;54;56,0,3,|}j,0.27326388888888886,0,1,0.002176463371142745,7,0,3.0868167202572345,10,48,0.5302083333333333,50d619f4be67b356dcbc907e1cc3f8d27f10223a,inverted
nasa-steerable-v1,vavilov-crater,standard,80,2,2,4,true,2880,95,1,3,3,51;54;56,0,3,|}j,0.45034722222222223,0.19583333333333333,1,0.0022742245346307755,7,0.19583333333333333,3.61875,16,41,0.6269430051813472,50d619f4be67b356dcbc907e1cc3f8d27f10223a,inverted
nasa-steerable-v1,(pooled),standard,80,2,2,4,true,8640,95,1,3,3,51;54;56,0,3,|}j,0.5672453703703704,0.38819444444444445,1,0.002176463371142745,11,0.38819444444444445,3.330812854442344,11,48,0.5779417328793038,50d619f4be67b356dcbc907e1cc3f8d27f10223a,inverted
nasa-steerable-v1,earth-limb-sunrise,standard,288,2,2,4,true,37440,95,1,3,3,51;54;56,0,3,|}j,0.985897435897436,0.9758547008547008,1,0.0023240912705659866,8,0.9758547008547008,8.37037037037037,49,94,0.8783185840707964,50d619f4be67b356dcbc907e1cc3f8d27f10223a,inverted
nasa-steerable-v1,sahara-dunes,standard,288,2,2,4,true,37440,95,1,3,3,51;54;56,0,3,|}j,0.29746260683760684,0,1,0.002123496728017926,9,0,3.9447898008639766,15,117,0.6508012820512821,50d619f4be67b356dcbc907e1cc3f8d27f10223a,inverted
nasa-steerable-v1,vavilov-crater,standard,288,2,2,4,true,37440,95,1,3,3,51;54;56,0,3,|}j,0.45918803418803417,0.21020299145299146,1,0.0019699393305927515,10,0.21020299145299146,2.8481988056251204,10,72,0.52154210348326,50d619f4be67b356dcbc907e1cc3f8d27f10223a,inverted
nasa-steerable-v1,(pooled),standard,288,2,2,4,true,112320,95,1,3,3,51;54;56,0,3,|}j,0.580849358974359,0.3953525641025641,1,0.0019699393305927515,11,0.3953525641025641,3.398928982533407,13,117,0.5975498424478016,50d619f4be67b356dcbc907e1cc3f8d27f10223a,inverted
nasa-steerable-v1,earth-limb-sunrise,minimal,76,2,2,4,true,2584,10,1,3,3,51;54;56,0,0,,1,1,1,nan,1,1,nan,nan,0,nan,50d619f4be67b356dcbc907e1cc3f8d27f10223a,inverted
nasa-steerable-v1,sahara-dunes,minimal,76,2,2,4,true,2584,10,1,3,3,51;54;56,0,0,,1,1,1,nan,1,1,nan,nan,0,nan,50d619f4be67b356dcbc907e1cc3f8d27f10223a,inverted
nasa-steerable-v1,vavilov-crater,minimal,76,2,2,4,true,2584,10,1,3,3,51;54;56,0,0,,1,1,1,nan,1,1,nan,nan,0,nan,50d619f4be67b356dcbc907e1cc3f8d27f10223a,inverted
nasa-steerable-v1,(pooled),minimal,76,2,2,4,true,7752,10,1,3,3,51;54;56,0,0,,1,1,1,nan,1,1,nan,nan,0,nan,50d619f4be67b356dcbc907e1cc3f8d27f10223a,inverted
nasa-steerable-v1,earth-limb-sunrise,minimal,80,2,2,4,true,2880,10,1,3,3,51;54;56,0,0,,1,1,1,nan,1,1,nan,nan,0,nan,50d619f4be67b356dcbc907e1cc3f8d27f10223a,inverted
nasa-steerable-v1,sahara-dunes,minimal,80,2,2,4,true,2880,10,1,3,3,51;54;56,0,0,,1,1,1,nan,1,1,nan,nan,0,nan,50d619f4be67b356dcbc907e1cc3f8d27f10223a,inverted
nasa-steerable-v1,vavilov-crater,minimal,80,2,2,4,true,2880,10,1,3,3,51;54;56,0,0,,1,1,1,nan,1,1,nan,nan,0,nan,50d619f4be67b356dcbc907e1cc3f8d27f10223a,inverted
nasa-steerable-v1,(pooled),minimal,80,2,2,4,true,8640,10,1,3,3,51;54;56,0,0,,1,1,1,nan,1,1,nan,nan,0,nan,50d619f4be67b356dcbc907e1cc3f8d27f10223a,inverted
nasa-steerable-v1,earth-limb-sunrise,minimal,288,2,2,4,true,37440,10,1,3,3,51;54;56,0,0,,1,1,1,nan,1,1,nan,nan,0,nan,50d619f4be67b356dcbc907e1cc3f8d27f10223a,inverted
nasa-steerable-v1,sahara-dunes,minimal,288,2,2,4,true,37440,10,1,3,3,51;54;56,0,0,,1,1,1,nan,1,1,nan,nan,0,nan,50d619f4be67b356dcbc907e1cc3f8d27f10223a,inverted
nasa-steerable-v1,vavilov-crater,minimal,288,2,2,4,true,37440,10,1,3,3,51;54;56,0,0,,1,1,1,nan,1,1,nan,nan,0,nan,50d619f4be67b356dcbc907e1cc3f8d27f10223a,inverted
nasa-steerable-v1,(pooled),minimal,288,2,2,4,true,112320,10,1,3,3,51;54;56,0,0,,1,1,1,nan,1,1,nan,nan,0,nan,50d619f4be67b356dcbc907e1cc3f8d27f10223a,inverted
nasa-steerable-v1,earth-limb-sunrise,blocks,76,2,2,4,true,2584,8,1,3,3,51;54;56,0,4,░▒▓█,0,0,nan,0.026295706629753113,1,0,76,76,76,1,50d619f4be67b356dcbc907e1cc3f8d27f10223a,inverted
nasa-steerable-v1,sahara-dunes,blocks,76,2,2,4,true,2584,8,1,3,3,51;54;56,0,4,░▒▓█,0,0,nan,0.024957802146673203,1,0,76,76,76,1,50d619f4be67b356dcbc907e1cc3f8d27f10223a,inverted
nasa-steerable-v1,vavilov-crater,blocks,76,2,2,4,true,2584,8,1,3,3,51;54;56,0,4,░▒▓█,0,0,nan,0.02410452626645565,1,0,76,76,76,1,50d619f4be67b356dcbc907e1cc3f8d27f10223a,inverted
nasa-steerable-v1,(pooled),blocks,76,2,2,4,true,7752,8,1,3,3,51;54;56,0,4,░▒▓█,0,0,nan,0.02410452626645565,1,0,76,76,76,1,50d619f4be67b356dcbc907e1cc3f8d27f10223a,inverted
nasa-steerable-v1,earth-limb-sunrise,blocks,80,2,2,4,true,2880,8,1,3,3,51;54;56,0,4,░▒▓█,0,0,nan,0.026410546153783798,1,0,80,80,80,1,50d619f4be67b356dcbc907e1cc3f8d27f10223a,inverted
nasa-steerable-v1,sahara-dunes,blocks,80,2,2,4,true,2880,8,1,3,3,51;54;56,0,4,░▒▓█,0,0,nan,0.02368101105093956,1,0,80,80,80,1,50d619f4be67b356dcbc907e1cc3f8d27f10223a,inverted
nasa-steerable-v1,vavilov-crater,blocks,80,2,2,4,true,2880,8,1,3,3,51;54;56,0,4,░▒▓█,0,0,nan,0.02503790333867073,1,0,80,80,80,1,50d619f4be67b356dcbc907e1cc3f8d27f10223a,inverted
nasa-steerable-v1,(pooled),blocks,80,2,2,4,true,8640,8,1,3,3,51;54;56,0,4,░▒▓█,0,0,nan,0.02368101105093956,1,0,80,80,80,1,50d619f4be67b356dcbc907e1cc3f8d27f10223a,inverted
nasa-steerable-v1,earth-limb-sunrise,blocks,288,2,2,4,true,37440,8,1,3,3,51;54;56,0,4,░▒▓█,0,0,nan,0.02646302618086338,1,0,288,288,288,1,50d619f4be67b356dcbc907e1cc3f8d27f10223a,inverted
nasa-steerable-v1,sahara-dunes,blocks,288,2,2,4,true,37440,8,1,3,3,51;54;56,0,4,░▒▓█,0,0,nan,0.024548783898353577,1,0,288,288,288,1,50d619f4be67b356dcbc907e1cc3f8d27f10223a,inverted
nasa-steerable-v1,vavilov-crater,blocks,288,2,2,4,true,37440,8,1,3,3,51;54;56,0,4,░▒▓█,0,0,nan,0.022869722917675972,2,0,279.4029850746269,288,288,0.9999465811965812,50d619f4be67b356dcbc907e1cc3f8d27f10223a,inverted
nasa-steerable-v1,(pooled),blocks,288,2,2,4,true,112320,8,1,3,3,51;54;56,0,4,░▒▓█,0,0,nan,0.022869722917675972,2,0,285.0761421319797,288,288,0.9999821937321938,50d619f4be67b356dcbc907e1cc3f8d27f10223a,inverted
nasa-steerable-v1,earth-limb-sunrise,dots,76,2,2,4,true,2584,8,1,3,3,51;54;56,0,0,,1,1,1,nan,1,1,nan,nan,0,nan,50d619f4be67b356dcbc907e1cc3f8d27f10223a,inverted
nasa-steerable-v1,sahara-dunes,dots,76,2,2,4,true,2584,8,1,3,3,51;54;56,0,0,,1,1,1,nan,1,1,nan,nan,0,nan,50d619f4be67b356dcbc907e1cc3f8d27f10223a,inverted
nasa-steerable-v1,vavilov-crater,dots,76,2,2,4,true,2584,8,1,3,3,51;54;56,0,0,,1,1,1,nan,1,1,nan,nan,0,nan,50d619f4be67b356dcbc907e1cc3f8d27f10223a,inverted
nasa-steerable-v1,(pooled),dots,76,2,2,4,true,7752,8,1,3,3,51;54;56,0,0,,1,1,1,nan,1,1,nan,nan,0,nan,50d619f4be67b356dcbc907e1cc3f8d27f10223a,inverted
nasa-steerable-v1,earth-limb-sunrise,dots,80,2,2,4,true,2880,8,1,3,3,51;54;56,0,0,,1,1,1,nan,1,1,nan,nan,0,nan,50d619f4be67b356dcbc907e1cc3f8d27f10223a,inverted
nasa-steerable-v1,sahara-dunes,dots,80,2,2,4,true,2880,8,1,3,3,51;54;56,0,0,,1,1,1,nan,1,1,nan,nan,0,nan,50d619f4be67b356dcbc907e1cc3f8d27f10223a,inverted
nasa-steerable-v1,vavilov-crater,dots,80,2,2,4,true,2880,8,1,3,3,51;54;56,0,0,,1,1,1,nan,1,1,nan,nan,0,nan,50d619f4be67b356dcbc907e1cc3f8d27f10223a,inverted
nasa-steerable-v1,(pooled),dots,80,2,2,4,true,8640,8,1,3,3,51;54;56,0,0,,1,1,1,nan,1,1,nan,nan,0,nan,50d619f4be67b356dcbc907e1cc3f8d27f10223a,inverted
nasa-steerable-v1,earth-limb-sunrise,dots,288,2,2,4,true,37440,8,1,3,3,51;54;56,0,0,,1,1,1,nan,1,1,nan,nan,0,nan,50d619f4be67b356dcbc907e1cc3f8d27f10223a,inverted
nasa-steerable-v1,sahara-dunes,dots,288,2,2,4,true,37440,8,1,3,3,51;54;56,0,0,,1,1,1,nan,1,1,nan,nan,0,nan,50d619f4be67b356dcbc907e1cc3f8d27f10223a,inverted
nasa-steerable-v1,vavilov-crater,dots,288,2,2,4,true,37440,8,1,3,3,51;54;56,0,0,,1,1,1,nan,1,1,nan,nan,0,nan,50d619f4be67b356dcbc907e1cc3f8d27f10223a,inverted
nasa-steerable-v1,(pooled),dots,288,2,2,4,true,112320,8,1,3,3,51;54;56,0,0,,1,1,1,nan,1,1,nan,nan,0,nan,50d619f4be67b356dcbc907e1cc3f8d27f10223a,inverted
nasa-steerable-v1,earth-limb-sunrise,lines,76,2,2,4,true,2584,12,1,3,3,51;54;56,0,3,│├┼,0,0,nan,0.07251414656639099,1,0,76,76,76,1,50d619f4be67b356dcbc907e1cc3f8d27f10223a,inverted
nasa-steerable-v1,sahara-dunes,lines,76,2,2,4,true,2584,12,1,3,3,51;54;56,0,3,│├┼,0,0,nan,0.06913052499294281,1,0,76,76,76,1,50d619f4be67b356dcbc907e1cc3f8d27f10223a,inverted
nasa-steerable-v1,vavilov-crater,lines,76,2,2,4,true,2584,12,1,3,3,51;54;56,0,3,│├┼,0,0,nan,0.06651876866817474,1,0,76,76,76,1,50d619f4be67b356dcbc907e1cc3f8d27f10223a,inverted
nasa-steerable-v1,(pooled),lines,76,2,2,4,true,7752,12,1,3,3,51;54;56,0,3,│├┼,0,0,nan,0.06651876866817474,1,0,76,76,76,1,50d619f4be67b356dcbc907e1cc3f8d27f10223a,inverted
nasa-steerable-v1,earth-limb-sunrise,lines,80,2,2,4,true,2880,12,1,3,3,51;54;56,0,3,│├┼,0,0,nan,0.07291430234909058,1,0,80,80,80,1,50d619f4be67b356dcbc907e1cc3f8d27f10223a,inverted
nasa-steerable-v1,sahara-dunes,lines,80,2,2,4,true,2880,12,1,3,3,51;54;56,0,3,│├┼,0,0,nan,0.0698430985212326,1,0,80,80,80,1,50d619f4be67b356dcbc907e1cc3f8d27f10223a,inverted
nasa-steerable-v1,vavilov-crater,lines,80,2,2,4,true,2880,12,1,3,3,51;54;56,0,3,│├┼,0,0,nan,0.06678114831447601,1,0,80,80,80,1,50d619f4be67b356dcbc907e1cc3f8d27f10223a,inverted
nasa-steerable-v1,(pooled),lines,80,2,2,4,true,8640,12,1,3,3,51;54;56,0,3,│├┼,0,0,nan,0.06678114831447601,1,0,80,80,80,1,50d619f4be67b356dcbc907e1cc3f8d27f10223a,inverted
nasa-steerable-v1,earth-limb-sunrise,lines,288,2,2,4,true,37440,12,1,3,3,51;54;56,0,3,│├┼,0,0,nan,0.07141117751598358,1,0,288,288,288,1,50d619f4be67b356dcbc907e1cc3f8d27f10223a,inverted
nasa-steerable-v1,sahara-dunes,lines,288,2,2,4,true,37440,12,1,3,3,51;54;56,0,3,│├┼,0,0,nan,0.06636562943458557,1,0,288,288,288,1,50d619f4be67b356dcbc907e1cc3f8d27f10223a,inverted
nasa-steerable-v1,vavilov-crater,lines,288,2,2,4,true,37440,12,1,3,3,51;54;56,0,3,│├┼,0,0,nan,0.0630454570055008,1,0,288,288,288,1,50d619f4be67b356dcbc907e1cc3f8d27f10223a,inverted
nasa-steerable-v1,(pooled),lines,288,2,2,4,true,112320,12,1,3,3,51;54;56,0,3,│├┼,0,0,nan,0.0630454570055008,1,0,288,288,288,1,50d619f4be67b356dcbc907e1cc3f8d27f10223a,inverted
nasa-steerable-v1,earth-limb-sunrise,diagonal,76,2,2,4,true,2584,4,1,3,3,51;54;56,0,0,,1,1,1,nan,1,1,nan,nan,0,nan,50d619f4be67b356dcbc907e1cc3f8d27f10223a,inverted
nasa-steerable-v1,sahara-dunes,diagonal,76,2,2,4,true,2584,4,1,3,3,51;54;56,0,0,,1,1,1,nan,1,1,nan,nan,0,nan,50d619f4be67b356dcbc907e1cc3f8d27f10223a,inverted
nasa-steerable-v1,vavilov-crater,diagonal,76,2,2,4,true,2584,4,1,3,3,51;54;56,0,0,,1,1,1,nan,1,1,nan,nan,0,nan,50d619f4be67b356dcbc907e1cc3f8d27f10223a,inverted
nasa-steerable-v1,(pooled),diagonal,76,2,2,4,true,7752,4,1,3,3,51;54;56,0,0,,1,1,1,nan,1,1,nan,nan,0,nan,50d619f4be67b356dcbc907e1cc3f8d27f10223a,inverted
nasa-steerable-v1,earth-limb-sunrise,diagonal,80,2,2,4,true,2880,4,1,3,3,51;54;56,0,0,,1,1,1,nan,1,1,nan,nan,0,nan,50d619f4be67b356dcbc907e1cc3f8d27f10223a,inverted
nasa-steerable-v1,sahara-dunes,diagonal,80,2,2,4,true,2880,4,1,3,3,51;54;56,0,0,,1,1,1,nan,1,1,nan,nan,0,nan,50d619f4be67b356dcbc907e1cc3f8d27f10223a,inverted
nasa-steerable-v1,vavilov-crater,diagonal,80,2,2,4,true,2880,4,1,3,3,51;54;56,0,0,,1,1,1,nan,1,1,nan,nan,0,nan,50d619f4be67b356dcbc907e1cc3f8d27f10223a,inverted
nasa-steerable-v1,(pooled),diagonal,80,2,2,4,true,8640,4,1,3,3,51;54;56,0,0,,1,1,1,nan,1,1,nan,nan,0,nan,50d619f4be67b356dcbc907e1cc3f8d27f10223a,inverted
nasa-steerable-v1,earth-limb-sunrise,diagonal,288,2,2,4,true,37440,4,1,3,3,51;54;56,0,0,,1,1,1,nan,1,1,nan,nan,0,nan,50d619f4be67b356dcbc907e1cc3f8d27f10223a,inverted
nasa-steerable-v1,sahara-dunes,diagonal,288,2,2,4,true,37440,4,1,3,3,51;54;56,0,0,,1,1,1,nan,1,1,nan,nan,0,nan,50d619f4be67b356dcbc907e1cc3f8d27f10223a,inverted
nasa-steerable-v1,vavilov-crater,diagonal,288,2,2,4,true,37440,4,1,3,3,51;54;56,0,0,,1,1,1,nan,1,1,nan,nan,0,nan,50d619f4be67b356dcbc907e1cc3f8d27f10223a,inverted
nasa-steerable-v1,(pooled),diagonal,288,2,2,4,true,112320,4,1,3,3,51;54;56,0,0,,1,1,1,nan,1,1,nan,nan,0,nan,50d619f4be67b356dcbc907e1cc3f8d27f10223a,inverted
nasa-steerable-v1,earth-limb-sunrise,cross,76,2,2,4,true,2584,5,1,3,3,51;54;56,0,0,,1,1,1,nan,1,1,nan,nan,0,nan,50d619f4be67b356dcbc907e1cc3f8d27f10223a,inverted
nasa-steerable-v1,sahara-dunes,cross,76,2,2,4,true,2584,5,1,3,3,51;54;56,0,0,,1,1,1,nan,1,1,nan,nan,0,nan,50d619f4be67b356dcbc907e1cc3f8d27f10223a,inverted
nasa-steerable-v1,vavilov-crater,cross,76,2,2,4,true,2584,5,1,3,3,51;54;56,0,0,,1,1,1,nan,1,1,nan,nan,0,nan,50d619f4be67b356dcbc907e1cc3f8d27f10223a,inverted
nasa-steerable-v1,(pooled),cross,76,2,2,4,true,7752,5,1,3,3,51;54;56,0,0,,1,1,1,nan,1,1,nan,nan,0,nan,50d619f4be67b356dcbc907e1cc3f8d27f10223a,inverted
nasa-steerable-v1,earth-limb-sunrise,cross,80,2,2,4,true,2880,5,1,3,3,51;54;56,0,0,,1,1,1,nan,1,1,nan,nan,0,nan,50d619f4be67b356dcbc907e1cc3f8d27f10223a,inverted
nasa-steerable-v1,sahara-dunes,cross,80,2,2,4,true,2880,5,1,3,3,51;54;56,0,0,,1,1,1,nan,1,1,nan,nan,0,nan,50d619f4be67b356dcbc907e1cc3f8d27f10223a,inverted
nasa-steerable-v1,vavilov-crater,cross,80,2,2,4,true,2880,5,1,3,3,51;54;56,0,0,,1,1,1,nan,1,1,nan,nan,0,nan,50d619f4be67b356dcbc907e1cc3f8d27f10223a,inverted
nasa-steerable-v1,(pooled),cross,80,2,2,4,true,8640,5,1,3,3,51;54;56,0,0,,1,1,1,nan,1,1,nan,nan,0,nan,50d619f4be67b356dcbc907e1cc3f8d27f10223a,inverted
nasa-steerable-v1,earth-limb-sunrise,cross,288,2,2,4,true,37440,5,1,3,3,51;54;56,0,0,,1,1,1,nan,1,1,nan,nan,0,nan,50d619f4be67b356dcbc907e1cc3f8d27f10223a,inverted
nasa-steerable-v1,sahara-dunes,cross,288,2,2,4,true,37440,5,1,3,3,51;54;56,0,0,,1,1,1,nan,1,1,nan,nan,0,nan,50d619f4be67b356dcbc907e1cc3f8d27f10223a,inverted
nasa-steerable-v1,vavilov-crater,cross,288,2,2,4,true,37440,5,1,3,3,51;54;56,0,0,,1,1,1,nan,1,1,nan,nan,0,nan,50d619f4be67b356dcbc907e1cc3f8d27f10223a,inverted
nasa-steerable-v1,(pooled),cross,288,2,2,4,true,112320,5,1,3,3,51;54;56,0,0,,1,1,1,nan,1,1,nan,nan,0,nan,50d619f4be67b356dcbc907e1cc3f8d27f10223a,inverted
nasa-steerable-v1,earth-limb-sunrise,diamond,76,2,2,4,true,2584,4,1,3,3,51;54;56,0,0,,1,1,1,nan,1,1,nan,nan,0,nan,50d619f4be67b356dcbc907e1cc3f8d27f10223a,inverted
nasa-steerable-v1,sahara-dunes,diamond,76,2,2,4,true,2584,4,1,3,3,51;54;56,0,0,,1,1,1,nan,1,1,nan,nan,0,nan,50d619f4be67b356dcbc907e1cc3f8d27f10223a,inverted
nasa-steerable-v1,vavilov-crater,diamond,76,2,2,4,true,2584,4,1,3,3,51;54;56,0,0,,1,1,1,nan,1,1,nan,nan,0,nan,50d619f4be67b356dcbc907e1cc3f8d27f10223a,inverted
nasa-steerable-v1,(pooled),diamond,76,2,2,4,true,7752,4,1,3,3,51;54;56,0,0,,1,1,1,nan,1,1,nan,nan,0,nan,50d619f4be67b356dcbc907e1cc3f8d27f10223a,inverted
nasa-steerable-v1,earth-limb-sunrise,diamond,80,2,2,4,true,2880,4,1,3,3,51;54;56,0,0,,1,1,1,nan,1,1,nan,nan,0,nan,50d619f4be67b356dcbc907e1cc3f8d27f10223a,inverted
nasa-steerable-v1,sahara-dunes,diamond,80,2,2,4,true,2880,4,1,3,3,51;54;56,0,0,,1,1,1,nan,1,1,nan,nan,0,nan,50d619f4be67b356dcbc907e1cc3f8d27f10223a,inverted
nasa-steerable-v1,vavilov-crater,diamond,80,2,2,4,true,2880,4,1,3,3,51;54;56,0,0,,1,1,1,nan,1,1,nan,nan,0,nan,50d619f4be67b356dcbc907e1cc3f8d27f10223a,inverted
nasa-steerable-v1,(pooled),diamond,80,2,2,4,true,8640,4,1,3,3,51;54;56,0,0,,1,1,1,nan,1,1,nan,nan,0,nan,50d619f4be67b356dcbc907e1cc3f8d27f10223a,inverted
nasa-steerable-v1,earth-limb-sunrise,diamond,288,2,2,4,true,37440,4,1,3,3,51;54;56,0,0,,1,1,1,nan,1,1,nan,nan,0,nan,50d619f4be67b356dcbc907e1cc3f8d27f10223a,inverted
nasa-steerable-v1,sahara-dunes,diamond,288,2,2,4,true,37440,4,1,3,3,51;54;56,0,0,,1,1,1,nan,1,1,nan,nan,0,nan,50d619f4be67b356dcbc907e1cc3f8d27f10223a,inverted
nasa-steerable-v1,vavilov-crater,diamond,288,2,2,4,true,37440,4,1,3,3,51;54;56,0,0,,1,1,1,nan,1,1,nan,nan,0,nan,50d619f4be67b356dcbc907e1cc3f8d27f10223a,inverted
nasa-steerable-v1,(pooled),diamond,288,2,2,4,true,112320,4,1,3,3,51;54;56,0,0,,1,1,1,nan,1,1,nan,nan,0,nan,50d619f4be67b356dcbc907e1cc3f8d27f10223a,inverted
nasa-steerable-v1,earth-limb-sunrise,mixed,76,2,2,4,true,2584,12,1,3,3,51;54;56,0,1,│,0,0,nan,0.10478492081165314,1,0,76,76,76,1,50d619f4be67b356dcbc907e1cc3f8d27f10223a,inverted
nasa-steerable-v1,sahara-dunes,mixed,76,2,2,4,true,2584,12,1,3,3,51;54;56,0,1,│,0,0,nan,0.09989550709724426,1,0,76,76,76,1,50d619f4be67b356dcbc907e1cc3f8d27f10223a,inverted
nasa-steerable-v1,vavilov-crater,mixed,76,2,2,4,true,2584,12,1,3,3,51;54;56,0,1,│,0,0,nan,0.09612144529819489,1,0,76,76,76,1,50d619f4be67b356dcbc907e1cc3f8d27f10223a,inverted
nasa-steerable-v1,(pooled),mixed,76,2,2,4,true,7752,12,1,3,3,51;54;56,0,1,│,0,0,nan,0.09612144529819489,1,0,76,76,76,1,50d619f4be67b356dcbc907e1cc3f8d27f10223a,inverted
nasa-steerable-v1,earth-limb-sunrise,mixed,80,2,2,4,true,2880,12,1,3,3,51;54;56,0,1,│,0,0,nan,0.10536316782236099,1,0,80,80,80,1,50d619f4be67b356dcbc907e1cc3f8d27f10223a,inverted
nasa-steerable-v1,sahara-dunes,mixed,80,2,2,4,true,2880,12,1,3,3,51;54;56,0,1,│,0,0,nan,0.10092519968748093,1,0,80,80,80,1,50d619f4be67b356dcbc907e1cc3f8d27f10223a,inverted
nasa-steerable-v1,vavilov-crater,mixed,80,2,2,4,true,2880,12,1,3,3,51;54;56,0,1,│,0,0,nan,0.09650059044361115,1,0,80,80,80,1,50d619f4be67b356dcbc907e1cc3f8d27f10223a,inverted
nasa-steerable-v1,(pooled),mixed,80,2,2,4,true,8640,12,1,3,3,51;54;56,0,1,│,0,0,nan,0.09650059044361115,1,0,80,80,80,1,50d619f4be67b356dcbc907e1cc3f8d27f10223a,inverted
nasa-steerable-v1,earth-limb-sunrise,mixed,288,2,2,4,true,37440,12,1,3,3,51;54;56,0,1,│,0,0,nan,0.10319112241268158,1,0,288,288,288,1,50d619f4be67b356dcbc907e1cc3f8d27f10223a,inverted
nasa-steerable-v1,sahara-dunes,mixed,288,2,2,4,true,37440,12,1,3,3,51;54;56,0,1,│,0,0,nan,0.09590016305446625,1,0,288,288,288,1,50d619f4be67b356dcbc907e1cc3f8d27f10223a,inverted
nasa-steerable-v1,vavilov-crater,mixed,288,2,2,4,true,37440,12,1,3,3,51;54;56,0,1,│,0,0,nan,0.09110242128372192,1,0,288,288,288,1,50d619f4be67b356dcbc907e1cc3f8d27f10223a,inverted
nasa-steerable-v1,(pooled),mixed,288,2,2,4,true,112320,12,1,3,3,51;54;56,0,1,│,0,0,nan,0.09110242128372192,1,0,288,288,288,1,50d619f4be67b356dcbc907e1cc3f8d27f10223a,inverted
nasa-steerable-v1,earth-limb-sunrise,braille,76,2,2,4,true,2584,256,1,3,3,51;54;56,0,224,,0,0,nan,0.01914236508309841,5,0.9489164086687306,5.28,19,26,0.7878787878787878,50d619f4be67b356dcbc907e1cc3f8d27f10223a,inverted
nasa-steerable-v1,sahara-dunes,braille,76,2,2,4,true,2584,256,1,3,3,51;54;56,0,224,,0,0,nan,0.011239458806812763,6,0,3.6445698166431595,11,52,0.6273219814241486,50d619f4be67b356dcbc907e1cc3f8d27f10223a,inverted
nasa-steerable-v1,vavilov-crater,braille,76,2,2,4,true,2584,256,1,3,3,51;54;56,0,224,,0,0,nan,0.014892417006194592,7,0.13893188854489164,2.557471264367816,8,26,0.4458426966292135,50d619f4be67b356dcbc907e1cc3f8d27f10223a,inverted
nasa-steerable-v1,(pooled),braille,76,2,2,4,true,7752,256,1,3,3,51;54;56,0,224,,0,0,nan,0.011239458806812763,11,0.36261609907120745,3.080423940149626,9,52,0.5498886865007083,50d619f4be67b356dcbc907e1cc3f8d27f10223a,inverted
nasa-steerable-v1,earth-limb-sunrise,braille,80,2,2,4,true,2880,256,1,3,3,51;54;56,0,224,,0,0,nan,0.016322188079357147,6,0.9475694444444445,5.392857142857143,25,27,0.8013245033112583,50d619f4be67b356dcbc907e1cc3f8d27f10223a,inverted
nasa-steerable-v1,sahara-dunes,braille,80,2,2,4,true,2880,256,1,3,3,51;54;56,0,224,,0,0,nan,0.011647218838334084,6,0,3.814569536423841,11,42,0.6381944444444444,50d619f4be67b356dcbc907e1cc3f8d27f10223a,inverted
nasa-steerable-v1,vavilov-crater,braille,80,2,2,4,true,2880,256,1,3,3,51;54;56,0,224,,0,0,nan,0.015148661099374294,7,0.13958333333333334,2.5311542390194077,8,24,0.43058918482647296,50d619f4be67b356dcbc907e1cc3f8d27f10223a,inverted
nasa-steerable-v1,(pooled),braille,80,2,2,4,true,8640,256,1,3,3,51;54;56,0,224,,0,0,nan,0.011647218838334084,11,0.36238425925925927,3.1265607264472193,9,42,0.5492829914685061,50d619f4be67b356dcbc907e1cc3f8d27f10223a,inverted
nasa-steerable-v1,earth-limb-sunrise,braille,288,2,2,4,true,37440,256,1,3,3,51;54;56,0,224,,0,0,nan,0.01635698974132538,7,0.9606570512820513,7.081730769230769,40,99,0.8397827562797013,50d619f4be67b356dcbc907e1cc3f8d27f10223a,inverted
nasa-steerable-v1,sahara-dunes,braille,288,2,2,4,true,37440,256,1,3,3,51;54;56,0,224,,0,0,nan,0.010668780654668808,7,0,5.166988683411537,19,133,0.7479700854700855,50d619f4be67b356dcbc907e1cc3f8d27f10223a,inverted
nasa-steerable-v1,vavilov-crater,braille,288,2,2,4,true,37440,256,1,3,3,51;54;56,0,224,,0,0,nan,0.008871356956660748,12,0.16663995726495726,2.1779282423565545,6,29,0.32550238774398255,50d619f4be67b356dcbc907e1cc3f8d27f10223a,inverted
nasa-steerable-v1,(pooled),braille,288,2,2,4,true,112320,256,1,3,3,51;54;56,0,224,,0,0,nan,0.008871356956660748,13,0.37576566951566953,3.2191919191919194,11,133,0.5618991927432467,50d619f4be67b356dcbc907e1cc3f8d27f10223a,inverted
nasa-structure-v1,earth-limb-sunrise,standard,76,2,2,4,true,2584,95,1,3,3,51;54;56,0,3,|}j,0.8285603715170279,0.40131578947368424,1,0.0023746127262711525,14,0.40131578947368424,25.360655737704917,76,76,0.984486102133161,50d619f4be67b356dcbc907e1cc3f8d27f10223a,inverted
nasa-structure-v1,phoenix-night-grid,standard,76,2,2,4,true,2584,95,1,3,3,51;54;56,0,3,|}j,0.3753869969040248,0.11455108359133127,1,0.0016422099433839321,13,0.11455108359133127,1.6811168258633358,4,11,0.1673951048951049,50d619f4be67b356dcbc907e1cc3f8d27f10223a,inverted
nasa-structure-v1,vavilov-crater,standard,76,2,2,4,true,2584,95,1,3,3,51;54;56,0,3,|}j,0.4481424148606811,0.19504643962848298,1,0.0020599118433892727,7,0.19504643962848298,3.5434412265758093,16,39,0.6081730769230769,50d619f4be67b356dcbc907e1cc3f8d27f10223a,inverted
nasa-structure-v1,(pooled),standard,76,2,2,4,true,7752,95,1,3,3,51;54;56,0,3,|}j,0.5506965944272446,0.23697110423116616,1,0.0016422099433839321,15,0.23697110423116616,2.9442508710801394,8,76,0.5360946745562131,50d619f4be67b356dcbc907e1cc3f8d27f10223a,inverted
nasa-structure-v1,earth-limb-sunrise,standard,80,2,2,4,true,2880,95,1,3,3,51;54;56,0,3,|}j,0.8284722222222223,0.4,1,0.0021912213414907455,14,0.4,33.23076923076923,80,80,0.9913194444444444,50d619f4be67b356dcbc907e1cc3f8d27f10223a,inverted
nasa-structure-v1,phoenix-night-grid,standard,80,2,2,4,true,2880,95,1,3,3,51;54;56,0,3,|}j,0.3680555555555556,0.12222222222222222,1,0.0014678183943033218,13,0.12222222222222222,1.7374570446735396,5,14,0.2377373417721519,50d619f4be67b356dcbc907e1cc3f8d27f10223a,inverted
nasa-structure-v1,vavilov-crater,standard,80,2,2,4,true,2880,95,1,3,3,51;54;56,0,3,|}j,0.4479166666666667,0.19618055555555555,1,0.0022658933885395527,7,0.19618055555555555,3.7278582930756845,14,41,0.6436285097192225,50d619f4be67b356dcbc907e1cc3f8d27f10223a,inverted
nasa-structure-v1,(pooled),standard,80,2,2,4,true,8640,95,1,3,3,51;54;56,0,3,|}j,0.5481481481481482,0.2394675925925926,1,0.0014678183943033218,15,0.2394675925925926,3.0878759398496243,9,80,0.5789073200426115,50d619f4be67b356dcbc907e1cc3f8d27f10223a,inverted
nasa-structure-v1,earth-limb-sunrise,standard,288,2,2,4,true,37440,95,1,3,3,51;54;56,0,3,|}j,0.8284188034188035,0.39618055555555554,1,0.0022866572253406048,15,0.39618055555555554,38.7770154373928,243,288,0.9760251249612951,50d619f4be67b356dcbc907e1cc3f8d27f10223a,inverted
nasa-structure-v1,phoenix-night-grid,standard,288,2,2,4,true,37440,95,1,3,3,51;54;56,0.00037393162393162396,3,|}j,0.47585470085470083,0.18840811965811965,1,0.0013613892951980233,15,0.18840811965811965,1.7714685477758993,5,31,0.2721977226354242,50d619f4be67b356dcbc907e1cc3f8d27f10223a,inverted
nasa-structure-v1,vavilov-crater,standard,288,2,2,4,true,37440,95,1,3,3,51;54;56,0,3,|}j,0.4595886752136752,0.21041666666666667,1,0.001959859859198332,10,0.21041666666666667,2.832151753209427,10,84,0.5210743522089168,50d619f4be67b356dcbc907e1cc3f8d27f10223a,inverted
nasa-structure-v1,(pooled),standard,288,2,2,4,true,112320,95,1,3,3,51;54;56,0.00012464387464387465,3,|}j,0.5879540598290598,0.26500178062678065,1,0.0013613892951980233,15,0.26500178062678065,2.93018385745723,7,288,0.5540548725092362,50d619f4be67b356dcbc907e1cc3f8d27f10223a,inverted
nasa-structure-v1,earth-limb-sunrise,minimal,76,2,2,4,true,2584,10,1,3,3,51;54;56,0,0,,1,1,1,nan,1,1,nan,nan,0,nan,50d619f4be67b356dcbc907e1cc3f8d27f10223a,inverted
nasa-structure-v1,phoenix-night-grid,minimal,76,2,2,4,true,2584,10,1,3,3,51;54;56,0,0,,1,1,1,nan,1,1,nan,nan,0,nan,50d619f4be67b356dcbc907e1cc3f8d27f10223a,inverted
nasa-structure-v1,vavilov-crater,minimal,76,2,2,4,true,2584,10,1,3,3,51;54;56,0,0,,1,1,1,nan,1,1,nan,nan,0,nan,50d619f4be67b356dcbc907e1cc3f8d27f10223a,inverted
nasa-structure-v1,(pooled),minimal,76,2,2,4,true,7752,10,1,3,3,51;54;56,0,0,,1,1,1,nan,1,1,nan,nan,0,nan,50d619f4be67b356dcbc907e1cc3f8d27f10223a,inverted
nasa-structure-v1,earth-limb-sunrise,minimal,80,2,2,4,true,2880,10,1,3,3,51;54;56,0,0,,1,1,1,nan,1,1,nan,nan,0,nan,50d619f4be67b356dcbc907e1cc3f8d27f10223a,inverted
nasa-structure-v1,phoenix-night-grid,minimal,80,2,2,4,true,2880,10,1,3,3,51;54;56,0,0,,1,1,1,nan,1,1,nan,nan,0,nan,50d619f4be67b356dcbc907e1cc3f8d27f10223a,inverted
nasa-structure-v1,vavilov-crater,minimal,80,2,2,4,true,2880,10,1,3,3,51;54;56,0,0,,1,1,1,nan,1,1,nan,nan,0,nan,50d619f4be67b356dcbc907e1cc3f8d27f10223a,inverted
nasa-structure-v1,(pooled),minimal,80,2,2,4,true,8640,10,1,3,3,51;54;56,0,0,,1,1,1,nan,1,1,nan,nan,0,nan,50d619f4be67b356dcbc907e1cc3f8d27f10223a,inverted
nasa-structure-v1,earth-limb-sunrise,minimal,288,2,2,4,true,37440,10,1,3,3,51;54;56,0,0,,1,1,1,nan,1,1,nan,nan,0,nan,50d619f4be67b356dcbc907e1cc3f8d27f10223a,inverted
nasa-structure-v1,phoenix-night-grid,minimal,288,2,2,4,true,37440,10,1,3,3,51;54;56,0.00037393162393162396,0,,1,1,1,nan,1,1,nan,nan,0,nan,50d619f4be67b356dcbc907e1cc3f8d27f10223a,inverted
nasa-structure-v1,vavilov-crater,minimal,288,2,2,4,true,37440,10,1,3,3,51;54;56,0,0,,1,1,1,nan,1,1,nan,nan,0,nan,50d619f4be67b356dcbc907e1cc3f8d27f10223a,inverted
nasa-structure-v1,(pooled),minimal,288,2,2,4,true,112320,10,1,3,3,51;54;56,0.00012464387464387465,0,,1,1,1,nan,1,1,nan,nan,0,nan,50d619f4be67b356dcbc907e1cc3f8d27f10223a,inverted
nasa-structure-v1,earth-limb-sunrise,blocks,76,2,2,4,true,2584,8,1,3,3,51;54;56,0,4,░▒▓█,0,0,nan,0.02300013229250908,2,0,69.83783783783784,76,76,1,50d619f4be67b356dcbc907e1cc3f8d27f10223a,inverted
nasa-structure-v1,phoenix-night-grid,blocks,76,2,2,4,true,2584,8,1,3,3,51;54;56,0,4,░▒▓█,0,0,nan,0.01376278419047594,2,0,14.435754189944134,56,76,0.9597523219814241,50d619f4be67b356dcbc907e1cc3f8d27f10223a,inverted
nasa-structure-v1,vavilov-crater,blocks,76,2,2,4,true,2584,8,1,3,3,51;54;56,0,4,░▒▓█,0,0,nan,0.023972366005182266,1,0,76,76,76,1,50d619f4be67b356dcbc907e1cc3f8d27f10223a,inverted
nasa-structure-v1,(pooled),blocks,76,2,2,4,true,7752,8,1,3,3,51;54;56,0,4,░▒▓█,0,0,nan,0.01376278419047594,2,0,31.008,76,76,0.9865841073271414,50d619f4be67b356dcbc907e1cc3f8d27f10223a,inverted
nasa-structure-v1,earth-limb-sunrise,blocks,80,2,2,4,true,2880,8,1,3,3,51;54;56,0,4,░▒▓█,0,0,nan,0.026695523411035538,1,0,80,80,80,1,50d619f4be67b356dcbc907e1cc3f8d27f10223a,inverted
nasa-structure-v1,phoenix-night-grid,blocks,80,2,2,4,true,2880,8,1,3,3,51;54;56,0,4,░▒▓█,0,0,nan,0.01415482722222805,3,0.0006944444444444445,13.639810426540285,56,80,0.9499652536483669,50d619f4be67b356dcbc907e1cc3f8d27f10223a,inverted
nasa-structure-v1,vavilov-crater,blocks,80,2,2,4,true,2880,8,1,3,3,51;54;56,0,4,░▒▓█,0,0,nan,0.025173526257276535,1,0,80,80,80,1,50d619f4be67b356dcbc907e1cc3f8d27f10223a,inverted
nasa-structure-v1,(pooled),blocks,80,2,2,4,true,8640,8,1,3,3,51;54;56,0,4,░▒▓█,0,0,nan,0.01415482722222805,3,0.0002314814814814815,30.52296819787986,80,80,0.9833294744153739,50d619f4be67b356dcbc907e1cc3f8d27f10223a,inverted
nasa-structure-v1,earth-limb-sunrise,blocks,288,2,2,4,true,37440,8,1,3,3,51;54;56,0,4,░▒▓█,0,0,nan,0.024094291031360626,3,0,281.50375939849624,288,288,0.9999732905982905,50d619f4be67b356dcbc907e1cc3f8d27f10223a,inverted
nasa-structure-v1,phoenix-night-grid,blocks,288,2,2,4,true,37440,8,1,3,3,51;54;56,0.00037393162393162396,4,░▒▓█,0.0005074786324786325,0.0005074786324786325,1,0.007996562868356705,4,0.002110042735042735,15.419314898885679,71,211,0.9460132223441556,50d619f4be67b356dcbc907e1cc3f8d27f10223a,inverted
nasa-structure-v1,vavilov-crater,blocks,288,2,2,4,true,37440,8,1,3,3,51;54;56,0,4,░▒▓█,0,0,nan,0.022947177290916443,2,0,283.6363636363636,288,288,0.9999732905982905,50d619f4be67b356dcbc907e1cc3f8d27f10223a,inverted
nasa-structure-v1,(pooled),blocks,288,2,2,4,true,112320,8,1,3,3,51;54;56,0.00012464387464387465,4,░▒▓█,0.00016915954415954416,0.00016915954415954416,1,0.007996562868356705,4,0.0007033475783475784,41.756324404761905,288,288,0.9820119207776125,50d619f4be67b356dcbc907e1cc3f8d27f10223a,inverted
nasa-structure-v1,earth-limb-sunrise,dots,76,2,2,4,true,2584,8,1,3,3,51;54;56,0,0,,1,1,1,nan,1,1,nan,nan,0,nan,50d619f4be67b356dcbc907e1cc3f8d27f10223a,inverted
nasa-structure-v1,phoenix-night-grid,dots,76,2,2,4,true,2584,8,1,3,3,51;54;56,0,0,,1,1,1,nan,1,1,nan,nan,0,nan,50d619f4be67b356dcbc907e1cc3f8d27f10223a,inverted
nasa-structure-v1,vavilov-crater,dots,76,2,2,4,true,2584,8,1,3,3,51;54;56,0,0,,1,1,1,nan,1,1,nan,nan,0,nan,50d619f4be67b356dcbc907e1cc3f8d27f10223a,inverted
nasa-structure-v1,(pooled),dots,76,2,2,4,true,7752,8,1,3,3,51;54;56,0,0,,1,1,1,nan,1,1,nan,nan,0,nan,50d619f4be67b356dcbc907e1cc3f8d27f10223a,inverted
nasa-structure-v1,earth-limb-sunrise,dots,80,2,2,4,true,2880,8,1,3,3,51;54;56,0,0,,1,1,1,nan,1,1,nan,nan,0,nan,50d619f4be67b356dcbc907e1cc3f8d27f10223a,inverted
nasa-structure-v1,phoenix-night-grid,dots,80,2,2,4,true,2880,8,1,3,3,51;54;56,0,0,,1,1,1,nan,1,1,nan,nan,0,nan,50d619f4be67b356dcbc907e1cc3f8d27f10223a,inverted
nasa-structure-v1,vavilov-crater,dots,80,2,2,4,true,2880,8,1,3,3,51;54;56,0,0,,1,1,1,nan,1,1,nan,nan,0,nan,50d619f4be67b356dcbc907e1cc3f8d27f10223a,inverted
nasa-structure-v1,(pooled),dots,80,2,2,4,true,8640,8,1,3,3,51;54;56,0,0,,1,1,1,nan,1,1,nan,nan,0,nan,50d619f4be67b356dcbc907e1cc3f8d27f10223a,inverted
nasa-structure-v1,earth-limb-sunrise,dots,288,2,2,4,true,37440,8,1,3,3,51;54;56,0,0,,1,1,1,nan,1,1,nan,nan,0,nan,50d619f4be67b356dcbc907e1cc3f8d27f10223a,inverted
nasa-structure-v1,phoenix-night-grid,dots,288,2,2,4,true,37440,8,1,3,3,51;54;56,0.00037393162393162396,0,,1,1,1,nan,1,1,nan,nan,0,nan,50d619f4be67b356dcbc907e1cc3f8d27f10223a,inverted
nasa-structure-v1,vavilov-crater,dots,288,2,2,4,true,37440,8,1,3,3,51;54;56,0,0,,1,1,1,nan,1,1,nan,nan,0,nan,50d619f4be67b356dcbc907e1cc3f8d27f10223a,inverted
nasa-structure-v1,(pooled),dots,288,2,2,4,true,112320,8,1,3,3,51;54;56,0.00012464387464387465,0,,1,1,1,nan,1,1,nan,nan,0,nan,50d619f4be67b356dcbc907e1cc3f8d27f10223a,inverted
nasa-structure-v1,earth-limb-sunrise,lines,76,2,2,4,true,2584,12,1,3,3,51;54;56,0,3,│├┼,0,0,nan,0.06917035579681396,1,0,76,76,76,1,50d619f4be67b356dcbc907e1cc3f8d27f10223a,inverted
nasa-structure-v1,phoenix-night-grid,lines,76,2,2,4,true,2584,12,1,3,3,51;54;56,0,3,│├┼,0,0,nan,0.05312347412109375,1,0,76,76,76,1,50d619f4be67b356dcbc907e1cc3f8d27f10223a,inverted
nasa-structure-v1,vavilov-crater,lines,76,2,2,4,true,2584,12,1,3,3,51;54;56,0,3,│├┼,0,0,nan,0.0661693662405014,1,0,76,76,76,1,50d619f4be67b356dcbc907e1cc3f8d27f10223a,inverted
nasa-structure-v1,(pooled),lines,76,2,2,4,true,7752,12,1,3,3,51;54;56,0,3,│├┼,0,0,nan,0.05312347412109375,1,0,76,76,76,1,50d619f4be67b356dcbc907e1cc3f8d27f10223a,inverted
nasa-structure-v1,earth-limb-sunrise,lines,80,2,2,4,true,2880,12,1,3,3,51;54;56,0,3,│├┼,0,0,nan,0.06932003051042557,1,0,80,80,80,1,50d619f4be67b356dcbc907e1cc3f8d27f10223a,inverted
nasa-structure-v1,phoenix-night-grid,lines,80,2,2,4,true,2880,12,1,3,3,51;54;56,0,3,│├┼,0,0,nan,0.04742942377924919,1,0,80,80,80,1,50d619f4be67b356dcbc907e1cc3f8d27f10223a,inverted
nasa-structure-v1,vavilov-crater,lines,80,2,2,4,true,2880,12,1,3,3,51;54;56,0,3,│├┼,0,0,nan,0.0666840597987175,1,0,80,80,80,1,50d619f4be67b356dcbc907e1cc3f8d27f10223a,inverted
nasa-structure-v1,(pooled),lines,80,2,2,4,true,8640,12,1,3,3,51;54;56,0,3,│├┼,0,0,nan,0.04742942377924919,1,0,80,80,80,1,50d619f4be67b356dcbc907e1cc3f8d27f10223a,inverted
nasa-structure-v1,earth-limb-sunrise,lines,288,2,2,4,true,37440,12,1,3,3,51;54;56,0,3,│├┼,0,0,nan,0.06990357488393784,1,0,288,288,288,1,50d619f4be67b356dcbc907e1cc3f8d27f10223a,inverted
nasa-structure-v1,phoenix-night-grid,lines,288,2,2,4,true,37440,12,1,3,3,51;54;56,0.00037393162393162396,3,│├┼,0.0005074786324786325,0.0005074786324786325,1,0.02847282588481903,2,0.0005876068376068376,249.45333333333335,288,288,0.9998930995777433,50d619f4be67b356dcbc907e1cc3f8d27f10223a,inverted
nasa-structure-v1,vavilov-crater,lines,288,2,2,4,true,37440,12,1,3,3,51;54;56,0,3,│├┼,0,0,nan,0.06268931925296783,1,0,288,288,288,1,50d619f4be67b356dcbc907e1cc3f8d27f10223a,inverted
nasa-structure-v1,(pooled),lines,288,2,2,4,true,112320,12,1,3,3,51;54;56,0.00012464387464387465,3,│├┼,0.00016915954415954416,0.00016915954415954416,1,0.02847282588481903,2,0.00019586894586894586,273.89756097560974,288,288,0.9999643804876311,50d619f4be67b356dcbc907e1cc3f8d27f10223a,inverted
nasa-structure-v1,earth-limb-sunrise,diagonal,76,2,2,4,true,2584,4,1,3,3,51;54;56,0,0,,1,1,1,nan,1,1,nan,nan,0,nan,50d619f4be67b356dcbc907e1cc3f8d27f10223a,inverted
nasa-structure-v1,phoenix-night-grid,diagonal,76,2,2,4,true,2584,4,1,3,3,51;54;56,0,0,,1,1,1,nan,1,1,nan,nan,0,nan,50d619f4be67b356dcbc907e1cc3f8d27f10223a,inverted
nasa-structure-v1,vavilov-crater,diagonal,76,2,2,4,true,2584,4,1,3,3,51;54;56,0,0,,1,1,1,nan,1,1,nan,nan,0,nan,50d619f4be67b356dcbc907e1cc3f8d27f10223a,inverted
nasa-structure-v1,(pooled),diagonal,76,2,2,4,true,7752,4,1,3,3,51;54;56,0,0,,1,1,1,nan,1,1,nan,nan,0,nan,50d619f4be67b356dcbc907e1cc3f8d27f10223a,inverted
nasa-structure-v1,earth-limb-sunrise,diagonal,80,2,2,4,true,2880,4,1,3,3,51;54;56,0,0,,1,1,1,nan,1,1,nan,nan,0,nan,50d619f4be67b356dcbc907e1cc3f8d27f10223a,inverted
nasa-structure-v1,phoenix-night-grid,diagonal,80,2,2,4,true,2880,4,1,3,3,51;54;56,0,0,,1,1,1,nan,1,1,nan,nan,0,nan,50d619f4be67b356dcbc907e1cc3f8d27f10223a,inverted
nasa-structure-v1,vavilov-crater,diagonal,80,2,2,4,true,2880,4,1,3,3,51;54;56,0,0,,1,1,1,nan,1,1,nan,nan,0,nan,50d619f4be67b356dcbc907e1cc3f8d27f10223a,inverted
nasa-structure-v1,(pooled),diagonal,80,2,2,4,true,8640,4,1,3,3,51;54;56,0,0,,1,1,1,nan,1,1,nan,nan,0,nan,50d619f4be67b356dcbc907e1cc3f8d27f10223a,inverted
nasa-structure-v1,earth-limb-sunrise,diagonal,288,2,2,4,true,37440,4,1,3,3,51;54;56,0,0,,1,1,1,nan,1,1,nan,nan,0,nan,50d619f4be67b356dcbc907e1cc3f8d27f10223a,inverted
nasa-structure-v1,phoenix-night-grid,diagonal,288,2,2,4,true,37440,4,1,3,3,51;54;56,0.00037393162393162396,0,,1,1,1,nan,1,1,nan,nan,0,nan,50d619f4be67b356dcbc907e1cc3f8d27f10223a,inverted
nasa-structure-v1,vavilov-crater,diagonal,288,2,2,4,true,37440,4,1,3,3,51;54;56,0,0,,1,1,1,nan,1,1,nan,nan,0,nan,50d619f4be67b356dcbc907e1cc3f8d27f10223a,inverted
nasa-structure-v1,(pooled),diagonal,288,2,2,4,true,112320,4,1,3,3,51;54;56,0.00012464387464387465,0,,1,1,1,nan,1,1,nan,nan,0,nan,50d619f4be67b356dcbc907e1cc3f8d27f10223a,inverted
nasa-structure-v1,earth-limb-sunrise,cross,76,2,2,4,true,2584,5,1,3,3,51;54;56,0,0,,1,1,1,nan,1,1,nan,nan,0,nan,50d619f4be67b356dcbc907e1cc3f8d27f10223a,inverted
nasa-structure-v1,phoenix-night-grid,cross,76,2,2,4,true,2584,5,1,3,3,51;54;56,0,0,,1,1,1,nan,1,1,nan,nan,0,nan,50d619f4be67b356dcbc907e1cc3f8d27f10223a,inverted
nasa-structure-v1,vavilov-crater,cross,76,2,2,4,true,2584,5,1,3,3,51;54;56,0,0,,1,1,1,nan,1,1,nan,nan,0,nan,50d619f4be67b356dcbc907e1cc3f8d27f10223a,inverted
nasa-structure-v1,(pooled),cross,76,2,2,4,true,7752,5,1,3,3,51;54;56,0,0,,1,1,1,nan,1,1,nan,nan,0,nan,50d619f4be67b356dcbc907e1cc3f8d27f10223a,inverted
nasa-structure-v1,earth-limb-sunrise,cross,80,2,2,4,true,2880,5,1,3,3,51;54;56,0,0,,1,1,1,nan,1,1,nan,nan,0,nan,50d619f4be67b356dcbc907e1cc3f8d27f10223a,inverted
nasa-structure-v1,phoenix-night-grid,cross,80,2,2,4,true,2880,5,1,3,3,51;54;56,0,0,,1,1,1,nan,1,1,nan,nan,0,nan,50d619f4be67b356dcbc907e1cc3f8d27f10223a,inverted
nasa-structure-v1,vavilov-crater,cross,80,2,2,4,true,2880,5,1,3,3,51;54;56,0,0,,1,1,1,nan,1,1,nan,nan,0,nan,50d619f4be67b356dcbc907e1cc3f8d27f10223a,inverted
nasa-structure-v1,(pooled),cross,80,2,2,4,true,8640,5,1,3,3,51;54;56,0,0,,1,1,1,nan,1,1,nan,nan,0,nan,50d619f4be67b356dcbc907e1cc3f8d27f10223a,inverted
nasa-structure-v1,earth-limb-sunrise,cross,288,2,2,4,true,37440,5,1,3,3,51;54;56,0,0,,1,1,1,nan,1,1,nan,nan,0,nan,50d619f4be67b356dcbc907e1cc3f8d27f10223a,inverted
nasa-structure-v1,phoenix-night-grid,cross,288,2,2,4,true,37440,5,1,3,3,51;54;56,0.00037393162393162396,0,,1,1,1,nan,1,1,nan,nan,0,nan,50d619f4be67b356dcbc907e1cc3f8d27f10223a,inverted
nasa-structure-v1,vavilov-crater,cross,288,2,2,4,true,37440,5,1,3,3,51;54;56,0,0,,1,1,1,nan,1,1,nan,nan,0,nan,50d619f4be67b356dcbc907e1cc3f8d27f10223a,inverted
nasa-structure-v1,(pooled),cross,288,2,2,4,true,112320,5,1,3,3,51;54;56,0.00012464387464387465,0,,1,1,1,nan,1,1,nan,nan,0,nan,50d619f4be67b356dcbc907e1cc3f8d27f10223a,inverted
nasa-structure-v1,earth-limb-sunrise,diamond,76,2,2,4,true,2584,4,1,3,3,51;54;56,0,0,,1,1,1,nan,1,1,nan,nan,0,nan,50d619f4be67b356dcbc907e1cc3f8d27f10223a,inverted
nasa-structure-v1,phoenix-night-grid,diamond,76,2,2,4,true,2584,4,1,3,3,51;54;56,0,0,,1,1,1,nan,1,1,nan,nan,0,nan,50d619f4be67b356dcbc907e1cc3f8d27f10223a,inverted
nasa-structure-v1,vavilov-crater,diamond,76,2,2,4,true,2584,4,1,3,3,51;54;56,0,0,,1,1,1,nan,1,1,nan,nan,0,nan,50d619f4be67b356dcbc907e1cc3f8d27f10223a,inverted
nasa-structure-v1,(pooled),diamond,76,2,2,4,true,7752,4,1,3,3,51;54;56,0,0,,1,1,1,nan,1,1,nan,nan,0,nan,50d619f4be67b356dcbc907e1cc3f8d27f10223a,inverted
nasa-structure-v1,earth-limb-sunrise,diamond,80,2,2,4,true,2880,4,1,3,3,51;54;56,0,0,,1,1,1,nan,1,1,nan,nan,0,nan,50d619f4be67b356dcbc907e1cc3f8d27f10223a,inverted
nasa-structure-v1,phoenix-night-grid,diamond,80,2,2,4,true,2880,4,1,3,3,51;54;56,0,0,,1,1,1,nan,1,1,nan,nan,0,nan,50d619f4be67b356dcbc907e1cc3f8d27f10223a,inverted
nasa-structure-v1,vavilov-crater,diamond,80,2,2,4,true,2880,4,1,3,3,51;54;56,0,0,,1,1,1,nan,1,1,nan,nan,0,nan,50d619f4be67b356dcbc907e1cc3f8d27f10223a,inverted
nasa-structure-v1,(pooled),diamond,80,2,2,4,true,8640,4,1,3,3,51;54;56,0,0,,1,1,1,nan,1,1,nan,nan,0,nan,50d619f4be67b356dcbc907e1cc3f8d27f10223a,inverted
nasa-structure-v1,earth-limb-sunrise,diamond,288,2,2,4,true,37440,4,1,3,3,51;54;56,0,0,,1,1,1,nan,1,1,nan,nan,0,nan,50d619f4be67b356dcbc907e1cc3f8d27f10223a,inverted
nasa-structure-v1,phoenix-night-grid,diamond,288,2,2,4,true,37440,4,1,3,3,51;54;56,0.00037393162393162396,0,,1,1,1,nan,1,1,nan,nan,0,nan,50d619f4be67b356dcbc907e1cc3f8d27f10223a,inverted
nasa-structure-v1,vavilov-crater,diamond,288,2,2,4,true,37440,4,1,3,3,51;54;56,0,0,,1,1,1,nan,1,1,nan,nan,0,nan,50d619f4be67b356dcbc907e1cc3f8d27f10223a,inverted
nasa-structure-v1,(pooled),diamond,288,2,2,4,true,112320,4,1,3,3,51;54;56,0.00012464387464387465,0,,1,1,1,nan,1,1,nan,nan,0,nan,50d619f4be67b356dcbc907e1cc3f8d27f10223a,inverted
nasa-structure-v1,earth-limb-sunrise,mixed,76,2,2,4,true,2584,12,1,3,3,51;54;56,0,1,│,0,0,nan,0.0999530553817749,1,0,76,76,76,1,50d619f4be67b356dcbc907e1cc3f8d27f10223a,inverted
nasa-structure-v1,phoenix-night-grid,mixed,76,2,2,4,true,2584,12,1,3,3,51;54;56,0,1,│,0,0,nan,0.07676488161087036,1,0,76,76,76,1,50d619f4be67b356dcbc907e1cc3f8d27f10223a,inverted
nasa-structure-v1,vavilov-crater,mixed,76,2,2,4,true,2584,12,1,3,3,51;54;56,0,1,│,0,0,nan,0.09561654925346375,1,0,76,76,76,1,50d619f4be67b356dcbc907e1cc3f8d27f10223a,inverted
nasa-structure-v1,(pooled),mixed,76,2,2,4,true,7752,12,1,3,3,51;54;56,0,1,│,0,0,nan,0.07676488161087036,1,0,76,76,76,1,50d619f4be67b356dcbc907e1cc3f8d27f10223a,inverted
nasa-structure-v1,earth-limb-sunrise,mixed,80,2,2,4,true,2880,12,1,3,3,51;54;56,0,1,│,0,0,nan,0.1001693457365036,1,0,80,80,80,1,50d619f4be67b356dcbc907e1cc3f8d27f10223a,inverted
nasa-structure-v1,phoenix-night-grid,mixed,80,2,2,4,true,2880,12,1,3,3,51;54;56,0,1,│,0,0,nan,0.06853681802749634,1,0,80,80,80,1,50d619f4be67b356dcbc907e1cc3f8d27f10223a,inverted
nasa-structure-v1,vavilov-crater,mixed,80,2,2,4,true,2880,12,1,3,3,51;54;56,0,1,│,0,0,nan,0.09636029601097107,1,0,80,80,80,1,50d619f4be67b356dcbc907e1cc3f8d27f10223a,inverted
nasa-structure-v1,(pooled),mixed,80,2,2,4,true,8640,12,1,3,3,51;54;56,0,1,│,0,0,nan,0.06853681802749634,1,0,80,80,80,1,50d619f4be67b356dcbc907e1cc3f8d27f10223a,inverted
nasa-structure-v1,earth-limb-sunrise,mixed,288,2,2,4,true,37440,12,1,3,3,51;54;56,0,1,│,0,0,nan,0.10101258754730225,1,0,288,288,288,1,50d619f4be67b356dcbc907e1cc3f8d27f10223a,inverted
nasa-structure-v1,phoenix-night-grid,mixed,288,2,2,4,true,37440,12,1,3,3,51;54;56,0.00037393162393162396,1,│,0.0005074786324786325,0.0005074786324786325,1,0.04114401340484619,2,0.0010416666666666667,226.6727272727273,288,288,0.9997593647228684,50d619f4be67b356dcbc907e1cc3f8d27f10223a,inverted
nasa-structure-v1,vavilov-crater,mixed,288,2,2,4,true,37440,12,1,3,3,51;54;56,0,1,│,0,0,nan,0.0905877873301506,1,0,288,288,288,1,50d619f4be67b356dcbc907e1cc3f8d27f10223a,inverted
nasa-structure-v1,(pooled),mixed,288,2,2,4,true,112320,12,1,3,3,51;54;56,0.00012464387464387465,1,│,0.00016915954415954416,0.00016915954415954416,1,0.04114401340484619,2,0.00034722222222222224,264.1905882352941,288,288,0.9999198439629144,50d619f4be67b356dcbc907e1cc3f8d27f10223a,inverted
nasa-structure-v1,earth-limb-sunrise,braille,76,2,2,4,true,2584,256,1,3,3,51;54;56,0,224,,0,0,nan,0.00676705501973629,12,0.032507739938080496,31.645569620253166,76,76,0.98,50d619f4be67b356dcbc907e1cc3f8d27f10223a,inverted
nasa-structure-v1,phoenix-night-grid,braille,76,2,2,4,true,2584,256,1,3,3,51;54;56,0,224,,0,0,nan,0.0037532649002969265,15,0.015092879256965945,1.455949656750572,3,16,0.10137524557956779,50d619f4be67b356dcbc907e1cc3f8d27f10223a,inverted
nasa-structure-v1,vavilov-crater,braille,76,2,2,4,true,2584,256,1,3,3,51;54;56,0,224,,0,0,nan,0.014804152771830559,7,0.13893188854489164,2.569284064665127,8,26,0.4552808988764045,50d619f4be67b356dcbc907e1cc3f8d27f10223a,inverted
nasa-structure-v1,(pooled),braille,76,2,2,4,true,7752,256,1,3,3,51;54;56,0,224,,0,0,nan,0.0037532649002969265,15,0.06217750257997936,2.6995915336056444,7,76,0.5118294360385145,50d619f4be67b356dcbc907e1cc3f8d27f10223a,inverted
nasa-structure-v1,earth-limb-sunrise,braille,80,2,2,4,true,2880,256,1,3,3,51;54;56,0,224,,0,0,nan,0.010253113694489002,12,0.03159722222222222,33.20238095238095,80,80,0.9799211186805307,50d619f4be67b356dcbc907e1cc3f8d27f10223a,inverted
nasa-structure-v1,phoenix-night-grid,braille,80,2,2,4,true,2880,256,1,3,3,51;54;56,0,224,,0,0,nan,0.001843512523919344,17,0.016666666666666666,1.4537987679671458,3,15,0.0903954802259887,50d619f4be67b356dcbc907e1cc3f8d27f10223a,inverted
nasa-structure-v1,vavilov-crater,braille,80,2,2,4,true,2880,256,1,3,3,51;54;56,0,224,,0,0,nan,0.01500192005187273,7,0.13958333333333334,2.575883575883576,8,24,0.44713478611783697,50d619f4be67b356dcbc907e1cc3f8d27f10223a,inverted
nasa-structure-v1,(pooled),braille,80,2,2,4,true,8640,256,1,3,3,51;54;56,0,224,,0,0,nan,0.001843512523919344,17,0.06261574074074074,2.7050768203072812,7,80,0.5058649215952586,50d619f4be67b356dcbc907e1cc3f8d27f10223a,inverted
nasa-structure-v1,earth-limb-sunrise,braille,288,2,2,4,true,37440,256,1,3,3,51;54;56,0,224,,0,0,nan,0.008003541268408298,12,0.033386752136752136,44.789603960396036,288,288,0.9767615363360044,50d619f4be67b356dcbc907e1cc3f8d27f10223a,inverted
nasa-structure-v1,phoenix-night-grid,braille,288,2,2,4,true,37440,256,1,3,3,51;54;56,0.00037393162393162396,224,,0.00037393162393162396,0,1,0.0016016035806387663,19,0.028552350427350427,1.6406983038614218,4,65,0.1949905144208298,50d619f4be67b356dcbc907e1cc3f8d27f10223a,inverted
nasa-structure-v1,vavilov-crater,braille,288,2,2,4,true,37440,256,1,3,3,51;54;56,0,224,,0,0,nan,0.008899914100766182,12,0.16682692307692307,2.179721892250716,6,31,0.326184522664615,50d619f4be67b356dcbc907e1cc3f8d27f10223a,inverted
nasa-structure-v1,(pooled),braille,288,2,2,4,true,112320,256,1,3,3,51;54;56,0.00012464387464387465,224,,0.00012464387464387465,0,1,0.0016016035806387663,19,0.07625534188034189,2.7826051975219244,5,288,0.5071177292660595,50d619f4be67b356dcbc907e1cc3f8d27f10223a,inverted
nasa-occupancy-v1,apollo11-bootprint,standard,76,2,2,4,true,2584,95,1,3,3,51;54;56,0,3,|}j,0.369969040247678,0.015092879256965945,1,0.001836371491663158,14,0.015092879256965945,1.590625,4,20,0.14970530451866404,50d619f4be67b356dcbc907e1cc3f8d27f10223a,inverted
nasa-occupancy-v1,apollo12-lunar-mound,standard,76,2,2,4,true,2508,95,1,3,3,51;54;56,0,3,|}j,0.5809409888357256,0.27631578947368424,1,0.0017478049267083406,13,0.27631578947368424,1.671270718232044,4,31,0.2115702479338843,50d619f4be67b356dcbc907e1cc3f8d27f10223a,inverted
nasa-occupancy-v1,aurora-expedition23,standard,76,2,2,4,true,1748,95,1,3,3,51;54;56,0,3,|}j,0.42848970251716245,0.14244851258581237,1,0.00217999005690217,15,0.14244851258581237,3.6921182266009853,16,76,0.6410940627084724,50d619f4be67b356dcbc907e1cc3f8d27f10223a,inverted
nasa-occupancy-v1,aurora-sts62,standard,76,2,2,4,true,1672,95,1,3,3,51;54;56,0,3,|}j,0.8654306220095693,0.7314593301435407,1,0.0021894045639783144,14,0.7314593301435407,3.2773722627737225,12,33,0.6035634743875279,50d619f4be67b356dcbc907e1cc3f8d27f10223a,inverted
nasa-occupancy-v1,calbuco-plume,standard,76,2,2,4,true,2356,95,1,3,3,51;54;56,0,3,|}j,0.31621392190152803,0,1,0.0021027205511927605,14,0,2.291828793774319,7,25,0.40195246179966043,50d619f4be67b356dcbc907e1cc3f8d27f10223a,inverted
nasa-occupancy-v1,carina-cosmic-cliffs,standard,76,2,2,4,true,1444,95,1,3,3,51;54;56,0,3,|}j,0.324792243767313,0,1,0.001955354120582342,12,0,2.7504761904761903,10,31,0.5152354570637119,50d619f4be67b356dcbc907e1cc3f8d27f10223a,inverted
nasa-occupancy-v1,cernan-portrait,standard,76,2,2,4,true,3268,95,1,3,3,51;54;56,0.0003059975520195838,3,|}j,0.5633414932680538,0.2178702570379437,1,0.0020795054733753204,15,0.2178702570379437,3.736842105263158,13,67,0.6447574334898278,50d619f4be67b356dcbc907e1cc3f8d27f10223a,inverted
nasa-occupancy-v1,daedalia-planum,standard,76,2,2,4,true,5776,95,1,3,3,51;54;56,0,3,|}j,0.47506925207756234,0.2775277008310249,1,0.0015220388304442167,13,0.2775277008310249,2.8063214525891054,9,26,0.5070692547328062,50d619f4be67b356dcbc907e1cc3f8d27f10223a,inverted
nasa-occupancy-v1,earth-night-iss-090323,standard,76,2,2,4,true,1672,95,1,3,3,51;54;56,0,3,|}j,0.8690191387559809,0.7763157894736842,1,0.0023587653413414955,6,0.7763157894736842,2.367088607594937,8,17,0.4090909090909091,50d619f4be67b356dcbc907e1cc3f8d27f10223a,inverted
nasa-occupancy-v1,earth-night-iss-091208,standard,76,2,2,4,true,1672,95,1,3,3,51;54;56,0,3,|}j,0.8092105263157895,0.5956937799043063,1,0.0019850514363497496,9,0.5956937799043063,3.1152073732718892,12,34,0.5281065088757396,50d619f4be67b356dcbc907e1cc3f8d27f10223a,inverted
nasa-occupancy-v1,iani-chaos,standard,76,2,2,4,true,5548,95,1,3,3,51;54;56,0,3,|}j,0.5389329488103821,0.30227108868060565,1,0.00159031106159091,14,0.30227108868060565,1.9912551440329218,5,24,0.28313097390855074,50d619f4be67b356dcbc907e1cc3f8d27f10223a,inverted
nasa-occupancy-v1,infrared-color-explosion,standard,76,2,2,4,true,2584,95,1,3,3,51;54;56,0,3,|}j,0.4458204334365325,0.025541795665634675,1,0.0019823964685201645,15,0.025541795665634675,3.2406692406692406,11,41,0.5762509928514694,50d619f4be67b356dcbc907e1cc3f8d27f10223a,inverted
nasa-occupancy-v1,james-lovell-portrait,standard,76,2,2,4,true,3420,95,1,3,3,51;54;56,0.20087719298245615,3,|}j,0.8695906432748538,0.0005847953216374269,1,0.001457260106690228,15,0.0005847953216374269,2.749798873692679,6,76,0.5354008191925103,50d619f4be67b356dcbc907e1cc3f8d27f10223a,inverted
nasa-occupancy-v1,mark-lee-portrait,standard,76,2,2,4,true,3192,95,1,3,3,51;54;56,0.0003132832080200501,3,|}j,0.7531328320802005,0.04981203007518797,1,0.0014492810005322099,15,0.04981203007518797,2.144978783592645,6,35,0.3600395647873393,50d619f4be67b356dcbc907e1cc3f8d27f10223a,inverted
nasa-occupancy-v1,marsha-ivins-portrait,standard,76,2,2,4,true,3268,95,1,3,3,51;54;56,0.0006119951040391676,3,|}j,0.48561811505507957,0.03090575275397797,1,0.0018711024895310402,15,0.03090575275397797,2.3167520117044624,8,57,0.4565835175244711,50d619f4be67b356dcbc907e1cc3f8d27f10223a,inverted
nasa-occupancy-v1,multicolor-aurora,standard,76,2,2,4,true,1748,95,1,3,3,51;54;56,0,3,|}j,0.8758581235697941,0.7425629290617849,1,0.002335142344236374,8,0.7425629290617849,9.574468085106384,34,38,0.8933333333333333,50d619f4be67b356dcbc907e1cc3f8d27f10223a,inverted
nasa-occupancy-v1,new-york-night,standard,76,2,2,4,true,1672,95,1,3,3,51;54;56,0,3,|}j,0.9294258373205742,0.8313397129186603,1,0.0020807855762541294,7,0.8313397129186603,1.8311688311688312,5,8,0.20212765957446807,50d619f4be67b356dcbc907e1cc3f8d27f10223a,inverted
nasa-occupancy-v1,rcs-function-diagram,standard,76,2,2,4,true,2052,95,1,0,3,51;54;56,0.8313840155945419,3,|}j,1,0,1,nan,7,0,8.844827586206897,39,76,0.8932748538011696,50d619f4be67b356dcbc907e1cc3f8d27f10223a,inverted
nasa-occupancy-v1,reentry-communications-diagram,standard,76,2,2,4,true,3192,95,1,0,3,51;54;56,0.6945488721804511,3,|}j,0.9962406015037594,0,1,0.001900007831864059,13,0,5.9663551401869155,29,76,0.8057644110275689,50d619f4be67b356dcbc907e1cc3f8d27f10223a,inverted
nasa-occupancy-v1,rocket-systems-diagram,standard,76,2,2,4,true,2052,95,1,0,3,51;54;56,0.6793372319688109,3,|}j,0.9985380116959064,0,1,0.002275079023092985,7,0,5.684210526315789,28,76,0.800682261208577,50d619f4be67b356dcbc907e1cc3f8d27f10223a,inverted
nasa-occupancy-v1,san-francisco-night,standard,76,2,2,4,true,1672,95,1,3,3,51;54;56,0,3,|}j,0.52811004784689,0.3684210526315789,1,0.002057007048279047,13,0.3684210526315789,3.142857142857143,12,41,0.5710227272727273,50d619f4be67b356dcbc907e1cc3f8d27f10223a,inverted
nasa-occupancy-v1,saturn-infrared,standard,76,2,2,4,true,1368,95,1,3,3,51;54;56,0,3,|}j,0.6469298245614035,0.4766081871345029,1,0.0018845248268917203,14,0.4766081871345029,3.977777777777778,13,51,0.6354748603351955,50d619f4be67b356dcbc907e1cc3f8d27f10223a,inverted
nasa-occupancy-v1,spacecraft-attitude-diagram,standard,76,2,2,4,true,2052,95,1,0,3,51;54;56,0.7470760233918129,3,|}j,0.9995126705653021,0,1,0.0023840656504034996,7,0,7.225352112676056,27,76,0.8620857699805068,50d619f4be67b356dcbc907e1cc3f8d27f10223a,inverted
nasa-occupancy-v1,tarantula-spitzer-3color,standard,76,2,2,4,true,1444,95,1,3,3,51;54;56,0,3,|}j,0.5678670360110804,0.15166204986149584,1,0.002184393350034952,13,0.15166204986149584,3.0934343434343434,9,18,0.5273469387755102,50d619f4be67b356dcbc907e1cc3f8d27f10223a,inverted
nasa-occupancy-v1,(pooled),standard,76,2,2,4,true,59964,95,1,3,3,51;54;56,0.12575878860649722,3,|}j,0.6558268294309919,0.2166800080048029,1,0.0014492810005322099,15,0.2166800080048029,2.8299192673816123,9,76,0.5291988673862597,50d619f4be67b356dcbc907e1cc3f8d27f10223a,inverted
nasa-occupancy-v1,apollo11-bootprint,standard,80,2,2,4,true,2880,95,1,3,3,51;54;56,0,3,|}j,0.3795138888888889,0.014583333333333334,1,0.0017932222690433264,15,0.014583333333333334,1.544069640914037,4,19,0.14094432699083861,50d619f4be67b356dcbc907e1cc3f8d27f10223a,inverted
nasa-occupancy-v1,apollo12-lunar-mound,standard,80,2,2,4,true,2800,95,1,3,3,51;54;56,0,3,|}j,0.5757142857142857,0.27785714285714286,1,0.0016467752866446972,13,0.27785714285714286,1.6506122448979592,4,33,0.1904055390702275,50d619f4be67b356dcbc907e1cc3f8d27f10223a,inverted
nasa-occupancy-v1,aurora-expedition23,standard,80,2,2,4,true,1920,95,1,3,3,51;54;56,0.0005208333333333333,3,|}j,0.43125,0.14479166666666668,1,0.0013919069897383451,15,0.14479166666666668,3.9282296650717705,18,79,0.646163215590743,50d619f4be67b356dcbc907e1cc3f8d27f10223a,inverted
nasa-occupancy-v1,aurora-sts62,standard,80,2,2,4,true,1840,95,1,3,3,51;54;56,0,3,|}j,0.8760869565217392,0.7375,1,0.002278353087604046,15,0.7375,3.5255474452554743,13,36,0.6066252587991718,50d619f4be67b356dcbc907e1cc3f8d27f10223a,inverted
nasa-occupancy-v1,calbuco-plume,standard,80,2,2,4,true,2560,95,1,3,3,51;54;56,0,3,|}j,0.312109375,0,1,0.0020634722895920277,14,0,2.302158273381295,7,27,0.3921875,50d619f4be67b356dcbc907e1cc3f8d27f10223a,inverted
nasa-occupancy-v1,carina-cosmic-cliffs,standard,80,2,2,4,true,1680,95,1,3,3,51;54;56,0,3,|}j,0.3351190476190476,0.0005952380952380953,1,0.0020540780387818813,13,0.0005952380952380953,2.7660626029654036,10,34,0.4806432400238237,50d619f4be67b356dcbc907e1cc3f8d27f10223a,inverted
nasa-occupancy-v1,cernan-portrait,standard,80,2,2,4,true,3600,95,1,3,3,51;54;56,0,3,|}j,0.5677777777777778,0.21666666666666667,1,0.0019466832745820284,15,0.21666666666666667,3.8683127572016462,15,70,0.6524822695035462,50d619f4be67b356dcbc907e1cc3f8d27f10223a,inverted
nasa-occupancy-v1,daedalia-planum,standard,80,2,2,4,true,6400,95,1,3,3,51;54;56,0,3,|}j,0.47515625,0.27828125,1,0.0015819937689229846,13,0.27828125,2.747769185008923,9,29,0.5037886988525655,50d619f4be67b356dcbc907e1cc3f8d27f10223a,inverted
nasa-occupancy-v1,earth-night-iss-090323,standard,80,2,2,4,true,1920,95,1,3,3,51;54;56,0,3,|}j,0.8697916666666666,0.78125,1,0.0023110441397875547,7,0.78125,2.27027027027027,6,15,0.36666666666666664,50d619f4be67b356dcbc907e1cc3f8d27f10223a,inverted
nasa-occupancy-v1,earth-night-iss-091208,standard,80,2,2,4,true,1920,95,1,3,3,51;54;56,0,3,|}j,0.8151041666666666,0.6010416666666667,1,0.002096212934702635,9,0.6010416666666667,3.027667984189723,12,34,0.5195822454308094,50d619f4be67b356dcbc907e1cc3f8d27f10223a,inverted
nasa-occupancy-v1,iani-chaos,standard,80,2,2,4,true,6160,95,1,3,3,51;54;56,0,3,|}j,0.5423701298701299,0.3047077922077922,1,0.0015845362795516849,13,0.3047077922077922,1.988393686165274,5,25,0.27293952836796637,50d619f4be67b356dcbc907e1cc3f8d27f10223a,inverted
nasa-occupancy-v1,infrared-color-explosion,standard,80,2,2,4,true,2880,95,1,3,3,51;54;56,0,3,|}j,0.44305555555555554,0.028125,1,0.0017683974001556635,15,0.028125,3.209862385321101,11,39,0.5669882100750268,50d619f4be67b356dcbc907e1cc3f8d27f10223a,inverted
nasa-occupancy-v1,james-lovell-portrait,standard,80,2,2,4,true,3760,95,1,3,3,51;54;56,0.20319148936170212,3,|}j,0.8694148936170213,0.0013297872340425532,1,0.001578472089022398,15,0.0013297872340425532,2.8468536770280517,7,80,0.5430093209054594,50d619f4be67b356dcbc907e1cc3f8d27f10223a,inverted
nasa-occupancy-v1,mark-lee-portrait,standard,80,2,2,4,true,3600,95,1,3,3,51;54;56,0.0005555555555555556,3,|}j,0.7513888888888889,0.05,1,0.0014354054583236575,15,0.05,2.0930232558139537,6,37,0.36608187134502923,50d619f4be67b356dcbc907e1cc3f8d27f10223a,inverted
nasa-occupancy-v1,marsha-ivins-portrait,standard,80,2,2,4,true,3600,95,1,3,3,51;54;56,0.0002777777777777778,3,|}j,0.4925,0.029166666666666667,1,0.0018203819636255503,15,0.029166666666666667,2.369491525423729,8,60,0.4374821173104435,50d619f4be67b356dcbc907e1cc3f8d27f10223a,inverted
nasa-occupancy-v1,multicolor-aurora,standard,80,2,2,4,true,1920,95,1,3,3,51;54;56,0,3,|}j,0.8895833333333333,0.7427083333333333,1,0.0024652634747326374,7,0.7427083333333333,9.320754716981131,30,37,0.9068825910931174,50d619f4be67b356dcbc907e1cc3f8d27f10223a,inverted
nasa-occupancy-v1,new-york-night,standard,80,2,2,4,true,1840,95,1,3,3,51;54;56,0,3,|}j,0.9304347826086956,0.8315217391304348,1,0.0022632726468145847,9,0.8315217391304348,1.8235294117647058,5,9,0.1935483870967742,50d619f4be67b356dcbc907e1cc3f8d27f10223a,inverted
nasa-occupancy-v1,rcs-function-diagram,standard,80,2,2,4,true,2320,95,1,0,3,51;54;56,0.8375,3,|}j,0.9982758620689656,0,1,0.0021060178987681866,9,0,9.707112970711297,41,80,0.8987068965517241,50d619f4be67b356dcbc907e1cc3f8d27f10223a,inverted
nasa-occupancy-v1,reentry-communications-diagram,standard,80,2,2,4,true,3600,95,1,0,3,51;54;56,0.6997222222222222,3,|}j,0.9966666666666667,0,1,0.0011273573618382215,13,0,5.678233438485805,24,80,0.7916666666666666,50d619f4be67b356dcbc907e1cc3f8d27f10223a,inverted
nasa-occupancy-v1,rocket-systems-diagram,standard,80,2,2,4,true,2320,95,1,0,3,51;54;56,0.6827586206896552,3,|}j,0.9987068965517242,0,1,0.002419354859739542,7,0,5.523809523809524,27,80,0.7870689655172414,50d619f4be67b356dcbc907e1cc3f8d27f10223a,inverted
nasa-occupancy-v1,san-francisco-night,standard,80,2,2,4,true,1920,95,1,3,3,51;54;56,0,3,|}j,0.546875,0.36354166666666665,1,0.0020605633035302162,13,0.36354166666666665,3.2073490813648293,12,34,0.5785597381342062,50d619f4be67b356dcbc907e1cc3f8d27f10223a,inverted
nasa-occupancy-v1,saturn-infrared,standard,80,2,2,4,true,1520,95,1,3,3,51;54;56,0,3,|}j,0.6657894736842105,0.4875,1,0.0019740599673241377,15,0.4875,3.8756218905472637,13,51,0.6264441591784339,50d619f4be67b356dcbc907e1cc3f8d27f10223a,inverted
nasa-occupancy-v1,spacecraft-attitude-diagram,standard,80,2,2,4,true,2320,95,1,0,3,51;54;56,0.7685344827586207,3,|}j,0.9991379310344828,0,1,0.0025855600833892822,7,0,7.182662538699691,27,80,0.8547413793103448,50d619f4be67b356dcbc907e1cc3f8d27f10223a,inverted
nasa-occupancy-v1,tarantula-spitzer-3color,standard,80,2,2,4,true,1600,95,1,3,3,51;54;56,0,3,|}j,0.55625,0.151875,1,0.002191907027736306,12,0.151875,3.029017857142857,9,19,0.5217391304347826,50d619f4be67b356dcbc907e1cc3f8d27f10223a,inverted
nasa-occupancy-v1,(pooled),standard,80,2,2,4,true,66880,95,1,3,3,51;54;56,0.12854366028708133,3,|}j,0.6594198564593301,0.2176584928229665,1,0.0011273573618382215,15,0.2176584928229665,2.8270477631294577,9,80,0.5236702788448675,50d619f4be67b356dcbc907e1cc3f8d27f10223a,inverted
nasa-occupancy-v1,apollo11-bootprint,standard,288,2,2,4,true,37440,95,1,3,3,51;54;56,0,3,|}j,0.45723824786324785,0.035550213675213674,1,0.0014816332841292024,15,0.035550213675213674,1.6464821485568373,4,26,0.1640034340469135,50d619f4be67b356dcbc907e1cc3f8d27f10223a,inverted
nasa-occupancy-v1,apollo12-lunar-mound,standard,288,2,2,4,true,36288,95,1,3,3,51;54;56,2.755731922398589e-05,3,|}j,0.6418375220458554,0.2942846119929453,1,0.0014593061059713364,15,0.2942846119929453,1.642866307415961,4,108,0.18431020344410168,50d619f4be67b356dcbc907e1cc3f8d27f10223a,inverted
nasa-occupancy-v1,aurora-expedition23,standard,288,2,2,4,true,25632,95,1,3,3,51;54;56,0.019975031210986267,3,|}j,0.4326232833957553,0.14474094881398253,1,0.0013506957329809666,15,0.14474094881398253,6.844208554480175,20,288,0.8201350241766262,50d619f4be67b356dcbc907e1cc3f8d27f10223a,inverted
nasa-occupancy-v1,aurora-sts62,standard,288,2,2,4,true,24768,95,1,3,3,51;54;56,0.001736111111111111,3,|}j,0.8705184108527132,0.7393410852713178,1,0.0021709708962589502,15,0.7393410852713178,6.868085106382979,28,128,0.8232651796778191,50d619f4be67b356dcbc907e1cc3f8d27f10223a,inverted
nasa-occupancy-v1,calbuco-plume,standard,288,2,2,4,true,33696,95,1,3,3,51;54;56,8.903133903133904e-05,3,|}j,0.3173076923076923,0,1,0.0021877880208194256,14,0,3.239688491491203,9,92,0.5527659069325735,50d619f4be67b356dcbc907e1cc3f8d27f10223a,inverted
nasa-occupancy-v1,carina-cosmic-cliffs,standard,288,2,2,4,true,21600,95,1,3,3,51;54;56,9.259259259259259e-05,3,|}j,0.3519907407407407,0.005046296296296296,1,0.0015530631644651294,15,0.005046296296296296,3.3242072699149263,12,122,0.6011818900935275,50d619f4be67b356dcbc907e1cc3f8d27f10223a,inverted
nasa-occupancy-v1,cernan-portrait,standard,288,2,2,4,true,46944,95,1,3,3,51;54;56,6.390593047034765e-05,3,|}j,0.5731935923653715,0.23694188820722564,1,0.0012793466448783875,15,0.23694188820722564,7.120055654939376,29,250,0.8448396192177773,50d619f4be67b356dcbc907e1cc3f8d27f10223a,inverted
nasa-occupancy-v1,daedalia-planum,standard,288,2,2,4,true,83232,95,1,3,3,51;54;56,2.4029219530949635e-05,3,|}j,0.4947856593617839,0.28776191849288735,1,0.001663867849856615,15,0.28776191849288735,2.220927618762176,6,76,0.3697980803292792,50d619f4be67b356dcbc907e1cc3f8d27f10223a,inverted
nasa-occupancy-v1,earth-night-iss-090323,standard,288,2,2,4,true,25056,95,1,3,3,51;54;56,0,3,|}j,0.8874920178799489,0.7999281609195402,1,0.0017324949149042368,11,0.7999281609195402,2.0835411471321694,6,26,0.30440853780171556,50d619f4be67b356dcbc907e1cc3f8d27f10223a,inverted
nasa-occupancy-v1,earth-night-iss-091208,standard,288,2,2,4,true,25056,95,1,3,3,51;54;56,0,3,|}j,0.8342512771392082,0.6259578544061303,1,0.001878308248706162,13,0.6259578544061303,3.04582385440364,8,128,0.5447076397780624,50d619f4be67b356dcbc907e1cc3f8d27f10223a,inverted
nasa-occupancy-v1,iani-chaos,standard,288,2,2,4,true,80352,95,1,3,3,51;54;56,0,3,|}j,0.566084229390681,0.31371963361210675,1,0.0015119739109650254,15,0.31371963361210675,2.8143309176278453,9,92,0.49392499637313214,50d619f4be67b356dcbc907e1cc3f8d27f10223a,inverted
nasa-occupancy-v1,infrared-color-explosion,standard,288,2,2,4,true,37440,95,1,3,3,51;54;56,8.012820512820513e-05,3,|}j,0.4890224358974359,0.051923076923076926,1,0.001957918517291546,15,0.051923076923076926,4.186342729095412,15,71,0.6901059274284427,50d619f4be67b356dcbc907e1cc3f8d27f10223a,inverted
nasa-occupancy-v1,james-lovell-portrait,standard,288,2,2,4,true,49248,95,1,3,3,51;54;56,0.20778508771929824,3,|}j,0.8652331059129305,0.005990090968161143,1,0.00161114486400038,15,0.005990090968161143,4.086568160948326,9,288,0.6659040303965028,50d619f4be67b356dcbc907e1cc3f8d27f10223a,inverted
nasa-occupancy-v1,mark-lee-portrait,standard,288,2,2,4,true,46656,95,1,3,3,51;54;56,0.001736111111111111,3,|}j,0.7728909465020576,0.07214506172839506,1,0.0014047458535060287,15,0.07214506172839506,3.2468311707792696,10,154,0.589027489027489,50d619f4be67b356dcbc907e1cc3f8d27f10223a,inverted
nasa-occupancy-v1,marsha-ivins-portrait,standard,288,2,2,4,true,47232,95,1,3,3,51;54;56,0.0010797764227642277,3,|}j,0.5023501016260162,0.041920731707317076,1,0.0016514055896550417,15,0.041920731707317076,3.7358210187401966,12,224,0.6405683726686113,50d619f4be67b356dcbc907e1cc3f8d27f10223a,inverted
nasa-occupancy-v1,multicolor-aurora,standard,288,2,2,4,true,25056,95,1,3,3,51;54;56,0,3,|}j,0.8872924648786717,0.7498004469987228,1,0.0023540782276540995,9,0.7498004469987228,19.901587301587302,95,150,0.9621949274206413,50d619f4be67b356dcbc907e1cc3f8d27f10223a,inverted
nasa-occupancy-v1,new-york-night,standard,288,2,2,4,true,24480,95,1,3,3,51;54;56,0,3,|}j,0.9303104575163399,0.8387254901960784,1,0.0019174329936504364,12,0.8387254901960784,1.6293850598431696,4,19,0.1540020263424519,50d619f4be67b356dcbc907e1cc3f8d27f10223a,inverted
nasa-occupancy-v1,rcs-function-diagram,standard,288,2,2,4,true,29952,95,1,0,3,51;54;56,0.9215411324786325,3,|}j,0.991386217948718,0,1,0.0008941618143580854,13,0,13.94413407821229,95,288,0.9214743589743589,50d619f4be67b356dcbc907e1cc3f8d27f10223a,inverted
nasa-occupancy-v1,reentry-communications-diagram,standard,288,2,2,4,true,46656,95,1,0,3,51;54;56,0.876693244170096,3,|}j,0.9906550068587106,0.00030006858710562417,1,0.0008088562753982842,15,0.00030006858710562417,9.054940788196467,48,288,0.8857896316624502,50d619f4be67b356dcbc907e1cc3f8d27f10223a,inverted
nasa-occupancy-v1,rocket-systems-diagram,standard,288,2,2,4,true,29952,95,1,0,3,51;54;56,0.8292601495726496,3,|}j,0.9821380876068376,0,1,0.0010102984961122274,13,0,6.459348716842786,15,288,0.8108306623931624,50d619f4be67b356dcbc907e1cc3f8d27f10223a,inverted
nasa-occupancy-v1,san-francisco-night,standard,288,2,2,4,true,25056,95,1,3,3,51;54;56,0,3,|}j,0.5516044061302682,0.3711286717752235,1,0.0017089431639760733,15,0.3711286717752235,4.6728944246737845,19,125,0.7397981849336802,50d619f4be67b356dcbc907e1cc3f8d27f10223a,inverted
nasa-occupancy-v1,saturn-infrared,standard,288,2,2,4,true,20160,95,1,3,3,51;54;56,0,3,|}j,0.6672123015873016,0.4996527777777778,1,0.00212189182639122,15,0.4996527777777778,7.215307582260372,28,160,0.8223455933379598,50d619f4be67b356dcbc907e1cc3f8d27f10223a,inverted
nasa-occupancy-v1,spacecraft-attitude-diagram,standard,288,2,2,4,true,29952,95,1,0,3,51;54;56,0.8948651175213675,3,|}j,0.9909521901709402,0.00030048076923076925,1,0.0004866769886575639,15,0.00030048076923076925,10.759252605102407,56,288,0.8993086865043582,50d619f4be67b356dcbc907e1cc3f8d27f10223a,inverted
nasa-occupancy-v1,tarantula-spitzer-3color,standard,288,2,2,4,true,21024,95,1,3,3,51;54;56,0,3,|}j,0.5779585235920852,0.1840753424657534,1,0.0021074367687106133,15,0.1840753424657534,3.32699767261443,12,54,0.5960125918153201,50d619f4be67b356dcbc907e1cc3f8d27f10223a,inverted
nasa-occupancy-v1,(pooled),standard,288,2,2,4,true,872928,95,1,3,3,51;54;56,0.15016129623519925,3,|}j,0.6738459529308259,0.22947940723633564,1,0.0004866769886575639,15,0.22947940723633564,3.566041937279644,10,288,0.6245233114632721,50d619f4be67b356dcbc907e1cc3f8d27f10223a,inverted
nasa-occupancy-v1,apollo11-bootprint,minimal,76,2,2,4,true,2584,10,1,3,3,51;54;56,0,0,,1,1,1,nan,1,1,nan,nan,0,nan,50d619f4be67b356dcbc907e1cc3f8d27f10223a,inverted
nasa-occupancy-v1,apollo12-lunar-mound,minimal,76,2,2,4,true,2508,10,1,3,3,51;54;56,0,0,,1,1,1,nan,1,1,nan,nan,0,nan,50d619f4be67b356dcbc907e1cc3f8d27f10223a,inverted
nasa-occupancy-v1,aurora-expedition23,minimal,76,2,2,4,true,1748,10,1,3,3,51;54;56,0,0,,1,1,1,nan,1,1,nan,nan,0,nan,50d619f4be67b356dcbc907e1cc3f8d27f10223a,inverted
nasa-occupancy-v1,aurora-sts62,minimal,76,2,2,4,true,1672,10,1,3,3,51;54;56,0,0,,1,1,1,nan,1,1,nan,nan,0,nan,50d619f4be67b356dcbc907e1cc3f8d27f10223a,inverted
nasa-occupancy-v1,calbuco-plume,minimal,76,2,2,4,true,2356,10,1,3,3,51;54;56,0,0,,1,1,1,nan,1,1,nan,nan,0,nan,50d619f4be67b356dcbc907e1cc3f8d27f10223a,inverted
nasa-occupancy-v1,carina-cosmic-cliffs,minimal,76,2,2,4,true,1444,10,1,3,3,51;54;56,0,0,,1,1,1,nan,1,1,nan,nan,0,nan,50d619f4be67b356dcbc907e1cc3f8d27f10223a,inverted
nasa-occupancy-v1,cernan-portrait,minimal,76,2,2,4,true,3268,10,1,3,3,51;54;56,0.0003059975520195838,0,,1,1,1,nan,1,1,nan,nan,0,nan,50d619f4be67b356dcbc907e1cc3f8d27f10223a,inverted
nasa-occupancy-v1,daedalia-planum,minimal,76,2,2,4,true,5776,10,1,3,3,51;54;56,0,0,,1,1,1,nan,1,1,nan,nan,0,nan,50d619f4be67b356dcbc907e1cc3f8d27f10223a,inverted
nasa-occupancy-v1,earth-night-iss-090323,minimal,76,2,2,4,true,1672,10,1,3,3,51;54;56,0,0,,1,1,1,nan,1,1,nan,nan,0,nan,50d619f4be67b356dcbc907e1cc3f8d27f10223a,inverted
nasa-occupancy-v1,earth-night-iss-091208,minimal,76,2,2,4,true,1672,10,1,3,3,51;54;56,0,0,,1,1,1,nan,1,1,nan,nan,0,nan,50d619f4be67b356dcbc907e1cc3f8d27f10223a,inverted
nasa-occupancy-v1,iani-chaos,minimal,76,2,2,4,true,5548,10,1,3,3,51;54;56,0,0,,1,1,1,nan,1,1,nan,nan,0,nan,50d619f4be67b356dcbc907e1cc3f8d27f10223a,inverted
nasa-occupancy-v1,infrared-color-explosion,minimal,76,2,2,4,true,2584,10,1,3,3,51;54;56,0,0,,1,1,1,nan,1,1,nan,nan,0,nan,50d619f4be67b356dcbc907e1cc3f8d27f10223a,inverted
nasa-occupancy-v1,james-lovell-portrait,minimal,76,2,2,4,true,3420,10,1,3,3,51;54;56,0.20087719298245615,0,,1,1,1,nan,1,1,nan,nan,0,nan,50d619f4be67b356dcbc907e1cc3f8d27f10223a,inverted
nasa-occupancy-v1,mark-lee-portrait,minimal,76,2,2,4,true,3192,10,1,3,3,51;54;56,0.0003132832080200501,0,,1,1,1,nan,1,1,nan,nan,0,nan,50d619f4be67b356dcbc907e1cc3f8d27f10223a,inverted
nasa-occupancy-v1,marsha-ivins-portrait,minimal,76,2,2,4,true,3268,10,1,3,3,51;54;56,0.0006119951040391676,0,,1,1,1,nan,1,1,nan,nan,0,nan,50d619f4be67b356dcbc907e1cc3f8d27f10223a,inverted
nasa-occupancy-v1,multicolor-aurora,minimal,76,2,2,4,true,1748,10,1,3,3,51;54;56,0,0,,1,1,1,nan,1,1,nan,nan,0,nan,50d619f4be67b356dcbc907e1cc3f8d27f10223a,inverted
nasa-occupancy-v1,new-york-night,minimal,76,2,2,4,true,1672,10,1,3,3,51;54;56,0,0,,1,1,1,nan,1,1,nan,nan,0,nan,50d619f4be67b356dcbc907e1cc3f8d27f10223a,inverted
nasa-occupancy-v1,rcs-function-diagram,minimal,76,2,2,4,true,2052,10,1,0,3,51;54;56,0.8313840155945419,0,,1,1,1,nan,1,1,nan,nan,0,nan,50d619f4be67b356dcbc907e1cc3f8d27f10223a,inverted
nasa-occupancy-v1,reentry-communications-diagram,minimal,76,2,2,4,true,3192,10,1,0,3,51;54;56,0.6945488721804511,0,,1,1,1,nan,1,1,nan,nan,0,nan,50d619f4be67b356dcbc907e1cc3f8d27f10223a,inverted
nasa-occupancy-v1,rocket-systems-diagram,minimal,76,2,2,4,true,2052,10,1,0,3,51;54;56,0.6793372319688109,0,,1,1,1,nan,1,1,nan,nan,0,nan,50d619f4be67b356dcbc907e1cc3f8d27f10223a,inverted
nasa-occupancy-v1,san-francisco-night,minimal,76,2,2,4,true,1672,10,1,3,3,51;54;56,0,0,,1,1,1,nan,1,1,nan,nan,0,nan,50d619f4be67b356dcbc907e1cc3f8d27f10223a,inverted
nasa-occupancy-v1,saturn-infrared,minimal,76,2,2,4,true,1368,10,1,3,3,51;54;56,0,0,,1,1,1,nan,1,1,nan,nan,0,nan,50d619f4be67b356dcbc907e1cc3f8d27f10223a,inverted
nasa-occupancy-v1,spacecraft-attitude-diagram,minimal,76,2,2,4,true,2052,10,1,0,3,51;54;56,0.7470760233918129,0,,1,1,1,nan,1,1,nan,nan,0,nan,50d619f4be67b356dcbc907e1cc3f8d27f10223a,inverted
nasa-occupancy-v1,tarantula-spitzer-3color,minimal,76,2,2,4,true,1444,10,1,3,3,51;54;56,0,0,,1,1,1,nan,1,1,nan,nan,0,nan,50d619f4be67b356dcbc907e1cc3f8d27f10223a,inverted
nasa-occupancy-v1,(pooled),minimal,76,2,2,4,true,59964,10,1,3,3,51;54;56,0.12575878860649722,0,,1,1,1,nan,1,1,nan,nan,0,nan,50d619f4be67b356dcbc907e1cc3f8d27f10223a,inverted
nasa-occupancy-v1,apollo11-bootprint,minimal,80,2,2,4,true,2880,10,1,3,3,51;54;56,0,0,,1,1,1,nan,1,1,nan,nan,0,nan,50d619f4be67b356dcbc907e1cc3f8d27f10223a,inverted
nasa-occupancy-v1,apollo12-lunar-mound,minimal,80,2,2,4,true,2800,10,1,3,3,51;54;56,0,0,,1,1,1,nan,1,1,nan,nan,0,nan,50d619f4be67b356dcbc907e1cc3f8d27f10223a,inverted
nasa-occupancy-v1,aurora-expedition23,minimal,80,2,2,4,true,1920,10,1,3,3,51;54;56,0.0005208333333333333,0,,1,1,1,nan,1,1,nan,nan,0,nan,50d619f4be67b356dcbc907e1cc3f8d27f10223a,inverted
nasa-occupancy-v1,aurora-sts62,minimal,80,2,2,4,true,1840,10,1,3,3,51;54;56,0,0,,1,1,1,nan,1,1,nan,nan,0,nan,50d619f4be67b356dcbc907e1cc3f8d27f10223a,inverted
nasa-occupancy-v1,calbuco-plume,minimal,80,2,2,4,true,2560,10,1,3,3,51;54;56,0,0,,1,1,1,nan,1,1,nan,nan,0,nan,50d619f4be67b356dcbc907e1cc3f8d27f10223a,inverted
nasa-occupancy-v1,carina-cosmic-cliffs,minimal,80,2,2,4,true,1680,10,1,3,3,51;54;56,0,0,,1,1,1,nan,1,1,nan,nan,0,nan,50d619f4be67b356dcbc907e1cc3f8d27f10223a,inverted
nasa-occupancy-v1,cernan-portrait,minimal,80,2,2,4,true,3600,10,1,3,3,51;54;56,0,0,,1,1,1,nan,1,1,nan,nan,0,nan,50d619f4be67b356dcbc907e1cc3f8d27f10223a,inverted
nasa-occupancy-v1,daedalia-planum,minimal,80,2,2,4,true,6400,10,1,3,3,51;54;56,0,0,,1,1,1,nan,1,1,nan,nan,0,nan,50d619f4be67b356dcbc907e1cc3f8d27f10223a,inverted
nasa-occupancy-v1,earth-night-iss-090323,minimal,80,2,2,4,true,1920,10,1,3,3,51;54;56,0,0,,1,1,1,nan,1,1,nan,nan,0,nan,50d619f4be67b356dcbc907e1cc3f8d27f10223a,inverted
nasa-occupancy-v1,earth-night-iss-091208,minimal,80,2,2,4,true,1920,10,1,3,3,51;54;56,0,0,,1,1,1,nan,1,1,nan,nan,0,nan,50d619f4be67b356dcbc907e1cc3f8d27f10223a,inverted
nasa-occupancy-v1,iani-chaos,minimal,80,2,2,4,true,6160,10,1,3,3,51;54;56,0,0,,1,1,1,nan,1,1,nan,nan,0,nan,50d619f4be67b356dcbc907e1cc3f8d27f10223a,inverted
nasa-occupancy-v1,infrared-color-explosion,minimal,80,2,2,4,true,2880,10,1,3,3,51;54;56,0,0,,1,1,1,nan,1,1,nan,nan,0,nan,50d619f4be67b356dcbc907e1cc3f8d27f10223a,inverted
nasa-occupancy-v1,james-lovell-portrait,minimal,80,2,2,4,true,3760,10,1,3,3,51;54;56,0.20319148936170212,0,,1,1,1,nan,1,1,nan,nan,0,nan,50d619f4be67b356dcbc907e1cc3f8d27f10223a,inverted
nasa-occupancy-v1,mark-lee-portrait,minimal,80,2,2,4,true,3600,10,1,3,3,51;54;56,0.0005555555555555556,0,,1,1,1,nan,1,1,nan,nan,0,nan,50d619f4be67b356dcbc907e1cc3f8d27f10223a,inverted
nasa-occupancy-v1,marsha-ivins-portrait,minimal,80,2,2,4,true,3600,10,1,3,3,51;54;56,0.0002777777777777778,0,,1,1,1,nan,1,1,nan,nan,0,nan,50d619f4be67b356dcbc907e1cc3f8d27f10223a,inverted
nasa-occupancy-v1,multicolor-aurora,minimal,80,2,2,4,true,1920,10,1,3,3,51;54;56,0,0,,1,1,1,nan,1,1,nan,nan,0,nan,50d619f4be67b356dcbc907e1cc3f8d27f10223a,inverted
nasa-occupancy-v1,new-york-night,minimal,80,2,2,4,true,1840,10,1,3,3,51;54;56,0,0,,1,1,1,nan,1,1,nan,nan,0,nan,50d619f4be67b356dcbc907e1cc3f8d27f10223a,inverted
nasa-occupancy-v1,rcs-function-diagram,minimal,80,2,2,4,true,2320,10,1,0,3,51;54;56,0.8375,0,,1,1,1,nan,1,1,nan,nan,0,nan,50d619f4be67b356dcbc907e1cc3f8d27f10223a,inverted
nasa-occupancy-v1,reentry-communications-diagram,minimal,80,2,2,4,true,3600,10,1,0,3,51;54;56,0.6997222222222222,0,,1,1,1,nan,1,1,nan,nan,0,nan,50d619f4be67b356dcbc907e1cc3f8d27f10223a,inverted
nasa-occupancy-v1,rocket-systems-diagram,minimal,80,2,2,4,true,2320,10,1,0,3,51;54;56,0.6827586206896552,0,,1,1,1,nan,1,1,nan,nan,0,nan,50d619f4be67b356dcbc907e1cc3f8d27f10223a,inverted
nasa-occupancy-v1,san-francisco-night,minimal,80,2,2,4,true,1920,10,1,3,3,51;54;56,0,0,,1,1,1,nan,1,1,nan,nan,0,nan,50d619f4be67b356dcbc907e1cc3f8d27f10223a,inverted
nasa-occupancy-v1,saturn-infrared,minimal,80,2,2,4,true,1520,10,1,3,3,51;54;56,0,0,,1,1,1,nan,1,1,nan,nan,0,nan,50d619f4be67b356dcbc907e1cc3f8d27f10223a,inverted
nasa-occupancy-v1,spacecraft-attitude-diagram,minimal,80,2,2,4,true,2320,10,1,0,3,51;54;56,0.7685344827586207,0,,1,1,1,nan,1,1,nan,nan,0,nan,50d619f4be67b356dcbc907e1cc3f8d27f10223a,inverted
nasa-occupancy-v1,tarantula-spitzer-3color,minimal,80,2,2,4,true,1600,10,1,3,3,51;54;56,0,0,,1,1,1,nan,1,1,nan,nan,0,nan,50d619f4be67b356dcbc907e1cc3f8d27f10223a,inverted
nasa-occupancy-v1,(pooled),minimal,80,2,2,4,true,66880,10,1,3,3,51;54;56,0.12854366028708133,0,,1,1,1,nan,1,1,nan,nan,0,nan,50d619f4be67b356dcbc907e1cc3f8d27f10223a,inverted
nasa-occupancy-v1,apollo11-bootprint,minimal,288,2,2,4,true,37440,10,1,3,3,51;54;56,0,0,,1,1,1,nan,1,1,nan,nan,0,nan,50d619f4be67b356dcbc907e1cc3f8d27f10223a,inverted
nasa-occupancy-v1,apollo12-lunar-mound,minimal,288,2,2,4,true,36288,10,1,3,3,51;54;56,2.755731922398589e-05,0,,1,1,1,nan,1,1,nan,nan,0,nan,50d619f4be67b356dcbc907e1cc3f8d27f10223a,inverted
nasa-occupancy-v1,aurora-expedition23,minimal,288,2,2,4,true,25632,10,1,3,3,51;54;56,0.019975031210986267,0,,1,1,1,nan,1,1,nan,nan,0,nan,50d619f4be67b356dcbc907e1cc3f8d27f10223a,inverted
nasa-occupancy-v1,aurora-sts62,minimal,288,2,2,4,true,24768,10,1,3,3,51;54;56,0.001736111111111111,0,,1,1,1,nan,1,1,nan,nan,0,nan,50d619f4be67b356dcbc907e1cc3f8d27f10223a,inverted
nasa-occupancy-v1,calbuco-plume,minimal,288,2,2,4,true,33696,10,1,3,3,51;54;56,8.903133903133904e-05,0,,1,1,1,nan,1,1,nan,nan,0,nan,50d619f4be67b356dcbc907e1cc3f8d27f10223a,inverted
nasa-occupancy-v1,carina-cosmic-cliffs,minimal,288,2,2,4,true,21600,10,1,3,3,51;54;56,9.259259259259259e-05,0,,1,1,1,nan,1,1,nan,nan,0,nan,50d619f4be67b356dcbc907e1cc3f8d27f10223a,inverted
nasa-occupancy-v1,cernan-portrait,minimal,288,2,2,4,true,46944,10,1,3,3,51;54;56,6.390593047034765e-05,0,,1,1,1,nan,1,1,nan,nan,0,nan,50d619f4be67b356dcbc907e1cc3f8d27f10223a,inverted
nasa-occupancy-v1,daedalia-planum,minimal,288,2,2,4,true,83232,10,1,3,3,51;54;56,2.4029219530949635e-05,0,,1,1,1,nan,1,1,nan,nan,0,nan,50d619f4be67b356dcbc907e1cc3f8d27f10223a,inverted
nasa-occupancy-v1,earth-night-iss-090323,minimal,288,2,2,4,true,25056,10,1,3,3,51;54;56,0,0,,1,1,1,nan,1,1,nan,nan,0,nan,50d619f4be67b356dcbc907e1cc3f8d27f10223a,inverted
nasa-occupancy-v1,earth-night-iss-091208,minimal,288,2,2,4,true,25056,10,1,3,3,51;54;56,0,0,,1,1,1,nan,1,1,nan,nan,0,nan,50d619f4be67b356dcbc907e1cc3f8d27f10223a,inverted
nasa-occupancy-v1,iani-chaos,minimal,288,2,2,4,true,80352,10,1,3,3,51;54;56,0,0,,1,1,1,nan,1,1,nan,nan,0,nan,50d619f4be67b356dcbc907e1cc3f8d27f10223a,inverted
nasa-occupancy-v1,infrared-color-explosion,minimal,288,2,2,4,true,37440,10,1,3,3,51;54;56,8.012820512820513e-05,0,,1,1,1,nan,1,1,nan,nan,0,nan,50d619f4be67b356dcbc907e1cc3f8d27f10223a,inverted
nasa-occupancy-v1,james-lovell-portrait,minimal,288,2,2,4,true,49248,10,1,3,3,51;54;56,0.20778508771929824,0,,1,1,1,nan,1,1,nan,nan,0,nan,50d619f4be67b356dcbc907e1cc3f8d27f10223a,inverted
nasa-occupancy-v1,mark-lee-portrait,minimal,288,2,2,4,true,46656,10,1,3,3,51;54;56,0.001736111111111111,0,,1,1,1,nan,1,1,nan,nan,0,nan,50d619f4be67b356dcbc907e1cc3f8d27f10223a,inverted
nasa-occupancy-v1,marsha-ivins-portrait,minimal,288,2,2,4,true,47232,10,1,3,3,51;54;56,0.0010797764227642277,0,,1,1,1,nan,1,1,nan,nan,0,nan,50d619f4be67b356dcbc907e1cc3f8d27f10223a,inverted
nasa-occupancy-v1,multicolor-aurora,minimal,288,2,2,4,true,25056,10,1,3,3,51;54;56,0,0,,1,1,1,nan,1,1,nan,nan,0,nan,50d619f4be67b356dcbc907e1cc3f8d27f10223a,inverted
nasa-occupancy-v1,new-york-night,minimal,288,2,2,4,true,24480,10,1,3,3,51;54;56,0,0,,1,1,1,nan,1,1,nan,nan,0,nan,50d619f4be67b356dcbc907e1cc3f8d27f10223a,inverted
nasa-occupancy-v1,rcs-function-diagram,minimal,288,2,2,4,true,29952,10,1,0,3,51;54;56,0.9215411324786325,0,,1,1,1,nan,1,1,nan,nan,0,nan,50d619f4be67b356dcbc907e1cc3f8d27f10223a,inverted
nasa-occupancy-v1,reentry-communications-diagram,minimal,288,2,2,4,true,46656,10,1,0,3,51;54;56,0.876693244170096,0,,1,1,1,nan,1,1,nan,nan,0,nan,50d619f4be67b356dcbc907e1cc3f8d27f10223a,inverted
nasa-occupancy-v1,rocket-systems-diagram,minimal,288,2,2,4,true,29952,10,1,0,3,51;54;56,0.8292601495726496,0,,1,1,1,nan,1,1,nan,nan,0,nan,50d619f4be67b356dcbc907e1cc3f8d27f10223a,inverted
nasa-occupancy-v1,san-francisco-night,minimal,288,2,2,4,true,25056,10,1,3,3,51;54;56,0,0,,1,1,1,nan,1,1,nan,nan,0,nan,50d619f4be67b356dcbc907e1cc3f8d27f10223a,inverted
nasa-occupancy-v1,saturn-infrared,minimal,288,2,2,4,true,20160,10,1,3,3,51;54;56,0,0,,1,1,1,nan,1,1,nan,nan,0,nan,50d619f4be67b356dcbc907e1cc3f8d27f10223a,inverted
nasa-occupancy-v1,spacecraft-attitude-diagram,minimal,288,2,2,4,true,29952,10,1,0,3,51;54;56,0.8948651175213675,0,,1,1,1,nan,1,1,nan,nan,0,nan,50d619f4be67b356dcbc907e1cc3f8d27f10223a,inverted
nasa-occupancy-v1,tarantula-spitzer-3color,minimal,288,2,2,4,true,21024,10,1,3,3,51;54;56,0,0,,1,1,1,nan,1,1,nan,nan,0,nan,50d619f4be67b356dcbc907e1cc3f8d27f10223a,inverted
nasa-occupancy-v1,(pooled),minimal,288,2,2,4,true,872928,10,1,3,3,51;54;56,0.15016129623519925,0,,1,1,1,nan,1,1,nan,nan,0,nan,50d619f4be67b356dcbc907e1cc3f8d27f10223a,inverted
nasa-occupancy-v1,apollo11-bootprint,blocks,76,2,2,4,true,2584,8,1,3,3,51;54;56,0,4,░▒▓█,0,0,nan,0.017717154696583748,3,0.0003869969040247678,28.07608695652174,76,76,0.9829655439411537,50d619f4be67b356dcbc907e1cc3f8d27f10223a,inverted
nasa-occupancy-v1,apollo12-lunar-mound,blocks,76,2,2,4,true,2508,8,1,3,3,51;54;56,0,4,░▒▓█,0,0,nan,0.019024116918444633,2,0,23.009174311926607,76,76,0.9740829346092504,50d619f4be67b356dcbc907e1cc3f8d27f10223a,inverted
nasa-occupancy-v1,aurora-expedition23,blocks,76,2,2,4,true,1748,8,1,3,3,51;54;56,0,4,░▒▓█,0,0,nan,0.013494888320565224,2,0,32.9811320754717,76,76,0.988558352402746,50d619f4be67b356dcbc907e1cc3f8d27f10223a,inverted
nasa-occupancy-v1,aurora-sts62,blocks,76,2,2,4,true,1672,8,1,3,3,51;54;56,0,4,░▒▓█,0,0,nan,0.01813652738928795,2,0,47.77142857142857,76,76,0.9946172248803827,50d619f4be67b356dcbc907e1cc3f8d27f10223a,inverted
nasa-occupancy-v1,calbuco-plume,blocks,76,2,2,4,true,2356,8,1,3,3,51;54;56,0,4,░▒▓█,0,0,nan,0.018680978566408157,2,0,54.7906976744186,76,76,0.9957555178268251,50d619f4be67b356dcbc907e1cc3f8d27f10223a,inverted
nasa-occupancy-v1,carina-cosmic-cliffs,blocks,76,2,2,4,true,1444,8,1,3,3,51;54;56,0,4,░▒▓█,0,0,nan,0.02088620699942112,2,0,53.48148148148148,76,76,0.9958448753462604,50d619f4be67b356dcbc907e1cc3f8d27f10223a,inverted
nasa-occupancy-v1,cernan-portrait,blocks,76,2,2,4,true,3268,8,1,3,3,51;54;56,0.0003059975520195838,4,░▒▓█,0.0003059975520195838,0.0003059975520195838,1,0.004767592530697584,3,0.0024479804161566705,45.27777777777778,76,76,0.994478527607362,50d619f4be67b356dcbc907e1cc3f8d27f10223a,inverted
nasa-occupancy-v1,daedalia-planum,blocks,76,2,2,4,true,5776,8,1,3,3,51;54;56,0,4,░▒▓█,0,0,nan,0.016337823122739792,3,0.0013850415512465374,60.083333333333336,76,76,0.9989597780859917,50d619f4be67b356dcbc907e1cc3f8d27f10223a,inverted
nasa-occupancy-v1,earth-night-iss-090323,blocks,76,2,2,4,true,1672,8,1,3,3,51;54;56,0,4,░▒▓█,0,0,nan,0.02280201017856598,1,0,76,76,76,1,50d619f4be67b356dcbc907e1cc3f8d27f10223a,inverted
nasa-occupancy-v1,earth-night-iss-091208,blocks,76,2,2,4,true,1672,8,1,3,3,51;54;56,0,4,░▒▓█,0,0,nan,0.022806309163570404,2,0,69.66666666666667,76,76,0.9994019138755981,50d619f4be67b356dcbc907e1cc3f8d27f10223a,inverted
nasa-occupancy-v1,iani-chaos,blocks,76,2,2,4,true,5548,8,1,3,3,51;54;56,0,4,░▒▓█,0,0,nan,0.01860370859503746,3,0.0003604902667627974,71.1025641025641,76,76,0.9998196898665705,50d619f4be67b356dcbc907e1cc3f8d27f10223a,inverted
nasa-occupancy-v1,infrared-color-explosion,blocks,76,2,2,4,true,2584,8,1,3,3,51;54;56,0,4,░▒▓█,0,0,nan,0.02226102724671364,3,0,66.25641025641026,76,76,0.996517027863777,50d619f4be67b356dcbc907e1cc3f8d27f10223a,inverted
nasa-occupancy-v1,james-lovell-portrait,blocks,76,2,2,4,true,3420,8,1,3,3,51;54;56,0.20087719298245615,4,░▒▓█,0.2043859649122807,0.2043859649122807,1,0.009415552020072937,3,0.20935672514619882,7.308108108108108,34,65,0.8465236686390533,50d619f4be67b356dcbc907e1cc3f8d27f10223a,inverted
nasa-occupancy-v1,mark-lee-portrait,blocks,76,2,2,4,true,3192,8,1,3,3,51;54;56,0.0003132832080200501,4,░▒▓█,0.0012531328320802004,0.0012531328320802004,1,0.004670559428632259,3,0.005639097744360902,20.88157894736842,70,76,0.9697542533081286,50d619f4be67b356dcbc907e1cc3f8d27f10223a,inverted
nasa-occupancy-v1,marsha-ivins-portrait,blocks,76,2,2,4,true,3268,8,1,3,3,51;54;56,0.0006119951040391676,4,░▒▓█,0.0006119951040391676,0.0006119951040391676,1,0.015457415953278542,3,0.0018359853121175031,38.37647058823529,76,76,0.9831391784181484,50d619f4be67b356dcbc907e1cc3f8d27f10223a,inverted
nasa-occupancy-v1,multicolor-aurora,blocks,76,2,2,4,true,1748,8,1,3,3,51;54;56,0,4,░▒▓█,0,0,nan,0.026597097516059875,1,0,76,76,76,1,50d619f4be67b356dcbc907e1cc3f8d27f10223a,inverted
nasa-occupancy-v1,new-york-night,blocks,76,2,2,4,true,1672,8,1,3,3,51;54;56,0,4,░▒▓█,0,0,nan,0.023714877665042877,1,0,76,76,76,1,50d619f4be67b356dcbc907e1cc3f8d27f10223a,inverted
nasa-occupancy-v1,rcs-function-diagram,blocks,76,2,2,4,true,2052,8,1,0,3,51;54;56,0.8313840155945419,4,░▒▓█,0.8372319688109162,0.8372319688109162,1,0.005221497267484665,3,0.8586744639376218,1.8831168831168832,5,9,0.22413793103448276,50d619f4be67b356dcbc907e1cc3f8d27f10223a,inverted
nasa-occupancy-v1,reentry-communications-diagram,blocks,76,2,2,4,true,3192,8,1,0,3,51;54;56,0.6945488721804511,4,░▒▓█,0.7052005012531328,0.7052005012531328,1,0.0030493545345962048,3,0.7346491228070176,1.8333333333333333,4,19,0.1806375442739079,50d619f4be67b356dcbc907e1cc3f8d27f10223a,inverted
nasa-occupancy-v1,rocket-systems-diagram,blocks,76,2,2,4,true,2052,8,1,0,3,51;54;56,0.6793372319688109,4,░▒▓█,0.6915204678362573,0.6915204678362573,1,0.005864140577614307,4,0.7212475633528265,2.3346938775510204,8,19,0.3758741258741259,50d619f4be67b356dcbc907e1cc3f8d27f10223a,inverted
nasa-occupancy-v1,san-francisco-night,blocks,76,2,2,4,true,1672,8,1,3,3,51;54;56,0,4,░▒▓█,0,0,nan,0.017676636576652527,2,0,52.25,76,76,0.9946172248803827,50d619f4be67b356dcbc907e1cc3f8d27f10223a,inverted
nasa-occupancy-v1,saturn-infrared,blocks,76,2,2,4,true,1368,8,1,3,3,51;54;56,0,4,░▒▓█,0,0,nan,0.020977504551410675,2,0,62.18181818181818,76,76,0.9970760233918129,50d619f4be67b356dcbc907e1cc3f8d27f10223a,inverted
nasa-occupancy-v1,spacecraft-attitude-diagram,blocks,76,2,2,4,true,2052,8,1,0,3,51;54;56,0.7470760233918129,4,░▒▓█,0.7582846003898636,0.7582846003898636,1,0.004831254016608,3,0.7880116959064327,1.8432203389830508,5,11,0.26666666666666666,50d619f4be67b356dcbc907e1cc3f8d27f10223a,inverted
nasa-occupancy-v1,tarantula-spitzer-3color,blocks,76,2,2,4,true,1444,8,1,3,3,51;54;56,0,4,░▒▓█,0,0,nan,0.022297590970993042,2,0,68.76190476190476,76,76,0.9993074792243767,50d619f4be67b356dcbc907e1cc3f8d27f10223a,inverted
nasa-occupancy-v1,(pooled),blocks,76,2,2,4,true,59964,8,1,3,3,51;54;56,0.12575878860649722,4,░▒▓█,0.12757654592755654,0.12757654592755654,1,0.0030493545345962048,4,0.13279634447335067,20.684566428003183,76,76,0.9545393357820042,50d619f4be67b356dcbc907e1cc3f8d27f10223a,inverted
nasa-occupancy-v1,apollo11-bootprint,blocks,80,2,2,4,true,2880,8,1,3,3,51;54;56,0,4,░▒▓█,0,0,nan,0.017715200781822205,2,0,28.8,80,80,0.9854166666666667,50d619f4be67b356dcbc907e1cc3f8d27f10223a,inverted
nasa-occupancy-v1,apollo12-lunar-mound,blocks,80,2,2,4,true,2800,8,1,3,3,51;54;56,0,4,░▒▓█,0,0,nan,0.016348212957382202,3,0.00035714285714285714,23.720338983050848,80,80,0.9749910682386567,50d619f4be67b356dcbc907e1cc3f8d27f10223a,inverted
nasa-occupancy-v1,aurora-expedition23,blocks,80,2,2,4,true,1920,8,1,3,3,51;54;56,0.0005208333333333333,4,░▒▓█,0.0005208333333333333,0.0005208333333333333,1,0.010069739073514938,3,0.0015625,33.63157894736842,80,80,0.9885237350026083,50d619f4be67b356dcbc907e1cc3f8d27f10223a,inverted
nasa-occupancy-v1,aurora-sts62,blocks,80,2,2,4,true,1840,8,1,3,3,51;54;56,0,4,░▒▓█,0,0,nan,0.01795145496726036,3,0,57.5,80,80,0.9972826086956522,50d619f4be67b356dcbc907e1cc3f8d27f10223a,inverted
nasa-occupancy-v1,calbuco-plume,blocks,80,2,2,4,true,2560,8,1,3,3,51;54;56,0,4,░▒▓█,0,0,nan,0.011815806850790977,3,0.000390625,56.86666666666667,80,80,0.9953106682297772,50d619f4be67b356dcbc907e1cc3f8d27f10223a,inverted
nasa-occupancy-v1,carina-cosmic-cliffs,blocks,80,2,2,4,true,1680,8,1,3,3,51;54;56,0,4,░▒▓█,0,0,nan,0.02191399782896042,2,0,45.4054054054054,80,80,0.9892857142857143,50d619f4be67b356dcbc907e1cc3f8d27f10223a,inverted
nasa-occupancy-v1,cernan-portrait,blocks,80,2,2,4,true,3600,8,1,3,3,51;54;56,0,4,░▒▓█,0,0,nan,0.01577102020382881,3,0.004722222222222222,44.23456790123457,80,80,0.9952553725927993,50d619f4be67b356dcbc907e1cc3f8d27f10223a,inverted
nasa-occupancy-v1,daedalia-planum,blocks,80,2,2,4,true,6400,8,1,3,3,51;54;56,0,4,░▒▓█,0,0,nan,0.018594687804579735,3,0.0003125,62.72549019607843,80,80,0.9984370115661144,50d619f4be67b356dcbc907e1cc3f8d27f10223a,inverted
nasa-occupancy-v1,earth-night-iss-090323,blocks,80,2,2,4,true,1920,8,1,3,3,51;54;56,0,4,░▒▓█,0,0,nan,0.023977071046829224,2,0,73.84615384615384,80,80,0.9994791666666667,50d619f4be67b356dcbc907e1cc3f8d27f10223a,inverted
nasa-occupancy-v1,earth-night-iss-091208,blocks,80,2,2,4,true,1920,8,1,3,3,51;54;56,0,4,░▒▓█,0,0,nan,0.023174799978733063,2,0,73.84615384615384,80,80,0.9994791666666667,50d619f4be67b356dcbc907e1cc3f8d27f10223a,inverted
nasa-occupancy-v1,iani-chaos,blocks,80,2,2,4,true,6160,8,1,3,3,51;54;56,0,4,░▒▓█,0,0,nan,0.01845780946314335,3,0.000487012987012987,73.29761904761905,80,80,0.9998375832385902,50d619f4be67b356dcbc907e1cc3f8d27f10223a,inverted
nasa-occupancy-v1,infrared-color-explosion,blocks,80,2,2,4,true,2880,8,1,3,3,51;54;56,0,4,░▒▓█,0,0,nan,0.017409173771739006,2,0,65.45454545454545,80,80,0.9979166666666667,50d619f4be67b356dcbc907e1cc3f8d27f10223a,inverted
nasa-occupancy-v1,james-lovell-portrait,blocks,80,2,2,4,true,3760,8,1,3,3,51;54;56,0.20319148936170212,4,░▒▓█,0.20638297872340425,0.20638297872340425,1,0.005712326616048813,3,0.2098404255319149,7.446115288220551,34,70,0.852911477616964,50d619f4be67b356dcbc907e1cc3f8d27f10223a,inverted
nasa-occupancy-v1,mark-lee-portrait,blocks,80,2,2,4,true,3600,8,1,3,3,51;54;56,0.0005555555555555556,4,░▒▓█,0.001388888888888889,0.001388888888888889,1,0.005246860906481743,3,0.005555555555555556,19.04255319148936,76,80,0.9564245810055866,50d619f4be67b356dcbc907e1cc3f8d27f10223a,inverted
nasa-occupancy-v1,marsha-ivins-portrait,blocks,80,2,2,4,true,3600,8,1,3,3,51;54;56,0.0002777777777777778,4,░▒▓█,0.0008333333333333334,0.0008333333333333334,1,0.01585836336016655,3,0.001388888888888889,40.85227272727273,80,80,0.9869262865090404,50d619f4be67b356dcbc907e1cc3f8d27f10223a,inverted
nasa-occupancy-v1,multicolor-aurora,blocks,80,2,2,4,true,1920,8,1,3,3,51;54;56,0,4,░▒▓█,0,0,nan,0.026048336178064346,1,0,80,80,80,1,50d619f4be67b356dcbc907e1cc3f8d27f10223a,inverted
nasa-occupancy-v1,new-york-night,blocks,80,2,2,4,true,1840,8,1,3,3,51;54;56,0,4,░▒▓█,0,0,nan,0.02414286509156227,1,0,80,80,80,1,50d619f4be67b356dcbc907e1cc3f8d27f10223a,inverted
nasa-occupancy-v1,rcs-function-diagram,blocks,80,2,2,4,true,2320,8,1,0,3,51;54;56,0.8375,4,░▒▓█,0.8482758620689655,0.8482758620689655,1,0.00422040605917573,4,0.8668103448275862,1.8502994011976048,5,11,0.21035598705501618,50d619f4be67b356dcbc907e1cc3f8d27f10223a,inverted
nasa-occupancy-v1,reentry-communications-diagram,blocks,80,2,2,4,true,3600,8,1,0,3,51;54;56,0.6997222222222222,4,░▒▓█,0.7116666666666667,0.7116666666666667,1,0.003449495881795883,4,0.7355555555555555,1.8814229249011858,4,20,0.22899159663865545,50d619f4be67b356dcbc907e1cc3f8d27f10223a,inverted
nasa-occupancy-v1,rocket-systems-diagram,blocks,80,2,2,4,true,2320,8,1,0,3,51;54;56,0.6827586206896552,4,░▒▓█,0.6991379310344827,0.6991379310344827,1,0.003449495881795883,4,0.7314655172413793,2.315985130111524,6,17,0.3868378812199037,50d619f4be67b356dcbc907e1cc3f8d27f10223a,inverted
nasa-occupancy-v1,san-francisco-night,blocks,80,2,2,4,true,1920,8,1,3,3,51;54;56,0,4,░▒▓█,0,0,nan,0.022275419905781746,2,0,53.333333333333336,80,80,0.9953125,50d619f4be67b356dcbc907e1cc3f8d27f10223a,inverted
nasa-occupancy-v1,saturn-infrared,blocks,80,2,2,4,true,1520,8,1,3,3,51;54;56,0,4,░▒▓█,0,0,nan,0.0225638709962368,2,0,66.08695652173913,80,80,0.9993421052631579,50d619f4be67b356dcbc907e1cc3f8d27f10223a,inverted
nasa-occupancy-v1,spacecraft-attitude-diagram,blocks,80,2,2,4,true,2320,8,1,0,3,51;54;56,0.7685344827586207,4,░▒▓█,0.7810344827586206,0.7810344827586206,1,0.004649484064429998,4,0.8086206896551724,1.7480314960629921,5,11,0.19144144144144143,50d619f4be67b356dcbc907e1cc3f8d27f10223a,inverted
nasa-occupancy-v1,tarantula-spitzer-3color,blocks,80,2,2,4,true,1600,8,1,3,3,51;54;56,0,4,░▒▓█,0,0,nan,0.020971056073904037,2,0,72.72727272727273,80,80,0.999375,50d619f4be67b356dcbc907e1cc3f8d27f10223a,inverted
nasa-occupancy-v1,(pooled),blocks,80,2,2,4,true,66880,8,1,3,3,51;54;56,0.12854366028708133,4,░▒▓█,0.13081638755980862,0.13081638755980862,1,0.003449495881795883,4,0.1356608851674641,21.013086150490732,80,80,0.955455221685955,50d619f4be67b356dcbc907e1cc3f8d27f10223a,inverted
nasa-occupancy-v1,apollo11-bootprint,blocks,288,2,2,4,true,37440,8,1,3,3,51;54;56,0,4,░▒▓█,0,0,nan,0.007702899165451527,3,0.0007745726495726495,50.62381596752368,288,288,0.9871962791692283,50d619f4be67b356dcbc907e1cc3f8d27f10223a,inverted
nasa-occupancy-v1,apollo12-lunar-mound,blocks,288,2,2,4,true,36288,8,1,3,3,51;54;56,2.755731922398589e-05,4,░▒▓█,2.755731922398589e-05,2.755731922398589e-05,1,0.010859518311917782,3,0.0008267195767195767,22.00121359223301,84,288,0.9652766286061008,50d619f4be67b356dcbc907e1cc3f8d27f10223a,inverted
nasa-occupancy-v1,aurora-expedition23,blocks,288,2,2,4,true,25632,8,1,3,3,51;54;56,0.019975031210986267,4,░▒▓█,0.020209113607990013,0.020209113607990013,1,0.00797706563025713,3,0.0206772784019975,168.46979865771812,288,288,0.9976097522109793,50d619f4be67b356dcbc907e1cc3f8d27f10223a,inverted
nasa-occupancy-v1,aurora-sts62,blocks,288,2,2,4,true,24768,8,1,3,3,51;54;56,0.001736111111111111,4,░▒▓█,0.0017764857881136951,0.0017764857881136951,1,0.01539336983114481,3,0.0017764857881136951,224.76363636363635,288,288,0.9994741951140592,50d619f4be67b356dcbc907e1cc3f8d27f10223a,inverted
nasa-occupancy-v1,calbuco-plume,blocks,288,2,2,4,true,33696,8,1,3,3,51;54;56,8.903133903133904e-05,4,░▒▓█,0.00011870845204178538,0.00011870845204178538,1,0.013143768534064293,4,0.0001483855650522317,193.6264367816092,288,288,0.9983081535128076,50d619f4be67b356dcbc907e1cc3f8d27f10223a,inverted
nasa-occupancy-v1,carina-cosmic-cliffs,blocks,288,2,2,4,true,21600,8,1,3,3,51;54;56,9.259259259259259e-05,4,░▒▓█,9.259259259259259e-05,9.259259259259259e-05,1,0.013318363577127457,4,0.0004166666666666667,82.72413793103448,288,288,0.9937473947478116,50d619f4be67b356dcbc907e1cc3f8d27f10223a,inverted
nasa-occupancy-v1,cernan-portrait,blocks,288,2,2,4,true,46944,8,1,3,3,51;54;56,6.390593047034765e-05,4,░▒▓█,0.0001278118609406953,0.0001278118609406953,1,0.009515546262264252,3,0.0006390593047034765,147.993690851735,288,288,0.9978258089269728,50d619f4be67b356dcbc907e1cc3f8d27f10223a,inverted
nasa-occupancy-v1,daedalia-planum,blocks,288,2,2,4,true,83232,8,1,3,3,51;54;56,2.4029219530949635e-05,4,░▒▓█,6.007304882737409e-05,6.007304882737409e-05,1,0.008341237902641296,4,0.0003364090734332949,64.69984447900467,288,288,0.9911903273881063,50d619f4be67b356dcbc907e1cc3f8d27f10223a,inverted
nasa-occupancy-v1,earth-night-iss-090323,blocks,288,2,2,4,true,25056,8,1,3,3,51;54;56,0,4,░▒▓█,0,0,nan,0.02013847976922989,2,0,188.39097744360902,288,288,0.9989623243933589,50d619f4be67b356dcbc907e1cc3f8d27f10223a,inverted
nasa-occupancy-v1,earth-night-iss-091208,blocks,288,2,2,4,true,25056,8,1,3,3,51;54;56,0,4,░▒▓█,0,0,nan,0.02163177728652954,2,0,188.39097744360902,288,288,0.998882503192848,50d619f4be67b356dcbc907e1cc3f8d27f10223a,inverted
nasa-occupancy-v1,iani-chaos,blocks,288,2,2,4,true,80352,8,1,3,3,51;54;56,0,4,░▒▓█,0,0,nan,0.016595730558037758,3,0.00021156909597769814,225.0280112044818,288,288,0.9994896371444576,50d619f4be67b356dcbc907e1cc3f8d27f10223a,inverted
nasa-occupancy-v1,infrared-color-explosion,blocks,288,2,2,4,true,37440,8,1,3,3,51;54;56,8.012820512820513e-05,4,░▒▓█,0.00010683760683760684,0.00010683760683760684,1,0.018043523654341698,3,0.00010683760683760684,205.69230769230768,288,288,0.9991719200769313,50d619f4be67b356dcbc907e1cc3f8d27f10223a,inverted
nasa-occupancy-v1,james-lovell-portrait,blocks,288,2,2,4,true,49248,8,1,3,3,51;54;56,0.20778508771929824,4,░▒▓█,0.2152777777777778,0.2152777777777778,1,0.008377354592084885,3,0.2158666341780377,15.114285714285714,106,288,0.926327783100707,50d619f4be67b356dcbc907e1cc3f8d27f10223a,inverted
nasa-occupancy-v1,mark-lee-portrait,blocks,288,2,2,4,true,46656,8,1,3,3,51;54;56,0.001736111111111111,4,░▒▓█,0.0021862139917695473,0.0021862139917695473,1,0.005067780148237944,4,0.003986625514403292,69.8796992481203,288,288,0.9909403916505273,50d619f4be67b356dcbc907e1cc3f8d27f10223a,inverted
nasa-occupancy-v1,marsha-ivins-portrait,blocks,288,2,2,4,true,47232,8,1,3,3,51;54;56,0.0010797764227642277,4,░▒▓█,0.001122120596205962,0.001122120596205962,1,0.013613197021186352,3,0.0011432926829268292,160.46938775510205,288,288,0.997244478358557,50d619f4be67b356dcbc907e1cc3f8d27f10223a,inverted
nasa-occupancy-v1,multicolor-aurora,blocks,288,2,2,4,true,25056,8,1,3,3,51;54;56,0,4,░▒▓█,0,0,nan,0.02326386421918869,2,0,281.5280898876405,288,288,0.9999201787994891,50d619f4be67b356dcbc907e1cc3f8d27f10223a,inverted
nasa-occupancy-v1,new-york-night,blocks,288,2,2,4,true,24480,8,1,3,3,51;54;56,0,4,░▒▓█,0,0,nan,0.020869025960564613,2,0,202.31404958677686,288,288,0.9989787581699346,50d619f4be67b356dcbc907e1cc3f8d27f10223a,inverted
nasa-occupancy-v1,rcs-function-diagram,blocks,288,2,2,4,true,29952,8,1,0,3,51;54;56,0.9215411324786325,4,░▒▓█,0.9257144764957265,0.9257144764957265,1,0.002008266281336546,4,0.9340945512820513,1.8043875685557587,5,12,0.1702127659574468,50d619f4be67b356dcbc907e1cc3f8d27f10223a,inverted
nasa-occupancy-v1,reentry-communications-diagram,blocks,288,2,2,4,true,46656,8,1,0,3,51;54;56,0.876693244170096,4,░▒▓█,0.8837019890260631,0.8837019890260631,1,0.0018616325687617064,4,0.8967549725651578,1.8081831831831832,4,45,0.16358729499688604,50d619f4be67b356dcbc907e1cc3f8d27f10223a,inverted
nasa-occupancy-v1,rocket-systems-diagram,blocks,288,2,2,4,true,29952,8,1,0,3,51;54;56,0.8292601495726496,4,░▒▓█,0.8422809829059829,0.8422809829059829,1,0.002016768790781498,4,0.8616452991452992,1.7800687285223367,4,17,0.14527027027027026,50d619f4be67b356dcbc907e1cc3f8d27f10223a,inverted
nasa-occupancy-v1,san-francisco-night,blocks,288,2,2,4,true,25056,8,1,3,3,51;54;56,0,4,░▒▓█,0,0,nan,0.014142933301627636,2,0,124.65671641791045,288,288,0.9962883141762452,50d619f4be67b356dcbc907e1cc3f8d27f10223a,inverted
nasa-occupancy-v1,saturn-infrared,blocks,288,2,2,4,true,20160,8,1,3,3,51;54;56,0,4,░▒▓█,0,0,nan,0.023372702300548553,2,0,245.85365853658536,288,288,0.999454365079365,50d619f4be67b356dcbc907e1cc3f8d27f10223a,inverted
nasa-occupancy-v1,spacecraft-attitude-diagram,blocks,288,2,2,4,true,29952,8,1,0,3,51;54;56,0.8948651175213675,4,░▒▓█,0.9007411858974359,0.9007411858974359,1,0.0020512414630502462,4,0.9124265491452992,1.8843390804597702,5,13,0.2062523827678231,50d619f4be67b356dcbc907e1cc3f8d27f10223a,inverted
nasa-occupancy-v1,tarantula-spitzer-3color,blocks,288,2,2,4,true,21024,8,1,3,3,51;54;56,0,4,░▒▓█,0,0,nan,0.02181456983089447,2,0,176.67226890756302,288,288,0.9987633181126332,50d619f4be67b356dcbc907e1cc3f8d27f10223a,inverted
nasa-occupancy-v1,(pooled),blocks,288,2,2,4,true,872928,8,1,3,3,51;54;56,0.15016129623519925,4,░▒▓█,0.15179373327468015,0.15179373327468015,1,0.0018616325687617064,4,0.15413756919241908,43.19762475867314,288,288,0.975882239018821,50d619f4be67b356dcbc907e1cc3f8d27f10223a,inverted
nasa-occupancy-v1,apollo11-bootprint,dots,76,2,2,4,true,2584,8,1,3,3,51;54;56,0,0,,1,1,1,nan,1,1,nan,nan,0,nan,50d619f4be67b356dcbc907e1cc3f8d27f10223a,inverted
nasa-occupancy-v1,apollo12-lunar-mound,dots,76,2,2,4,true,2508,8,1,3,3,51;54;56,0,0,,1,1,1,nan,1,1,nan,nan,0,nan,50d619f4be67b356dcbc907e1cc3f8d27f10223a,inverted
nasa-occupancy-v1,aurora-expedition23,dots,76,2,2,4,true,1748,8,1,3,3,51;54;56,0,0,,1,1,1,nan,1,1,nan,nan,0,nan,50d619f4be67b356dcbc907e1cc3f8d27f10223a,inverted
nasa-occupancy-v1,aurora-sts62,dots,76,2,2,4,true,1672,8,1,3,3,51;54;56,0,0,,1,1,1,nan,1,1,nan,nan,0,nan,50d619f4be67b356dcbc907e1cc3f8d27f10223a,inverted
nasa-occupancy-v1,calbuco-plume,dots,76,2,2,4,true,2356,8,1,3,3,51;54;56,0,0,,1,1,1,nan,1,1,nan,nan,0,nan,50d619f4be67b356dcbc907e1cc3f8d27f10223a,inverted
nasa-occupancy-v1,carina-cosmic-cliffs,dots,76,2,2,4,true,1444,8,1,3,3,51;54;56,0,0,,1,1,1,nan,1,1,nan,nan,0,nan,50d619f4be67b356dcbc907e1cc3f8d27f10223a,inverted
nasa-occupancy-v1,cernan-portrait,dots,76,2,2,4,true,3268,8,1,3,3,51;54;56,0.0003059975520195838,0,,1,1,1,nan,1,1,nan,nan,0,nan,50d619f4be67b356dcbc907e1cc3f8d27f10223a,inverted
nasa-occupancy-v1,daedalia-planum,dots,76,2,2,4,true,5776,8,1,3,3,51;54;56,0,0,,1,1,1,nan,1,1,nan,nan,0,nan,50d619f4be67b356dcbc907e1cc3f8d27f10223a,inverted
nasa-occupancy-v1,earth-night-iss-090323,dots,76,2,2,4,true,1672,8,1,3,3,51;54;56,0,0,,1,1,1,nan,1,1,nan,nan,0,nan,50d619f4be67b356dcbc907e1cc3f8d27f10223a,inverted
nasa-occupancy-v1,earth-night-iss-091208,dots,76,2,2,4,true,1672,8,1,3,3,51;54;56,0,0,,1,1,1,nan,1,1,nan,nan,0,nan,50d619f4be67b356dcbc907e1cc3f8d27f10223a,inverted
nasa-occupancy-v1,iani-chaos,dots,76,2,2,4,true,5548,8,1,3,3,51;54;56,0,0,,1,1,1,nan,1,1,nan,nan,0,nan,50d619f4be67b356dcbc907e1cc3f8d27f10223a,inverted
nasa-occupancy-v1,infrared-color-explosion,dots,76,2,2,4,true,2584,8,1,3,3,51;54;56,0,0,,1,1,1,nan,1,1,nan,nan,0,nan,50d619f4be67b356dcbc907e1cc3f8d27f10223a,inverted
nasa-occupancy-v1,james-lovell-portrait,dots,76,2,2,4,true,3420,8,1,3,3,51;54;56,0.20087719298245615,0,,1,1,1,nan,1,1,nan,nan,0,nan,50d619f4be67b356dcbc907e1cc3f8d27f10223a,inverted
nasa-occupancy-v1,mark-lee-portrait,dots,76,2,2,4,true,3192,8,1,3,3,51;54;56,0.0003132832080200501,0,,1,1,1,nan,1,1,nan,nan,0,nan,50d619f4be67b356dcbc907e1cc3f8d27f10223a,inverted
nasa-occupancy-v1,marsha-ivins-portrait,dots,76,2,2,4,true,3268,8,1,3,3,51;54;56,0.0006119951040391676,0,,1,1,1,nan,1,1,nan,nan,0,nan,50d619f4be67b356dcbc907e1cc3f8d27f10223a,inverted
nasa-occupancy-v1,multicolor-aurora,dots,76,2,2,4,true,1748,8,1,3,3,51;54;56,0,0,,1,1,1,nan,1,1,nan,nan,0,nan,50d619f4be67b356dcbc907e1cc3f8d27f10223a,inverted
nasa-occupancy-v1,new-york-night,dots,76,2,2,4,true,1672,8,1,3,3,51;54;56,0,0,,1,1,1,nan,1,1,nan,nan,0,nan,50d619f4be67b356dcbc907e1cc3f8d27f10223a,inverted
nasa-occupancy-v1,rcs-function-diagram,dots,76,2,2,4,true,2052,8,1,0,3,51;54;56,0.8313840155945419,0,,1,1,1,nan,1,1,nan,nan,0,nan,50d619f4be67b356dcbc907e1cc3f8d27f10223a,inverted
nasa-occupancy-v1,reentry-communications-diagram,dots,76,2,2,4,true,3192,8,1,0,3,51;54;56,0.6945488721804511,0,,1,1,1,nan,1,1,nan,nan,0,nan,50d619f4be67b356dcbc907e1cc3f8d27f10223a,inverted
nasa-occupancy-v1,rocket-systems-diagram,dots,76,2,2,4,true,2052,8,1,0,3,51;54;56,0.6793372319688109,0,,1,1,1,nan,1,1,nan,nan,0,nan,50d619f4be67b356dcbc907e1cc3f8d27f10223a,inverted
nasa-occupancy-v1,san-francisco-night,dots,76,2,2,4,true,1672,8,1,3,3,51;54;56,0,0,,1,1,1,nan,1,1,nan,nan,0,nan,50d619f4be67b356dcbc907e1cc3f8d27f10223a,inverted
nasa-occupancy-v1,saturn-infrared,dots,76,2,2,4,true,1368,8,1,3,3,51;54;56,0,0,,1,1,1,nan,1,1,nan,nan,0,nan,50d619f4be67b356dcbc907e1cc3f8d27f10223a,inverted
nasa-occupancy-v1,spacecraft-attitude-diagram,dots,76,2,2,4,true,2052,8,1,0,3,51;54;56,0.7470760233918129,0,,1,1,1,nan,1,1,nan,nan,0,nan,50d619f4be67b356dcbc907e1cc3f8d27f10223a,inverted
nasa-occupancy-v1,tarantula-spitzer-3color,dots,76,2,2,4,true,1444,8,1,3,3,51;54;56,0,0,,1,1,1,nan,1,1,nan,nan,0,nan,50d619f4be67b356dcbc907e1cc3f8d27f10223a,inverted
nasa-occupancy-v1,(pooled),dots,76,2,2,4,true,59964,8,1,3,3,51;54;56,0.12575878860649722,0,,1,1,1,nan,1,1,nan,nan,0,nan,50d619f4be67b356dcbc907e1cc3f8d27f10223a,inverted
nasa-occupancy-v1,apollo11-bootprint,dots,80,2,2,4,true,2880,8,1,3,3,51;54;56,0,0,,1,1,1,nan,1,1,nan,nan,0,nan,50d619f4be67b356dcbc907e1cc3f8d27f10223a,inverted
nasa-occupancy-v1,apollo12-lunar-mound,dots,80,2,2,4,true,2800,8,1,3,3,51;54;56,0,0,,1,1,1,nan,1,1,nan,nan,0,nan,50d619f4be67b356dcbc907e1cc3f8d27f10223a,inverted
nasa-occupancy-v1,aurora-expedition23,dots,80,2,2,4,true,1920,8,1,3,3,51;54;56,0.0005208333333333333,0,,1,1,1,nan,1,1,nan,nan,0,nan,50d619f4be67b356dcbc907e1cc3f8d27f10223a,inverted
nasa-occupancy-v1,aurora-sts62,dots,80,2,2,4,true,1840,8,1,3,3,51;54;56,0,0,,1,1,1,nan,1,1,nan,nan,0,nan,50d619f4be67b356dcbc907e1cc3f8d27f10223a,inverted
nasa-occupancy-v1,calbuco-plume,dots,80,2,2,4,true,2560,8,1,3,3,51;54;56,0,0,,1,1,1,nan,1,1,nan,nan,0,nan,50d619f4be67b356dcbc907e1cc3f8d27f10223a,inverted
nasa-occupancy-v1,carina-cosmic-cliffs,dots,80,2,2,4,true,1680,8,1,3,3,51;54;56,0,0,,1,1,1,nan,1,1,nan,nan,0,nan,50d619f4be67b356dcbc907e1cc3f8d27f10223a,inverted
nasa-occupancy-v1,cernan-portrait,dots,80,2,2,4,true,3600,8,1,3,3,51;54;56,0,0,,1,1,1,nan,1,1,nan,nan,0,nan,50d619f4be67b356dcbc907e1cc3f8d27f10223a,inverted
nasa-occupancy-v1,daedalia-planum,dots,80,2,2,4,true,6400,8,1,3,3,51;54;56,0,0,,1,1,1,nan,1,1,nan,nan,0,nan,50d619f4be67b356dcbc907e1cc3f8d27f10223a,inverted
nasa-occupancy-v1,earth-night-iss-090323,dots,80,2,2,4,true,1920,8,1,3,3,51;54;56,0,0,,1,1,1,nan,1,1,nan,nan,0,nan,50d619f4be67b356dcbc907e1cc3f8d27f10223a,inverted
nasa-occupancy-v1,earth-night-iss-091208,dots,80,2,2,4,true,1920,8,1,3,3,51;54;56,0,0,,1,1,1,nan,1,1,nan,nan,0,nan,50d619f4be67b356dcbc907e1cc3f8d27f10223a,inverted
nasa-occupancy-v1,iani-chaos,dots,80,2,2,4,true,6160,8,1,3,3,51;54;56,0,0,,1,1,1,nan,1,1,nan,nan,0,nan,50d619f4be67b356dcbc907e1cc3f8d27f10223a,inverted
nasa-occupancy-v1,infrared-color-explosion,dots,80,2,2,4,true,2880,8,1,3,3,51;54;56,0,0,,1,1,1,nan,1,1,nan,nan,0,nan,50d619f4be67b356dcbc907e1cc3f8d27f10223a,inverted
nasa-occupancy-v1,james-lovell-portrait,dots,80,2,2,4,true,3760,8,1,3,3,51;54;56,0.20319148936170212,0,,1,1,1,nan,1,1,nan,nan,0,nan,50d619f4be67b356dcbc907e1cc3f8d27f10223a,inverted
nasa-occupancy-v1,mark-lee-portrait,dots,80,2,2,4,true,3600,8,1,3,3,51;54;56,0.0005555555555555556,0,,1,1,1,nan,1,1,nan,nan,0,nan,50d619f4be67b356dcbc907e1cc3f8d27f10223a,inverted
nasa-occupancy-v1,marsha-ivins-portrait,dots,80,2,2,4,true,3600,8,1,3,3,51;54;56,0.0002777777777777778,0,,1,1,1,nan,1,1,nan,nan,0,nan,50d619f4be67b356dcbc907e1cc3f8d27f10223a,inverted
nasa-occupancy-v1,multicolor-aurora,dots,80,2,2,4,true,1920,8,1,3,3,51;54;56,0,0,,1,1,1,nan,1,1,nan,nan,0,nan,50d619f4be67b356dcbc907e1cc3f8d27f10223a,inverted
nasa-occupancy-v1,new-york-night,dots,80,2,2,4,true,1840,8,1,3,3,51;54;56,0,0,,1,1,1,nan,1,1,nan,nan,0,nan,50d619f4be67b356dcbc907e1cc3f8d27f10223a,inverted
nasa-occupancy-v1,rcs-function-diagram,dots,80,2,2,4,true,2320,8,1,0,3,51;54;56,0.8375,0,,1,1,1,nan,1,1,nan,nan,0,nan,50d619f4be67b356dcbc907e1cc3f8d27f10223a,inverted
nasa-occupancy-v1,reentry-communications-diagram,dots,80,2,2,4,true,3600,8,1,0,3,51;54;56,0.6997222222222222,0,,1,1,1,nan,1,1,nan,nan,0,nan,50d619f4be67b356dcbc907e1cc3f8d27f10223a,inverted
nasa-occupancy-v1,rocket-systems-diagram,dots,80,2,2,4,true,2320,8,1,0,3,51;54;56,0.6827586206896552,0,,1,1,1,nan,1,1,nan,nan,0,nan,50d619f4be67b356dcbc907e1cc3f8d27f10223a,inverted
nasa-occupancy-v1,san-francisco-night,dots,80,2,2,4,true,1920,8,1,3,3,51;54;56,0,0,,1,1,1,nan,1,1,nan,nan,0,nan,50d619f4be67b356dcbc907e1cc3f8d27f10223a,inverted
nasa-occupancy-v1,saturn-infrared,dots,80,2,2,4,true,1520,8,1,3,3,51;54;56,0,0,,1,1,1,nan,1,1,nan,nan,0,nan,50d619f4be67b356dcbc907e1cc3f8d27f10223a,inverted
nasa-occupancy-v1,spacecraft-attitude-diagram,dots,80,2,2,4,true,2320,8,1,0,3,51;54;56,0.7685344827586207,0,,1,1,1,nan,1,1,nan,nan,0,nan,50d619f4be67b356dcbc907e1cc3f8d27f10223a,inverted
nasa-occupancy-v1,tarantula-spitzer-3color,dots,80,2,2,4,true,1600,8,1,3,3,51;54;56,0,0,,1,1,1,nan,1,1,nan,nan,0,nan,50d619f4be67b356dcbc907e1cc3f8d27f10223a,inverted
nasa-occupancy-v1,(pooled),dots,80,2,2,4,true,66880,8,1,3,3,51;54;56,0.12854366028708133,0,,1,1,1,nan,1,1,nan,nan,0,nan,50d619f4be67b356dcbc907e1cc3f8d27f10223a,inverted
nasa-occupancy-v1,apollo11-bootprint,dots,288,2,2,4,true,37440,8,1,3,3,51;54;56,0,0,,1,1,1,nan,1,1,nan,nan,0,nan,50d619f4be67b356dcbc907e1cc3f8d27f10223a,inverted
nasa-occupancy-v1,apollo12-lunar-mound,dots,288,2,2,4,true,36288,8,1,3,3,51;54;56,2.755731922398589e-05,0,,1,1,1,nan,1,1,nan,nan,0,nan,50d619f4be67b356dcbc907e1cc3f8d27f10223a,inverted
nasa-occupancy-v1,aurora-expedition23,dots,288,2,2,4,true,25632,8,1,3,3,51;54;56,0.019975031210986267,0,,1,1,1,nan,1,1,nan,nan,0,nan,50d619f4be67b356dcbc907e1cc3f8d27f10223a,inverted
nasa-occupancy-v1,aurora-sts62,dots,288,2,2,4,true,24768,8,1,3,3,51;54;56,0.001736111111111111,0,,1,1,1,nan,1,1,nan,nan,0,nan,50d619f4be67b356dcbc907e1cc3f8d27f10223a,inverted
nasa-occupancy-v1,calbuco-plume,dots,288,2,2,4,true,33696,8,1,3,3,51;54;56,8.903133903133904e-05,0,,1,1,1,nan,1,1,nan,nan,0,nan,50d619f4be67b356dcbc907e1cc3f8d27f10223a,inverted
nasa-occupancy-v1,carina-cosmic-cliffs,dots,288,2,2,4,true,21600,8,1,3,3,51;54;56,9.259259259259259e-05,0,,1,1,1,nan,1,1,nan,nan,0,nan,50d619f4be67b356dcbc907e1cc3f8d27f10223a,inverted
nasa-occupancy-v1,cernan-portrait,dots,288,2,2,4,true,46944,8,1,3,3,51;54;56,6.390593047034765e-05,0,,1,1,1,nan,1,1,nan,nan,0,nan,50d619f4be67b356dcbc907e1cc3f8d27f10223a,inverted
nasa-occupancy-v1,daedalia-planum,dots,288,2,2,4,true,83232,8,1,3,3,51;54;56,2.4029219530949635e-05,0,,1,1,1,nan,1,1,nan,nan,0,nan,50d619f4be67b356dcbc907e1cc3f8d27f10223a,inverted
nasa-occupancy-v1,earth-night-iss-090323,dots,288,2,2,4,true,25056,8,1,3,3,51;54;56,0,0,,1,1,1,nan,1,1,nan,nan,0,nan,50d619f4be67b356dcbc907e1cc3f8d27f10223a,inverted
nasa-occupancy-v1,earth-night-iss-091208,dots,288,2,2,4,true,25056,8,1,3,3,51;54;56,0,0,,1,1,1,nan,1,1,nan,nan,0,nan,50d619f4be67b356dcbc907e1cc3f8d27f10223a,inverted
nasa-occupancy-v1,iani-chaos,dots,288,2,2,4,true,80352,8,1,3,3,51;54;56,0,0,,1,1,1,nan,1,1,nan,nan,0,nan,50d619f4be67b356dcbc907e1cc3f8d27f10223a,inverted
nasa-occupancy-v1,infrared-color-explosion,dots,288,2,2,4,true,37440,8,1,3,3,51;54;56,8.012820512820513e-05,0,,1,1,1,nan,1,1,nan,nan,0,nan,50d619f4be67b356dcbc907e1cc3f8d27f10223a,inverted
nasa-occupancy-v1,james-lovell-portrait,dots,288,2,2,4,true,49248,8,1,3,3,51;54;56,0.20778508771929824,0,,1,1,1,nan,1,1,nan,nan,0,nan,50d619f4be67b356dcbc907e1cc3f8d27f10223a,inverted
nasa-occupancy-v1,mark-lee-portrait,dots,288,2,2,4,true,46656,8,1,3,3,51;54;56,0.001736111111111111,0,,1,1,1,nan,1,1,nan,nan,0,nan,50d619f4be67b356dcbc907e1cc3f8d27f10223a,inverted
nasa-occupancy-v1,marsha-ivins-portrait,dots,288,2,2,4,true,47232,8,1,3,3,51;54;56,0.0010797764227642277,0,,1,1,1,nan,1,1,nan,nan,0,nan,50d619f4be67b356dcbc907e1cc3f8d27f10223a,inverted
nasa-occupancy-v1,multicolor-aurora,dots,288,2,2,4,true,25056,8,1,3,3,51;54;56,0,0,,1,1,1,nan,1,1,nan,nan,0,nan,50d619f4be67b356dcbc907e1cc3f8d27f10223a,inverted
nasa-occupancy-v1,new-york-night,dots,288,2,2,4,true,24480,8,1,3,3,51;54;56,0,0,,1,1,1,nan,1,1,nan,nan,0,nan,50d619f4be67b356dcbc907e1cc3f8d27f10223a,inverted
nasa-occupancy-v1,rcs-function-diagram,dots,288,2,2,4,true,29952,8,1,0,3,51;54;56,0.9215411324786325,0,,1,1,1,nan,1,1,nan,nan,0,nan,50d619f4be67b356dcbc907e1cc3f8d27f10223a,inverted
nasa-occupancy-v1,reentry-communications-diagram,dots,288,2,2,4,true,46656,8,1,0,3,51;54;56,0.876693244170096,0,,1,1,1,nan,1,1,nan,nan,0,nan,50d619f4be67b356dcbc907e1cc3f8d27f10223a,inverted
nasa-occupancy-v1,rocket-systems-diagram,dots,288,2,2,4,true,29952,8,1,0,3,51;54;56,0.8292601495726496,0,,1,1,1,nan,1,1,nan,nan,0,nan,50d619f4be67b356dcbc907e1cc3f8d27f10223a,inverted
nasa-occupancy-v1,san-francisco-night,dots,288,2,2,4,true,25056,8,1,3,3,51;54;56,0,0,,1,1,1,nan,1,1,nan,nan,0,nan,50d619f4be67b356dcbc907e1cc3f8d27f10223a,inverted
nasa-occupancy-v1,saturn-infrared,dots,288,2,2,4,true,20160,8,1,3,3,51;54;56,0,0,,1,1,1,nan,1,1,nan,nan,0,nan,50d619f4be67b356dcbc907e1cc3f8d27f10223a,inverted
nasa-occupancy-v1,spacecraft-attitude-diagram,dots,288,2,2,4,true,29952,8,1,0,3,51;54;56,0.8948651175213675,0,,1,1,1,nan,1,1,nan,nan,0,nan,50d619f4be67b356dcbc907e1cc3f8d27f10223a,inverted
nasa-occupancy-v1,tarantula-spitzer-3color,dots,288,2,2,4,true,21024,8,1,3,3,51;54;56,0,0,,1,1,1,nan,1,1,nan,nan,0,nan,50d619f4be67b356dcbc907e1cc3f8d27f10223a,inverted
nasa-occupancy-v1,(pooled),dots,288,2,2,4,true,872928,8,1,3,3,51;54;56,0.15016129623519925,0,,1,1,1,nan,1,1,nan,nan,0,nan,50d619f4be67b356dcbc907e1cc3f8d27f10223a,inverted
nasa-occupancy-v1,apollo11-bootprint,lines,76,2,2,4,true,2584,12,1,3,3,51;54;56,0,3,│├┼,0,0,nan,0.048404499888420105,1,0,76,76,76,1,50d619f4be67b356dcbc907e1cc3f8d27f10223a,inverted
nasa-occupancy-v1,apollo12-lunar-mound,lines,76,2,2,4,true,2508,12,1,3,3,51;54;56,0,3,│├┼,0,0,nan,0.05566849559545517,1,0,76,76,76,1,50d619f4be67b356dcbc907e1cc3f8d27f10223a,inverted
nasa-occupancy-v1,aurora-expedition23,lines,76,2,2,4,true,1748,12,1,3,3,51;54;56,0,3,│├┼,0,0,nan,0.05626314505934715,1,0,76,76,76,1,50d619f4be67b356dcbc907e1cc3f8d27f10223a,inverted
nasa-occupancy-v1,aurora-sts62,lines,76,2,2,4,true,1672,12,1,3,3,51;54;56,0,3,│├┼,0,0,nan,0.06326672434806824,1,0,76,76,76,1,50d619f4be67b356dcbc907e1cc3f8d27f10223a,inverted
nasa-occupancy-v1,calbuco-plume,lines,76,2,2,4,true,2356,12,1,3,3,51;54;56,0,3,│├┼,0,0,nan,0.048169415444135666,1,0,76,76,76,1,50d619f4be67b356dcbc907e1cc3f8d27f10223a,inverted
nasa-occupancy-v1,carina-cosmic-cliffs,lines,76,2,2,4,true,1444,12,1,3,3,51;54;56,0,3,│├┼,0,0,nan,0.06495741009712219,1,0,76,76,76,1,50d619f4be67b356dcbc907e1cc3f8d27f10223a,inverted
nasa-occupancy-v1,cernan-portrait,lines,76,2,2,4,true,3268,12,1,3,3,51;54;56,0.0003059975520195838,3,│├┼,0.0003059975520195838,0.0003059975520195838,1,0.019976472482085228,2,0.0006119951040391676,74.22727272727273,76,76,1,50d619f4be67b356dcbc907e1cc3f8d27f10223a,inverted
nasa-occupancy-v1,daedalia-planum,lines,76,2,2,4,true,5776,12,1,3,3,51;54;56,0,3,│├┼,0,0,nan,0.04937364533543587,1,0,76,76,76,1,50d619f4be67b356dcbc907e1cc3f8d27f10223a,inverted
nasa-occupancy-v1,earth-night-iss-090323,lines,76,2,2,4,true,1672,12,1,3,3,51;54;56,0,3,│├┼,0,0,nan,0.06910297274589539,1,0,76,76,76,1,50d619f4be67b356dcbc907e1cc3f8d27f10223a,inverted
nasa-occupancy-v1,earth-night-iss-091208,lines,76,2,2,4,true,1672,12,1,3,3,51;54;56,0,3,│├┼,0,0,nan,0.06386803835630417,1,0,76,76,76,1,50d619f4be67b356dcbc907e1cc3f8d27f10223a,inverted
nasa-occupancy-v1,iani-chaos,lines,76,2,2,4,true,5548,12,1,3,3,51;54;56,0,3,│├┼,0,0,nan,0.05105086416006088,1,0,76,76,76,1,50d619f4be67b356dcbc907e1cc3f8d27f10223a,inverted
nasa-occupancy-v1,infrared-color-explosion,lines,76,2,2,4,true,2584,12,1,3,3,51;54;56,0,3,│├┼,0,0,nan,0.06312258541584015,1,0,76,76,76,1,50d619f4be67b356dcbc907e1cc3f8d27f10223a,inverted
nasa-occupancy-v1,james-lovell-portrait,lines,76,2,2,4,true,3420,12,1,3,3,51;54;56,0.20087719298245615,3,│├┼,0.2043859649122807,0.2043859649122807,1,0.02427825890481472,2,0.20497076023391814,29.236559139784948,76,76,0.9805075395365943,50d619f4be67b356dcbc907e1cc3f8d27f10223a,inverted
nasa-occupancy-v1,mark-lee-portrait,lines,76,2,2,4,true,3192,12,1,3,3,51;54;56,0.0003132832080200501,3,│├┼,0.0012531328320802004,0.0012531328320802004,1,0.019569898024201393,2,0.0015664160401002505,67.80851063829788,76,76,0.9993724505804832,50d619f4be67b356dcbc907e1cc3f8d27f10223a,inverted
nasa-occupancy-v1,marsha-ivins-portrait,lines,76,2,2,4,true,3268,12,1,3,3,51;54;56,0.0006119951040391676,3,│├┼,0.0006119951040391676,0.0006119951040391676,1,0.040406182408332825,2,0.0006119951040391676,75.95348837209302,76,76,1,50d619f4be67b356dcbc907e1cc3f8d27f10223a,inverted
nasa-occupancy-v1,multicolor-aurora,lines,76,2,2,4,true,1748,12,1,3,3,51;54;56,0,3,│├┼,0,0,nan,0.07369984686374664,1,0,76,76,76,1,50d619f4be67b356dcbc907e1cc3f8d27f10223a,inverted
nasa-occupancy-v1,new-york-night,lines,76,2,2,4,true,1672,12,1,3,3,51;54;56,0,3,│├┼,0,0,nan,0.06573454290628433,1,0,76,76,76,1,50d619f4be67b356dcbc907e1cc3f8d27f10223a,inverted
nasa-occupancy-v1,rcs-function-diagram,lines,76,2,2,4,true,2052,12,1,0,3,51;54;56,0.8313840155945419,3,│├┼,0.8372319688109162,0.8372319688109162,1,0.014209777116775513,2,0.8440545808966862,3.902439024390244,10,18,0.621875,50d619f4be67b356dcbc907e1cc3f8d27f10223a,inverted
nasa-occupancy-v1,reentry-communications-diagram,lines,76,2,2,4,true,3192,12,1,0,3,51;54;56,0.6945488721804511,3,│├┼,0.7052005012531328,0.7052005012531328,1,0.012776960618793964,2,0.7114661654135338,4.772020725388601,14,39,0.7024972855591748,50d619f4be67b356dcbc907e1cc3f8d27f10223a,inverted
nasa-occupancy-v1,rocket-systems-diagram,lines,76,2,2,4,true,2052,12,1,0,3,51;54;56,0.6793372319688109,3,│├┼,0.6915204678362573,0.6915204678362573,1,0.015967369079589844,2,0.6983430799220273,6.728260869565218,20,25,0.8723747980613893,50d619f4be67b356dcbc907e1cc3f8d27f10223a,inverted
nasa-occupancy-v1,san-francisco-night,lines,76,2,2,4,true,1672,12,1,3,3,51;54;56,0,3,│├┼,0,0,nan,0.055758289992809296,1,0,76,76,76,1,50d619f4be67b356dcbc907e1cc3f8d27f10223a,inverted
nasa-occupancy-v1,saturn-infrared,lines,76,2,2,4,true,1368,12,1,3,3,51;54;56,0,3,│├┼,0,0,nan,0.05987197905778885,1,0,76,76,76,1,50d619f4be67b356dcbc907e1cc3f8d27f10223a,inverted
nasa-occupancy-v1,spacecraft-attitude-diagram,lines,76,2,2,4,true,2052,12,1,0,3,51;54;56,0.7470760233918129,3,│├┼,0.7582846003898636,0.7582846003898636,1,0.014049402438104153,2,0.7690058479532164,3.703125,10,25,0.5886075949367089,50d619f4be67b356dcbc907e1cc3f8d27f10223a,inverted
nasa-occupancy-v1,tarantula-spitzer-3color,lines,76,2,2,4,true,1444,12,1,3,3,51;54;56,0,3,│├┼,0,0,nan,0.06647267937660217,1,0,76,76,76,1,50d619f4be67b356dcbc907e1cc3f8d27f10223a,inverted
nasa-occupancy-v1,(pooled),lines,76,2,2,4,true,59964,12,1,3,3,51;54;56,0.12575878860649722,3,│├┼,0.12757654592755654,0.12757654592755654,1,0.012776960618793964,2,0.12881061970515642,42.99588477366255,76,76,0.9861408882082695,50d619f4be67b356dcbc907e1cc3f8d27f10223a,inverted
nasa-occupancy-v1,apollo11-bootprint,lines,80,2,2,4,true,2880,12,1,3,3,51;54;56,0,3,│├┼,0,0,nan,0.05379391461610794,1,0,80,80,80,1,50d619f4be67b356dcbc907e1cc3f8d27f10223a,inverted
nasa-occupancy-v1,apollo12-lunar-mound,lines,80,2,2,4,true,2800,12,1,3,3,51;54;56,0,3,│├┼,0,0,nan,0.04976925998926163,1,0,80,80,80,1,50d619f4be67b356dcbc907e1cc3f8d27f10223a,inverted
nasa-occupancy-v1,aurora-expedition23,lines,80,2,2,4,true,1920,12,1,3,3,51;54;56,0.0005208333333333333,3,│├┼,0.0005208333333333333,0.0005208333333333333,1,0.04219275340437889,2,0.0005208333333333333,76.76,80,80,1,50d619f4be67b356dcbc907e1cc3f8d27f10223a,inverted
nasa-occupancy-v1,aurora-sts62,lines,80,2,2,4,true,1840,12,1,3,3,51;54;56,0,3,│├┼,0,0,nan,0.06565051525831223,1,0,80,80,80,1,50d619f4be67b356dcbc907e1cc3f8d27f10223a,inverted
nasa-occupancy-v1,calbuco-plume,lines,80,2,2,4,true,2560,12,1,3,3,51;54;56,0,3,│├┼,0,0,nan,0.049508873373270035,1,0,80,80,80,1,50d619f4be67b356dcbc907e1cc3f8d27f10223a,inverted
nasa-occupancy-v1,carina-cosmic-cliffs,lines,80,2,2,4,true,1680,12,1,3,3,51;54;56,0,3,│├┼,0,0,nan,0.05732399597764015,1,0,80,80,80,1,50d619f4be67b356dcbc907e1cc3f8d27f10223a,inverted
nasa-occupancy-v1,cernan-portrait,lines,80,2,2,4,true,3600,12,1,3,3,51;54;56,0,3,│├┼,0,0,nan,0.04201324284076691,1,0,80,80,80,1,50d619f4be67b356dcbc907e1cc3f8d27f10223a,inverted
nasa-occupancy-v1,daedalia-planum,lines,80,2,2,4,true,6400,12,1,3,3,51;54;56,0,3,│├┼,0,0,nan,0.04951117932796478,1,0,80,80,80,1,50d619f4be67b356dcbc907e1cc3f8d27f10223a,inverted
nasa-occupancy-v1,earth-night-iss-090323,lines,80,2,2,4,true,1920,12,1,3,3,51;54;56,0,3,│├┼,0,0,nan,0.06723985821008682,1,0,80,80,80,1,50d619f4be67b356dcbc907e1cc3f8d27f10223a,inverted
nasa-occupancy-v1,earth-night-iss-091208,lines,80,2,2,4,true,1920,12,1,3,3,51;54;56,0,3,│├┼,0,0,nan,0.060274653136730194,1,0,80,80,80,1,50d619f4be67b356dcbc907e1cc3f8d27f10223a,inverted
nasa-occupancy-v1,iani-chaos,lines,80,2,2,4,true,6160,12,1,3,3,51;54;56,0,3,│├┼,0,0,nan,0.050623953342437744,1,0,80,80,80,1,50d619f4be67b356dcbc907e1cc3f8d27f10223a,inverted
nasa-occupancy-v1,infrared-color-explosion,lines,80,2,2,4,true,2880,12,1,3,3,51;54;56,0,3,│├┼,0,0,nan,0.056433722376823425,1,0,80,80,80,1,50d619f4be67b356dcbc907e1cc3f8d27f10223a,inverted
nasa-occupancy-v1,james-lovell-portrait,lines,80,2,2,4,true,3760,12,1,3,3,51;54;56,0.20319148936170212,3,│├┼,0.20638297872340425,0.20638297872340425,1,0.01472939271479845,2,0.20718085106382977,32.75824175824176,80,80,0.981549815498155,50d619f4be67b356dcbc907e1cc3f8d27f10223a,inverted
nasa-occupancy-v1,mark-lee-portrait,lines,80,2,2,4,true,3600,12,1,3,3,51;54;56,0.0005555555555555556,3,│├┼,0.001388888888888889,0.001388888888888889,1,0.021984633058309555,2,0.0016666666666666668,70.47058823529412,80,80,0.9994435169727324,50d619f4be67b356dcbc907e1cc3f8d27f10223a,inverted
nasa-occupancy-v1,marsha-ivins-portrait,lines,80,2,2,4,true,3600,12,1,3,3,51;54;56,0.0002777777777777778,3,│├┼,0.0008333333333333334,0.0008333333333333334,1,0.04089122638106346,2,0.0008333333333333334,78.19565217391305,80,80,0.9991659716430359,50d619f4be67b356dcbc907e1cc3f8d27f10223a,inverted
nasa-occupancy-v1,multicolor-aurora,lines,80,2,2,4,true,1920,12,1,3,3,51;54;56,0,3,│├┼,0,0,nan,0.07482081651687622,1,0,80,80,80,1,50d619f4be67b356dcbc907e1cc3f8d27f10223a,inverted
nasa-occupancy-v1,new-york-night,lines,80,2,2,4,true,1840,12,1,3,3,51;54;56,0,3,│├┼,0,0,nan,0.06782427430152893,1,0,80,80,80,1,50d619f4be67b356dcbc907e1cc3f8d27f10223a,inverted
nasa-occupancy-v1,rcs-function-diagram,lines,80,2,2,4,true,2320,12,1,0,3,51;54;56,0.8375,3,│├┼,0.8482758620689655,0.8482758620689655,1,0.0176837295293808,2,0.8538793103448276,3.7252747252747254,11,14,0.6194690265486725,50d619f4be67b356dcbc907e1cc3f8d27f10223a,inverted
nasa-occupancy-v1,reentry-communications-diagram,lines,80,2,2,4,true,3600,12,1,0,3,51;54;56,0.6997222222222222,3,│├┼,0.7116666666666667,0.7116666666666667,1,0.014453575015068054,2,0.7188888888888889,4.706976744186046,17,20,0.6610671936758893,50d619f4be67b356dcbc907e1cc3f8d27f10223a,inverted
nasa-occupancy-v1,rocket-systems-diagram,lines,80,2,2,4,true,2320,12,1,0,3,51;54;56,0.6827586206896552,3,│├┼,0.6991379310344827,0.6991379310344827,1,0.014453575015068054,2,0.7068965517241379,6.181818181818182,22,33,0.8632352941176471,50d619f4be67b356dcbc907e1cc3f8d27f10223a,inverted
nasa-occupancy-v1,san-francisco-night,lines,80,2,2,4,true,1920,12,1,3,3,51;54;56,0,3,│├┼,0,0,nan,0.06152598187327385,1,0,80,80,80,1,50d619f4be67b356dcbc907e1cc3f8d27f10223a,inverted
nasa-occupancy-v1,saturn-infrared,lines,80,2,2,4,true,1520,12,1,3,3,51;54;56,0,3,│├┼,0,0,nan,0.06251946091651917,1,0,80,80,80,1,50d619f4be67b356dcbc907e1cc3f8d27f10223a,inverted
nasa-occupancy-v1,spacecraft-attitude-diagram,lines,80,2,2,4,true,2320,12,1,0,3,51;54;56,0.7685344827586207,3,│├┼,0.7810344827586206,0.7810344827586206,1,0.011988823302090168,2,0.790948275862069,3.4892086330935252,12,22,0.5752577319587628,50d619f4be67b356dcbc907e1cc3f8d27f10223a,inverted
nasa-occupancy-v1,tarantula-spitzer-3color,lines,80,2,2,4,true,1600,12,1,3,3,51;54;56,0,3,│├┼,0,0,nan,0.06535851955413818,1,0,80,80,80,1,50d619f4be67b356dcbc907e1cc3f8d27f10223a,inverted
nasa-occupancy-v1,(pooled),lines,80,2,2,4,true,66880,12,1,3,3,51;54;56,0.12854366028708133,3,│├┼,0.13081638755980862,0.13081638755980862,1,0.011988823302090168,2,0.13207236842105263,44.276887871853546,80,80,0.9856840146777611,50d619f4be67b356dcbc907e1cc3f8d27f10223a,inverted
nasa-occupancy-v1,apollo11-bootprint,lines,288,2,2,4,true,37440,12,1,3,3,51;54;56,0,3,│├┼,0,0,nan,0.03227556496858597,2,5.341880341880342e-05,283.6212121212121,288,288,1,50d619f4be67b356dcbc907e1cc3f8d27f10223a,inverted
nasa-occupancy-v1,apollo12-lunar-mound,lines,288,2,2,4,true,36288,12,1,3,3,51;54;56,2.755731922398589e-05,3,│├┼,2.755731922398589e-05,2.755731922398589e-05,1,0.03182113915681839,2,5.511463844797178e-05,283.484375,288,288,1,50d619f4be67b356dcbc907e1cc3f8d27f10223a,inverted
nasa-occupancy-v1,aurora-expedition23,lines,288,2,2,4,true,25632,12,1,3,3,51;54;56,0.019975031210986267,3,│├┼,0.020209113607990013,0.020209113607990013,1,0.020569084212183952,2,0.02028714107365793,253.65656565656565,288,288,0.9999601784007646,50d619f4be67b356dcbc907e1cc3f8d27f10223a,inverted
nasa-occupancy-v1,aurora-sts62,lines,288,2,2,4,true,24768,12,1,3,3,51;54;56,0.001736111111111111,3,│├┼,0.0017764857881136951,0.0017764857881136951,1,0.05836348608136177,2,0.0017764857881136951,268.7391304347826,288,288,0.9997977673515612,50d619f4be67b356dcbc907e1cc3f8d27f10223a,inverted
nasa-occupancy-v1,calbuco-plume,lines,288,2,2,4,true,33696,12,1,3,3,51;54;56,8.903133903133904e-05,3,│├┼,0.00011870845204178538,0.00011870845204178538,1,0.04187276214361191,2,0.00011870845204178538,280.76666666666665,288,288,1,50d619f4be67b356dcbc907e1cc3f8d27f10223a,inverted
nasa-occupancy-v1,carina-cosmic-cliffs,lines,288,2,2,4,true,21600,12,1,3,3,51;54;56,9.259259259259259e-05,3,│├┼,9.259259259259259e-05,9.259259259259259e-05,1,0.03612828999757767,2,9.259259259259259e-05,284.1842105263158,288,288,1,50d619f4be67b356dcbc907e1cc3f8d27f10223a,inverted
nasa-occupancy-v1,cernan-portrait,lines,288,2,2,4,true,46944,12,1,3,3,51;54;56,6.390593047034765e-05,3,│├┼,0.0001278118609406953,0.0001278118609406953,1,0.030991556122899055,2,0.00017041581458759374,276.09411764705885,288,288,0.9999786943923641,50d619f4be67b356dcbc907e1cc3f8d27f10223a,inverted
nasa-occupancy-v1,daedalia-planum,lines,288,2,2,4,true,83232,12,1,3,3,51;54;56,2.4029219530949635e-05,3,│├┼,6.007304882737409e-05,6.007304882737409e-05,1,0.03495023772120476,2,6.007304882737409e-05,284.05119453924914,288,288,1,50d619f4be67b356dcbc907e1cc3f8d27f10223a,inverted
nasa-occupancy-v1,earth-night-iss-090323,lines,288,2,2,4,true,25056,12,1,3,3,51;54;56,0,3,│├┼,0,0,nan,0.05462554097175598,1,0,288,288,288,1,50d619f4be67b356dcbc907e1cc3f8d27f10223a,inverted
nasa-occupancy-v1,earth-night-iss-091208,lines,288,2,2,4,true,25056,12,1,3,3,51;54;56,0,3,│├┼,0,0,nan,0.05871424823999405,1,0,288,288,288,1,50d619f4be67b356dcbc907e1cc3f8d27f10223a,inverted
nasa-occupancy-v1,iani-chaos,lines,288,2,2,4,true,80352,12,1,3,3,51;54;56,0,3,│├┼,0,0,nan,0.04429894685745239,1,0,288,288,288,1,50d619f4be67b356dcbc907e1cc3f8d27f10223a,inverted
nasa-occupancy-v1,infrared-color-explosion,lines,288,2,2,4,true,37440,12,1,3,3,51;54;56,8.012820512820513e-05,3,│├┼,0.00010683760683760684,0.00010683760683760684,1,0.04978063702583313,2,0.00010683760683760684,283.6060606060606,288,288,1,50d619f4be67b356dcbc907e1cc3f8d27f10223a,inverted
nasa-occupancy-v1,james-lovell-portrait,lines,288,2,2,4,true,49248,12,1,3,3,51;54;56,0.20778508771929824,3,│├┼,0.2152777777777778,0.2152777777777778,1,0.028001615777611732,2,0.21535899935022743,42.185589519650655,232,288,0.9776667874333627,50d619f4be67b356dcbc907e1cc3f8d27f10223a,inverted
nasa-occupancy-v1,mark-lee-portrait,lines,288,2,2,4,true,46656,12,1,3,3,51;54;56,0.001736111111111111,3,│├┼,0.0021862139917695473,0.0021862139917695473,1,0.017929449677467346,2,0.0023791152263374486,208.7219730941704,288,288,0.9992265549468257,50d619f4be67b356dcbc907e1cc3f8d27f10223a,inverted
nasa-occupancy-v1,marsha-ivins-portrait,lines,288,2,2,4,true,47232,12,1,3,3,51;54;56,0.0010797764227642277,3,│├┼,0.001122120596205962,0.001122120596205962,1,0.043558064848184586,2,0.001122120596205962,271.14367816091954,288,288,0.9997668454185125,50d619f4be67b356dcbc907e1cc3f8d27f10223a,inverted
nasa-occupancy-v1,multicolor-aurora,lines,288,2,2,4,true,25056,12,1,3,3,51;54;56,0,3,│├┼,0,0,nan,0.06820797175168991,1,0,288,288,288,1,50d619f4be67b356dcbc907e1cc3f8d27f10223a,inverted
nasa-occupancy-v1,new-york-night,lines,288,2,2,4,true,24480,12,1,3,3,51;54;56,0,3,│├┼,0,0,nan,0.06046821177005768,1,0,288,288,288,1,50d619f4be67b356dcbc907e1cc3f8d27f10223a,inverted
nasa-occupancy-v1,rcs-function-diagram,lines,288,2,2,4,true,29952,12,1,0,3,51;54;56,0.9215411324786325,3,│├┼,0.9257144764957265,0.9257144764957265,1,0.007658556569367647,2,0.9285189636752137,3.5683333333333334,10,20,0.539000467071462,50d619f4be67b356dcbc907e1cc3f8d27f10223a,inverted
nasa-occupancy-v1,reentry-communications-diagram,lines,288,2,2,4,true,46656,12,1,0,3,51;54;56,0.876693244170096,3,│├┼,0.8837019890260631,0.8837019890260631,1,0.006222577299922705,2,0.888224451303155,3.3710407239819005,8,52,0.43087248322147653,50d619f4be67b356dcbc907e1cc3f8d27f10223a,inverted
nasa-occupancy-v1,rocket-systems-diagram,lines,288,2,2,4,true,29952,12,1,0,3,51;54;56,0.8292601495726496,3,│├┼,0.8422809829059829,0.8422809829059829,1,0.006250861566513777,2,0.8496260683760684,3.1126468555632343,8,27,0.4311722912966252,50d619f4be67b356dcbc907e1cc3f8d27f10223a,inverted
nasa-occupancy-v1,san-francisco-night,lines,288,2,2,4,true,25056,12,1,3,3,51;54;56,0,3,│├┼,0,0,nan,0.04469737783074379,1,0,288,288,288,1,50d619f4be67b356dcbc907e1cc3f8d27f10223a,inverted
nasa-occupancy-v1,saturn-infrared,lines,288,2,2,4,true,20160,12,1,3,3,51;54;56,0,3,│├┼,0,0,nan,0.06684333831071854,1,0,288,288,288,1,50d619f4be67b356dcbc907e1cc3f8d27f10223a,inverted
nasa-occupancy-v1,spacecraft-attitude-diagram,lines,288,2,2,4,true,29952,12,1,0,3,51;54;56,0.8948651175213675,3,│├┼,0.9007411858974359,0.9007411858974359,1,0.007018831092864275,2,0.9045138888888888,3.3686690223792697,8,44,0.5020979020979021,50d619f4be67b356dcbc907e1cc3f8d27f10223a,inverted
nasa-occupancy-v1,tarantula-spitzer-3color,lines,288,2,2,4,true,21024,12,1,3,3,51;54;56,0,3,│├┼,0,0,nan,0.06381227821111679,1,0,288,288,288,1,50d619f4be67b356dcbc907e1cc3f8d27f10223a,inverted
nasa-occupancy-v1,(pooled),lines,288,2,2,4,true,872928,12,1,3,3,51;54;56,0.15016129623519925,3,│├┼,0.15179373327468015,0.15179373327468015,1,0.006222577299922705,2,0.15253606253894939,94.20285241309054,288,288,0.9880260890135514,50d619f4be67b356dcbc907e1cc3f8d27f10223a,inverted
nasa-occupancy-v1,apollo11-bootprint,diagonal,76,2,2,4,true,2584,4,1,3,3,51;54;56,0,0,,1,1,1,nan,1,1,nan,nan,0,nan,50d619f4be67b356dcbc907e1cc3f8d27f10223a,inverted
nasa-occupancy-v1,apollo12-lunar-mound,diagonal,76,2,2,4,true,2508,4,1,3,3,51;54;56,0,0,,1,1,1,nan,1,1,nan,nan,0,nan,50d619f4be67b356dcbc907e1cc3f8d27f10223a,inverted
nasa-occupancy-v1,aurora-expedition23,diagonal,76,2,2,4,true,1748,4,1,3,3,51;54;56,0,0,,1,1,1,nan,1,1,nan,nan,0,nan,50d619f4be67b356dcbc907e1cc3f8d27f10223a,inverted
nasa-occupancy-v1,aurora-sts62,diagonal,76,2,2,4,true,1672,4,1,3,3,51;54;56,0,0,,1,1,1,nan,1,1,nan,nan,0,nan,50d619f4be67b356dcbc907e1cc3f8d27f10223a,inverted
nasa-occupancy-v1,calbuco-plume,diagonal,76,2,2,4,true,2356,4,1,3,3,51;54;56,0,0,,1,1,1,nan,1,1,nan,nan,0,nan,50d619f4be67b356dcbc907e1cc3f8d27f10223a,inverted
nasa-occupancy-v1,carina-cosmic-cliffs,diagonal,76,2,2,4,true,1444,4,1,3,3,51;54;56,0,0,,1,1,1,nan,1,1,nan,nan,0,nan,50d619f4be67b356dcbc907e1cc3f8d27f10223a,inverted
nasa-occupancy-v1,cernan-portrait,diagonal,76,2,2,4,true,3268,4,1,3,3,51;54;56,0.0003059975520195838,0,,1,1,1,nan,1,1,nan,nan,0,nan,50d619f4be67b356dcbc907e1cc3f8d27f10223a,inverted
nasa-occupancy-v1,daedalia-planum,diagonal,76,2,2,4,true,5776,4,1,3,3,51;54;56,0,0,,1,1,1,nan,1,1,nan,nan,0,nan,50d619f4be67b356dcbc907e1cc3f8d27f10223a,inverted
nasa-occupancy-v1,earth-night-iss-090323,diagonal,76,2,2,4,true,1672,4,1,3,3,51;54;56,0,0,,1,1,1,nan,1,1,nan,nan,0,nan,50d619f4be67b356dcbc907e1cc3f8d27f10223a,inverted
nasa-occupancy-v1,earth-night-iss-091208,diagonal,76,2,2,4,true,1672,4,1,3,3,51;54;56,0,0,,1,1,1,nan,1,1,nan,nan,0,nan,50d619f4be67b356dcbc907e1cc3f8d27f10223a,inverted
nasa-occupancy-v1,iani-chaos,diagonal,76,2,2,4,true,5548,4,1,3,3,51;54;56,0,0,,1,1,1,nan,1,1,nan,nan,0,nan,50d619f4be67b356dcbc907e1cc3f8d27f10223a,inverted
nasa-occupancy-v1,infrared-color-explosion,diagonal,76,2,2,4,true,2584,4,1,3,3,51;54;56,0,0,,1,1,1,nan,1,1,nan,nan,0,nan,50d619f4be67b356dcbc907e1cc3f8d27f10223a,inverted
nasa-occupancy-v1,james-lovell-portrait,diagonal,76,2,2,4,true,3420,4,1,3,3,51;54;56,0.20087719298245615,0,,1,1,1,nan,1,1,nan,nan,0,nan,50d619f4be67b356dcbc907e1cc3f8d27f10223a,inverted
nasa-occupancy-v1,mark-lee-portrait,diagonal,76,2,2,4,true,3192,4,1,3,3,51;54;56,0.0003132832080200501,0,,1,1,1,nan,1,1,nan,nan,0,nan,50d619f4be67b356dcbc907e1cc3f8d27f10223a,inverted
nasa-occupancy-v1,marsha-ivins-portrait,diagonal,76,2,2,4,true,3268,4,1,3,3,51;54;56,0.0006119951040391676,0,,1,1,1,nan,1,1,nan,nan,0,nan,50d619f4be67b356dcbc907e1cc3f8d27f10223a,inverted
nasa-occupancy-v1,multicolor-aurora,diagonal,76,2,2,4,true,1748,4,1,3,3,51;54;56,0,0,,1,1,1,nan,1,1,nan,nan,0,nan,50d619f4be67b356dcbc907e1cc3f8d27f10223a,inverted
nasa-occupancy-v1,new-york-night,diagonal,76,2,2,4,true,1672,4,1,3,3,51;54;56,0,0,,1,1,1,nan,1,1,nan,nan,0,nan,50d619f4be67b356dcbc907e1cc3f8d27f10223a,inverted
nasa-occupancy-v1,rcs-function-diagram,diagonal,76,2,2,4,true,2052,4,1,0,3,51;54;56,0.8313840155945419,0,,1,1,1,nan,1,1,nan,nan,0,nan,50d619f4be67b356dcbc907e1cc3f8d27f10223a,inverted
nasa-occupancy-v1,reentry-communications-diagram,diagonal,76,2,2,4,true,3192,4,1,0,3,51;54;56,0.6945488721804511,0,,1,1,1,nan,1,1,nan,nan,0,nan,50d619f4be67b356dcbc907e1cc3f8d27f10223a,inverted
nasa-occupancy-v1,rocket-systems-diagram,diagonal,76,2,2,4,true,2052,4,1,0,3,51;54;56,0.6793372319688109,0,,1,1,1,nan,1,1,nan,nan,0,nan,50d619f4be67b356dcbc907e1cc3f8d27f10223a,inverted
nasa-occupancy-v1,san-francisco-night,diagonal,76,2,2,4,true,1672,4,1,3,3,51;54;56,0,0,,1,1,1,nan,1,1,nan,nan,0,nan,50d619f4be67b356dcbc907e1cc3f8d27f10223a,inverted
nasa-occupancy-v1,saturn-infrared,diagonal,76,2,2,4,true,1368,4,1,3,3,51;54;56,0,0,,1,1,1,nan,1,1,nan,nan,0,nan,50d619f4be67b356dcbc907e1cc3f8d27f10223a,inverted
nasa-occupancy-v1,spacecraft-attitude-diagram,diagonal,76,2,2,4,true,2052,4,1,0,3,51;54;56,0.7470760233918129,0,,1,1,1,nan,1,1,nan,nan,0,nan,50d619f4be67b356dcbc907e1cc3f8d27f10223a,inverted
nasa-occupancy-v1,tarantula-spitzer-3color,diagonal,76,2,2,4,true,1444,4,1,3,3,51;54;56,0,0,,1,1,1,nan,1,1,nan,nan,0,nan,50d619f4be67b356dcbc907e1cc3f8d27f10223a,inverted
nasa-occupancy-v1,(pooled),diagonal,76,2,2,4,true,59964,4,1,3,3,51;54;56,0.12575878860649722,0,,1,1,1,nan,1,1,nan,nan,0,nan,50d619f4be67b356dcbc907e1cc3f8d27f10223a,inverted
nasa-occupancy-v1,apollo11-bootprint,diagonal,80,2,2,4,true,2880,4,1,3,3,51;54;56,0,0,,1,1,1,nan,1,1,nan,nan,0,nan,50d619f4be67b356dcbc907e1cc3f8d27f10223a,inverted
nasa-occupancy-v1,apollo12-lunar-mound,diagonal,80,2,2,4,true,2800,4,1,3,3,51;54;56,0,0,,1,1,1,nan,1,1,nan,nan,0,nan,50d619f4be67b356dcbc907e1cc3f8d27f10223a,inverted
nasa-occupancy-v1,aurora-expedition23,diagonal,80,2,2,4,true,1920,4,1,3,3,51;54;56,0.0005208333333333333,0,,1,1,1,nan,1,1,nan,nan,0,nan,50d619f4be67b356dcbc907e1cc3f8d27f10223a,inverted
nasa-occupancy-v1,aurora-sts62,diagonal,80,2,2,4,true,1840,4,1,3,3,51;54;56,0,0,,1,1,1,nan,1,1,nan,nan,0,nan,50d619f4be67b356dcbc907e1cc3f8d27f10223a,inverted
nasa-occupancy-v1,calbuco-plume,diagonal,80,2,2,4,true,2560,4,1,3,3,51;54;56,0,0,,1,1,1,nan,1,1,nan,nan,0,nan,50d619f4be67b356dcbc907e1cc3f8d27f10223a,inverted
nasa-occupancy-v1,carina-cosmic-cliffs,diagonal,80,2,2,4,true,1680,4,1,3,3,51;54;56,0,0,,1,1,1,nan,1,1,nan,nan,0,nan,50d619f4be67b356dcbc907e1cc3f8d27f10223a,inverted
nasa-occupancy-v1,cernan-portrait,diagonal,80,2,2,4,true,3600,4,1,3,3,51;54;56,0,0,,1,1,1,nan,1,1,nan,nan,0,nan,50d619f4be67b356dcbc907e1cc3f8d27f10223a,inverted
nasa-occupancy-v1,daedalia-planum,diagonal,80,2,2,4,true,6400,4,1,3,3,51;54;56,0,0,,1,1,1,nan,1,1,nan,nan,0,nan,50d619f4be67b356dcbc907e1cc3f8d27f10223a,inverted
nasa-occupancy-v1,earth-night-iss-090323,diagonal,80,2,2,4,true,1920,4,1,3,3,51;54;56,0,0,,1,1,1,nan,1,1,nan,nan,0,nan,50d619f4be67b356dcbc907e1cc3f8d27f10223a,inverted
nasa-occupancy-v1,earth-night-iss-091208,diagonal,80,2,2,4,true,1920,4,1,3,3,51;54;56,0,0,,1,1,1,nan,1,1,nan,nan,0,nan,50d619f4be67b356dcbc907e1cc3f8d27f10223a,inverted
nasa-occupancy-v1,iani-chaos,diagonal,80,2,2,4,true,6160,4,1,3,3,51;54;56,0,0,,1,1,1,nan,1,1,nan,nan,0,nan,50d619f4be67b356dcbc907e1cc3f8d27f10223a,inverted
nasa-occupancy-v1,infrared-color-explosion,diagonal,80,2,2,4,true,2880,4,1,3,3,51;54;56,0,0,,1,1,1,nan,1,1,nan,nan,0,nan,50d619f4be67b356dcbc907e1cc3f8d27f10223a,inverted
nasa-occupancy-v1,james-lovell-portrait,diagonal,80,2,2,4,true,3760,4,1,3,3,51;54;56,0.20319148936170212,0,,1,1,1,nan,1,1,nan,nan,0,nan,50d619f4be67b356dcbc907e1cc3f8d27f10223a,inverted
nasa-occupancy-v1,mark-lee-portrait,diagonal,80,2,2,4,true,3600,4,1,3,3,51;54;56,0.0005555555555555556,0,,1,1,1,nan,1,1,nan,nan,0,nan,50d619f4be67b356dcbc907e1cc3f8d27f10223a,inverted
nasa-occupancy-v1,marsha-ivins-portrait,diagonal,80,2,2,4,true,3600,4,1,3,3,51;54;56,0.0002777777777777778,0,,1,1,1,nan,1,1,nan,nan,0,nan,50d619f4be67b356dcbc907e1cc3f8d27f10223a,inverted
nasa-occupancy-v1,multicolor-aurora,diagonal,80,2,2,4,true,1920,4,1,3,3,51;54;56,0,0,,1,1,1,nan,1,1,nan,nan,0,nan,50d619f4be67b356dcbc907e1cc3f8d27f10223a,inverted
nasa-occupancy-v1,new-york-night,diagonal,80,2,2,4,true,1840,4,1,3,3,51;54;56,0,0,,1,1,1,nan,1,1,nan,nan,0,nan,50d619f4be67b356dcbc907e1cc3f8d27f10223a,inverted
nasa-occupancy-v1,rcs-function-diagram,diagonal,80,2,2,4,true,2320,4,1,0,3,51;54;56,0.8375,0,,1,1,1,nan,1,1,nan,nan,0,nan,50d619f4be67b356dcbc907e1cc3f8d27f10223a,inverted
nasa-occupancy-v1,reentry-communications-diagram,diagonal,80,2,2,4,true,3600,4,1,0,3,51;54;56,0.6997222222222222,0,,1,1,1,nan,1,1,nan,nan,0,nan,50d619f4be67b356dcbc907e1cc3f8d27f10223a,inverted
nasa-occupancy-v1,rocket-systems-diagram,diagonal,80,2,2,4,true,2320,4,1,0,3,51;54;56,0.6827586206896552,0,,1,1,1,nan,1,1,nan,nan,0,nan,50d619f4be67b356dcbc907e1cc3f8d27f10223a,inverted
nasa-occupancy-v1,san-francisco-night,diagonal,80,2,2,4,true,1920,4,1,3,3,51;54;56,0,0,,1,1,1,nan,1,1,nan,nan,0,nan,50d619f4be67b356dcbc907e1cc3f8d27f10223a,inverted
nasa-occupancy-v1,saturn-infrared,diagonal,80,2,2,4,true,1520,4,1,3,3,51;54;56,0,0,,1,1,1,nan,1,1,nan,nan,0,nan,50d619f4be67b356dcbc907e1cc3f8d27f10223a,inverted
nasa-occupancy-v1,spacecraft-attitude-diagram,diagonal,80,2,2,4,true,2320,4,1,0,3,51;54;56,0.7685344827586207,0,,1,1,1,nan,1,1,nan,nan,0,nan,50d619f4be67b356dcbc907e1cc3f8d27f10223a,inverted
nasa-occupancy-v1,tarantula-spitzer-3color,diagonal,80,2,2,4,true,1600,4,1,3,3,51;54;56,0,0,,1,1,1,nan,1,1,nan,nan,0,nan,50d619f4be67b356dcbc907e1cc3f8d27f10223a,inverted
nasa-occupancy-v1,(pooled),diagonal,80,2,2,4,true,66880,4,1,3,3,51;54;56,0.12854366028708133,0,,1,1,1,nan,1,1,nan,nan,0,nan,50d619f4be67b356dcbc907e1cc3f8d27f10223a,inverted
nasa-occupancy-v1,apollo11-bootprint,diagonal,288,2,2,4,true,37440,4,1,3,3,51;54;56,0,0,,1,1,1,nan,1,1,nan,nan,0,nan,50d619f4be67b356dcbc907e1cc3f8d27f10223a,inverted
nasa-occupancy-v1,apollo12-lunar-mound,diagonal,288,2,2,4,true,36288,4,1,3,3,51;54;56,2.755731922398589e-05,0,,1,1,1,nan,1,1,nan,nan,0,nan,50d619f4be67b356dcbc907e1cc3f8d27f10223a,inverted
nasa-occupancy-v1,aurora-expedition23,diagonal,288,2,2,4,true,25632,4,1,3,3,51;54;56,0.019975031210986267,0,,1,1,1,nan,1,1,nan,nan,0,nan,50d619f4be67b356dcbc907e1cc3f8d27f10223a,inverted
nasa-occupancy-v1,aurora-sts62,diagonal,288,2,2,4,true,24768,4,1,3,3,51;54;56,0.001736111111111111,0,,1,1,1,nan,1,1,nan,nan,0,nan,50d619f4be67b356dcbc907e1cc3f8d27f10223a,inverted
nasa-occupancy-v1,calbuco-plume,diagonal,288,2,2,4,true,33696,4,1,3,3,51;54;56,8.903133903133904e-05,0,,1,1,1,nan,1,1,nan,nan,0,nan,50d619f4be67b356dcbc907e1cc3f8d27f10223a,inverted
nasa-occupancy-v1,carina-cosmic-cliffs,diagonal,288,2,2,4,true,21600,4,1,3,3,51;54;56,9.259259259259259e-05,0,,1,1,1,nan,1,1,nan,nan,0,nan,50d619f4be67b356dcbc907e1cc3f8d27f10223a,inverted
nasa-occupancy-v1,cernan-portrait,diagonal,288,2,2,4,true,46944,4,1,3,3,51;54;56,6.390593047034765e-05,0,,1,1,1,nan,1,1,nan,nan,0,nan,50d619f4be67b356dcbc907e1cc3f8d27f10223a,inverted
nasa-occupancy-v1,daedalia-planum,diagonal,288,2,2,4,true,83232,4,1,3,3,51;54;56,2.4029219530949635e-05,0,,1,1,1,nan,1,1,nan,nan,0,nan,50d619f4be67b356dcbc907e1cc3f8d27f10223a,inverted
nasa-occupancy-v1,earth-night-iss-090323,diagonal,288,2,2,4,true,25056,4,1,3,3,51;54;56,0,0,,1,1,1,nan,1,1,nan,nan,0,nan,50d619f4be67b356dcbc907e1cc3f8d27f10223a,inverted
nasa-occupancy-v1,earth-night-iss-091208,diagonal,288,2,2,4,true,25056,4,1,3,3,51;54;56,0,0,,1,1,1,nan,1,1,nan,nan,0,nan,50d619f4be67b356dcbc907e1cc3f8d27f10223a,inverted
nasa-occupancy-v1,iani-chaos,diagonal,288,2,2,4,true,80352,4,1,3,3,51;54;56,0,0,,1,1,1,nan,1,1,nan,nan,0,nan,50d619f4be67b356dcbc907e1cc3f8d27f10223a,inverted
nasa-occupancy-v1,infrared-color-explosion,diagonal,288,2,2,4,true,37440,4,1,3,3,51;54;56,8.012820512820513e-05,0,,1,1,1,nan,1,1,nan,nan,0,nan,50d619f4be67b356dcbc907e1cc3f8d27f10223a,inverted
nasa-occupancy-v1,james-lovell-portrait,diagonal,288,2,2,4,true,49248,4,1,3,3,51;54;56,0.20778508771929824,0,,1,1,1,nan,1,1,nan,nan,0,nan,50d619f4be67b356dcbc907e1cc3f8d27f10223a,inverted
nasa-occupancy-v1,mark-lee-portrait,diagonal,288,2,2,4,true,46656,4,1,3,3,51;54;56,0.001736111111111111,0,,1,1,1,nan,1,1,nan,nan,0,nan,50d619f4be67b356dcbc907e1cc3f8d27f10223a,inverted
nasa-occupancy-v1,marsha-ivins-portrait,diagonal,288,2,2,4,true,47232,4,1,3,3,51;54;56,0.0010797764227642277,0,,1,1,1,nan,1,1,nan,nan,0,nan,50d619f4be67b356dcbc907e1cc3f8d27f10223a,inverted
nasa-occupancy-v1,multicolor-aurora,diagonal,288,2,2,4,true,25056,4,1,3,3,51;54;56,0,0,,1,1,1,nan,1,1,nan,nan,0,nan,50d619f4be67b356dcbc907e1cc3f8d27f10223a,inverted
nasa-occupancy-v1,new-york-night,diagonal,288,2,2,4,true,24480,4,1,3,3,51;54;56,0,0,,1,1,1,nan,1,1,nan,nan,0,nan,50d619f4be67b356dcbc907e1cc3f8d27f10223a,inverted
nasa-occupancy-v1,rcs-function-diagram,diagonal,288,2,2,4,true,29952,4,1,0,3,51;54;56,0.9215411324786325,0,,1,1,1,nan,1,1,nan,nan,0,nan,50d619f4be67b356dcbc907e1cc3f8d27f10223a,inverted
nasa-occupancy-v1,reentry-communications-diagram,diagonal,288,2,2,4,true,46656,4,1,0,3,51;54;56,0.876693244170096,0,,1,1,1,nan,1,1,nan,nan,0,nan,50d619f4be67b356dcbc907e1cc3f8d27f10223a,inverted
nasa-occupancy-v1,rocket-systems-diagram,diagonal,288,2,2,4,true,29952,4,1,0,3,51;54;56,0.8292601495726496,0,,1,1,1,nan,1,1,nan,nan,0,nan,50d619f4be67b356dcbc907e1cc3f8d27f10223a,inverted
nasa-occupancy-v1,san-francisco-night,diagonal,288,2,2,4,true,25056,4,1,3,3,51;54;56,0,0,,1,1,1,nan,1,1,nan,nan,0,nan,50d619f4be67b356dcbc907e1cc3f8d27f10223a,inverted
nasa-occupancy-v1,saturn-infrared,diagonal,288,2,2,4,true,20160,4,1,3,3,51;54;56,0,0,,1,1,1,nan,1,1,nan,nan,0,nan,50d619f4be67b356dcbc907e1cc3f8d27f10223a,inverted
nasa-occupancy-v1,spacecraft-attitude-diagram,diagonal,288,2,2,4,true,29952,4,1,0,3,51;54;56,0.8948651175213675,0,,1,1,1,nan,1,1,nan,nan,0,nan,50d619f4be67b356dcbc907e1cc3f8d27f10223a,inverted
nasa-occupancy-v1,tarantula-spitzer-3color,diagonal,288,2,2,4,true,21024,4,1,3,3,51;54;56,0,0,,1,1,1,nan,1,1,nan,nan,0,nan,50d619f4be67b356dcbc907e1cc3f8d27f10223a,inverted
nasa-occupancy-v1,(pooled),diagonal,288,2,2,4,true,872928,4,1,3,3,51;54;56,0.15016129623519925,0,,1,1,1,nan,1,1,nan,nan,0,nan,50d619f4be67b356dcbc907e1cc3f8d27f10223a,inverted
nasa-occupancy-v1,apollo11-bootprint,cross,76,2,2,4,true,2584,5,1,3,3,51;54;56,0,0,,1,1,1,nan,1,1,nan,nan,0,nan,50d619f4be67b356dcbc907e1cc3f8d27f10223a,inverted
nasa-occupancy-v1,apollo12-lunar-mound,cross,76,2,2,4,true,2508,5,1,3,3,51;54;56,0,0,,1,1,1,nan,1,1,nan,nan,0,nan,50d619f4be67b356dcbc907e1cc3f8d27f10223a,inverted
nasa-occupancy-v1,aurora-expedition23,cross,76,2,2,4,true,1748,5,1,3,3,51;54;56,0,0,,1,1,1,nan,1,1,nan,nan,0,nan,50d619f4be67b356dcbc907e1cc3f8d27f10223a,inverted
nasa-occupancy-v1,aurora-sts62,cross,76,2,2,4,true,1672,5,1,3,3,51;54;56,0,0,,1,1,1,nan,1,1,nan,nan,0,nan,50d619f4be67b356dcbc907e1cc3f8d27f10223a,inverted
nasa-occupancy-v1,calbuco-plume,cross,76,2,2,4,true,2356,5,1,3,3,51;54;56,0,0,,1,1,1,nan,1,1,nan,nan,0,nan,50d619f4be67b356dcbc907e1cc3f8d27f10223a,inverted
nasa-occupancy-v1,carina-cosmic-cliffs,cross,76,2,2,4,true,1444,5,1,3,3,51;54;56,0,0,,1,1,1,nan,1,1,nan,nan,0,nan,50d619f4be67b356dcbc907e1cc3f8d27f10223a,inverted
nasa-occupancy-v1,cernan-portrait,cross,76,2,2,4,true,3268,5,1,3,3,51;54;56,0.0003059975520195838,0,,1,1,1,nan,1,1,nan,nan,0,nan,50d619f4be67b356dcbc907e1cc3f8d27f10223a,inverted
nasa-occupancy-v1,daedalia-planum,cross,76,2,2,4,true,5776,5,1,3,3,51;54;56,0,0,,1,1,1,nan,1,1,nan,nan,0,nan,50d619f4be67b356dcbc907e1cc3f8d27f10223a,inverted
nasa-occupancy-v1,earth-night-iss-090323,cross,76,2,2,4,true,1672,5,1,3,3,51;54;56,0,0,,1,1,1,nan,1,1,nan,nan,0,nan,50d619f4be67b356dcbc907e1cc3f8d27f10223a,inverted
nasa-occupancy-v1,earth-night-iss-091208,cross,76,2,2,4,true,1672,5,1,3,3,51;54;56,0,0,,1,1,1,nan,1,1,nan,nan,0,nan,50d619f4be67b356dcbc907e1cc3f8d27f10223a,inverted
nasa-occupancy-v1,iani-chaos,cross,76,2,2,4,true,5548,5,1,3,3,51;54;56,0,0,,1,1,1,nan,1,1,nan,nan,0,nan,50d619f4be67b356dcbc907e1cc3f8d27f10223a,inverted
nasa-occupancy-v1,infrared-color-explosion,cross,76,2,2,4,true,2584,5,1,3,3,51;54;56,0,0,,1,1,1,nan,1,1,nan,nan,0,nan,50d619f4be67b356dcbc907e1cc3f8d27f10223a,inverted
nasa-occupancy-v1,james-lovell-portrait,cross,76,2,2,4,true,3420,5,1,3,3,51;54;56,0.20087719298245615,0,,1,1,1,nan,1,1,nan,nan,0,nan,50d619f4be67b356dcbc907e1cc3f8d27f10223a,inverted
nasa-occupancy-v1,mark-lee-portrait,cross,76,2,2,4,true,3192,5,1,3,3,51;54;56,0.0003132832080200501,0,,1,1,1,nan,1,1,nan,nan,0,nan,50d619f4be67b356dcbc907e1cc3f8d27f10223a,inverted
nasa-occupancy-v1,marsha-ivins-portrait,cross,76,2,2,4,true,3268,5,1,3,3,51;54;56,0.0006119951040391676,0,,1,1,1,nan,1,1,nan,nan,0,nan,50d619f4be67b356dcbc907e1cc3f8d27f10223a,inverted
nasa-occupancy-v1,multicolor-aurora,cross,76,2,2,4,true,1748,5,1,3,3,51;54;56,0,0,,1,1,1,nan,1,1,nan,nan,0,nan,50d619f4be67b356dcbc907e1cc3f8d27f10223a,inverted
nasa-occupancy-v1,new-york-night,cross,76,2,2,4,true,1672,5,1,3,3,51;54;56,0,0,,1,1,1,nan,1,1,nan,nan,0,nan,50d619f4be67b356dcbc907e1cc3f8d27f10223a,inverted
nasa-occupancy-v1,rcs-function-diagram,cross,76,2,2,4,true,2052,5,1,0,3,51;54;56,0.8313840155945419,0,,1,1,1,nan,1,1,nan,nan,0,nan,50d619f4be67b356dcbc907e1cc3f8d27f10223a,inverted
nasa-occupancy-v1,reentry-communications-diagram,cross,76,2,2,4,true,3192,5,1,0,3,51;54;56,0.6945488721804511,0,,1,1,1,nan,1,1,nan,nan,0,nan,50d619f4be67b356dcbc907e1cc3f8d27f10223a,inverted
nasa-occupancy-v1,rocket-systems-diagram,cross,76,2,2,4,true,2052,5,1,0,3,51;54;56,0.6793372319688109,0,,1,1,1,nan,1,1,nan,nan,0,nan,50d619f4be67b356dcbc907e1cc3f8d27f10223a,inverted
nasa-occupancy-v1,san-francisco-night,cross,76,2,2,4,true,1672,5,1,3,3,51;54;56,0,0,,1,1,1,nan,1,1,nan,nan,0,nan,50d619f4be67b356dcbc907e1cc3f8d27f10223a,inverted
nasa-occupancy-v1,saturn-infrared,cross,76,2,2,4,true,1368,5,1,3,3,51;54;56,0,0,,1,1,1,nan,1,1,nan,nan,0,nan,50d619f4be67b356dcbc907e1cc3f8d27f10223a,inverted
nasa-occupancy-v1,spacecraft-attitude-diagram,cross,76,2,2,4,true,2052,5,1,0,3,51;54;56,0.7470760233918129,0,,1,1,1,nan,1,1,nan,nan,0,nan,50d619f4be67b356dcbc907e1cc3f8d27f10223a,inverted
nasa-occupancy-v1,tarantula-spitzer-3color,cross,76,2,2,4,true,1444,5,1,3,3,51;54;56,0,0,,1,1,1,nan,1,1,nan,nan,0,nan,50d619f4be67b356dcbc907e1cc3f8d27f10223a,inverted
nasa-occupancy-v1,(pooled),cross,76,2,2,4,true,59964,5,1,3,3,51;54;56,0.12575878860649722,0,,1,1,1,nan,1,1,nan,nan,0,nan,50d619f4be67b356dcbc907e1cc3f8d27f10223a,inverted
nasa-occupancy-v1,apollo11-bootprint,cross,80,2,2,4,true,2880,5,1,3,3,51;54;56,0,0,,1,1,1,nan,1,1,nan,nan,0,nan,50d619f4be67b356dcbc907e1cc3f8d27f10223a,inverted
nasa-occupancy-v1,apollo12-lunar-mound,cross,80,2,2,4,true,2800,5,1,3,3,51;54;56,0,0,,1,1,1,nan,1,1,nan,nan,0,nan,50d619f4be67b356dcbc907e1cc3f8d27f10223a,inverted
nasa-occupancy-v1,aurora-expedition23,cross,80,2,2,4,true,1920,5,1,3,3,51;54;56,0.0005208333333333333,0,,1,1,1,nan,1,1,nan,nan,0,nan,50d619f4be67b356dcbc907e1cc3f8d27f10223a,inverted
nasa-occupancy-v1,aurora-sts62,cross,80,2,2,4,true,1840,5,1,3,3,51;54;56,0,0,,1,1,1,nan,1,1,nan,nan,0,nan,50d619f4be67b356dcbc907e1cc3f8d27f10223a,inverted
nasa-occupancy-v1,calbuco-plume,cross,80,2,2,4,true,2560,5,1,3,3,51;54;56,0,0,,1,1,1,nan,1,1,nan,nan,0,nan,50d619f4be67b356dcbc907e1cc3f8d27f10223a,inverted
nasa-occupancy-v1,carina-cosmic-cliffs,cross,80,2,2,4,true,1680,5,1,3,3,51;54;56,0,0,,1,1,1,nan,1,1,nan,nan,0,nan,50d619f4be67b356dcbc907e1cc3f8d27f10223a,inverted
nasa-occupancy-v1,cernan-portrait,cross,80,2,2,4,true,3600,5,1,3,3,51;54;56,0,0,,1,1,1,nan,1,1,nan,nan,0,nan,50d619f4be67b356dcbc907e1cc3f8d27f10223a,inverted
nasa-occupancy-v1,daedalia-planum,cross,80,2,2,4,true,6400,5,1,3,3,51;54;56,0,0,,1,1,1,nan,1,1,nan,nan,0,nan,50d619f4be67b356dcbc907e1cc3f8d27f10223a,inverted
nasa-occupancy-v1,earth-night-iss-090323,cross,80,2,2,4,true,1920,5,1,3,3,51;54;56,0,0,,1,1,1,nan,1,1,nan,nan,0,nan,50d619f4be67b356dcbc907e1cc3f8d27f10223a,inverted
nasa-occupancy-v1,earth-night-iss-091208,cross,80,2,2,4,true,1920,5,1,3,3,51;54;56,0,0,,1,1,1,nan,1,1,nan,nan,0,nan,50d619f4be67b356dcbc907e1cc3f8d27f10223a,inverted
nasa-occupancy-v1,iani-chaos,cross,80,2,2,4,true,6160,5,1,3,3,51;54;56,0,0,,1,1,1,nan,1,1,nan,nan,0,nan,50d619f4be67b356dcbc907e1cc3f8d27f10223a,inverted
nasa-occupancy-v1,infrared-color-explosion,cross,80,2,2,4,true,2880,5,1,3,3,51;54;56,0,0,,1,1,1,nan,1,1,nan,nan,0,nan,50d619f4be67b356dcbc907e1cc3f8d27f10223a,inverted
nasa-occupancy-v1,james-lovell-portrait,cross,80,2,2,4,true,3760,5,1,3,3,51;54;56,0.20319148936170212,0,,1,1,1,nan,1,1,nan,nan,0,nan,50d619f4be67b356dcbc907e1cc3f8d27f10223a,inverted
nasa-occupancy-v1,mark-lee-portrait,cross,80,2,2,4,true,3600,5,1,3,3,51;54;56,0.0005555555555555556,0,,1,1,1,nan,1,1,nan,nan,0,nan,50d619f4be67b356dcbc907e1cc3f8d27f10223a,inverted
nasa-occupancy-v1,marsha-ivins-portrait,cross,80,2,2,4,true,3600,5,1,3,3,51;54;56,0.0002777777777777778,0,,1,1,1,nan,1,1,nan,nan,0,nan,50d619f4be67b356dcbc907e1cc3f8d27f10223a,inverted
nasa-occupancy-v1,multicolor-aurora,cross,80,2,2,4,true,1920,5,1,3,3,51;54;56,0,0,,1,1,1,nan,1,1,nan,nan,0,nan,50d619f4be67b356dcbc907e1cc3f8d27f10223a,inverted
nasa-occupancy-v1,new-york-night,cross,80,2,2,4,true,1840,5,1,3,3,51;54;56,0,0,,1,1,1,nan,1,1,nan,nan,0,nan,50d619f4be67b356dcbc907e1cc3f8d27f10223a,inverted
nasa-occupancy-v1,rcs-function-diagram,cross,80,2,2,4,true,2320,5,1,0,3,51;54;56,0.8375,0,,1,1,1,nan,1,1,nan,nan,0,nan,50d619f4be67b356dcbc907e1cc3f8d27f10223a,inverted
nasa-occupancy-v1,reentry-communications-diagram,cross,80,2,2,4,true,3600,5,1,0,3,51;54;56,0.6997222222222222,0,,1,1,1,nan,1,1,nan,nan,0,nan,50d619f4be67b356dcbc907e1cc3f8d27f10223a,inverted
nasa-occupancy-v1,rocket-systems-diagram,cross,80,2,2,4,true,2320,5,1,0,3,51;54;56,0.6827586206896552,0,,1,1,1,nan,1,1,nan,nan,0,nan,50d619f4be67b356dcbc907e1cc3f8d27f10223a,inverted
nasa-occupancy-v1,san-francisco-night,cross,80,2,2,4,true,1920,5,1,3,3,51;54;56,0,0,,1,1,1,nan,1,1,nan,nan,0,nan,50d619f4be67b356dcbc907e1cc3f8d27f10223a,inverted
nasa-occupancy-v1,saturn-infrared,cross,80,2,2,4,true,1520,5,1,3,3,51;54;56,0,0,,1,1,1,nan,1,1,nan,nan,0,nan,50d619f4be67b356dcbc907e1cc3f8d27f10223a,inverted
nasa-occupancy-v1,spacecraft-attitude-diagram,cross,80,2,2,4,true,2320,5,1,0,3,51;54;56,0.7685344827586207,0,,1,1,1,nan,1,1,nan,nan,0,nan,50d619f4be67b356dcbc907e1cc3f8d27f10223a,inverted
nasa-occupancy-v1,tarantula-spitzer-3color,cross,80,2,2,4,true,1600,5,1,3,3,51;54;56,0,0,,1,1,1,nan,1,1,nan,nan,0,nan,50d619f4be67b356dcbc907e1cc3f8d27f10223a,inverted
nasa-occupancy-v1,(pooled),cross,80,2,2,4,true,66880,5,1,3,3,51;54;56,0.12854366028708133,0,,1,1,1,nan,1,1,nan,nan,0,nan,50d619f4be67b356dcbc907e1cc3f8d27f10223a,inverted
nasa-occupancy-v1,apollo11-bootprint,cross,288,2,2,4,true,37440,5,1,3,3,51;54;56,0,0,,1,1,1,nan,1,1,nan,nan,0,nan,50d619f4be67b356dcbc907e1cc3f8d27f10223a,inverted
nasa-occupancy-v1,apollo12-lunar-mound,cross,288,2,2,4,true,36288,5,1,3,3,51;54;56,2.755731922398589e-05,0,,1,1,1,nan,1,1,nan,nan,0,nan,50d619f4be67b356dcbc907e1cc3f8d27f10223a,inverted
nasa-occupancy-v1,aurora-expedition23,cross,288,2,2,4,true,25632,5,1,3,3,51;54;56,0.019975031210986267,0,,1,1,1,nan,1,1,nan,nan,0,nan,50d619f4be67b356dcbc907e1cc3f8d27f10223a,inverted
nasa-occupancy-v1,aurora-sts62,cross,288,2,2,4,true,24768,5,1,3,3,51;54;56,0.001736111111111111,0,,1,1,1,nan,1,1,nan,nan,0,nan,50d619f4be67b356dcbc907e1cc3f8d27f10223a,inverted
nasa-occupancy-v1,calbuco-plume,cross,288,2,2,4,true,33696,5,1,3,3,51;54;56,8.903133903133904e-05,0,,1,1,1,nan,1,1,nan,nan,0,nan,50d619f4be67b356dcbc907e1cc3f8d27f10223a,inverted
nasa-occupancy-v1,carina-cosmic-cliffs,cross,288,2,2,4,true,21600,5,1,3,3,51;54;56,9.259259259259259e-05,0,,1,1,1,nan,1,1,nan,nan,0,nan,50d619f4be67b356dcbc907e1cc3f8d27f10223a,inverted
nasa-occupancy-v1,cernan-portrait,cross,288,2,2,4,true,46944,5,1,3,3,51;54;56,6.390593047034765e-05,0,,1,1,1,nan,1,1,nan,nan,0,nan,50d619f4be67b356dcbc907e1cc3f8d27f10223a,inverted
nasa-occupancy-v1,daedalia-planum,cross,288,2,2,4,true,83232,5,1,3,3,51;54;56,2.4029219530949635e-05,0,,1,1,1,nan,1,1,nan,nan,0,nan,50d619f4be67b356dcbc907e1cc3f8d27f10223a,inverted
nasa-occupancy-v1,earth-night-iss-090323,cross,288,2,2,4,true,25056,5,1,3,3,51;54;56,0,0,,1,1,1,nan,1,1,nan,nan,0,nan,50d619f4be67b356dcbc907e1cc3f8d27f10223a,inverted
nasa-occupancy-v1,earth-night-iss-091208,cross,288,2,2,4,true,25056,5,1,3,3,51;54;56,0,0,,1,1,1,nan,1,1,nan,nan,0,nan,50d619f4be67b356dcbc907e1cc3f8d27f10223a,inverted
nasa-occupancy-v1,iani-chaos,cross,288,2,2,4,true,80352,5,1,3,3,51;54;56,0,0,,1,1,1,nan,1,1,nan,nan,0,nan,50d619f4be67b356dcbc907e1cc3f8d27f10223a,inverted
nasa-occupancy-v1,infrared-color-explosion,cross,288,2,2,4,true,37440,5,1,3,3,51;54;56,8.012820512820513e-05,0,,1,1,1,nan,1,1,nan,nan,0,nan,50d619f4be67b356dcbc907e1cc3f8d27f10223a,inverted
nasa-occupancy-v1,james-lovell-portrait,cross,288,2,2,4,true,49248,5,1,3,3,51;54;56,0.20778508771929824,0,,1,1,1,nan,1,1,nan,nan,0,nan,50d619f4be67b356dcbc907e1cc3f8d27f10223a,inverted
nasa-occupancy-v1,mark-lee-portrait,cross,288,2,2,4,true,46656,5,1,3,3,51;54;56,0.001736111111111111,0,,1,1,1,nan,1,1,nan,nan,0,nan,50d619f4be67b356dcbc907e1cc3f8d27f10223a,inverted
nasa-occupancy-v1,marsha-ivins-portrait,cross,288,2,2,4,true,47232,5,1,3,3,51;54;56,0.0010797764227642277,0,,1,1,1,nan,1,1,nan,nan,0,nan,50d619f4be67b356dcbc907e1cc3f8d27f10223a,inverted
nasa-occupancy-v1,multicolor-aurora,cross,288,2,2,4,true,25056,5,1,3,3,51;54;56,0,0,,1,1,1,nan,1,1,nan,nan,0,nan,50d619f4be67b356dcbc907e1cc3f8d27f10223a,inverted
nasa-occupancy-v1,new-york-night,cross,288,2,2,4,true,24480,5,1,3,3,51;54;56,0,0,,1,1,1,nan,1,1,nan,nan,0,nan,50d619f4be67b356dcbc907e1cc3f8d27f10223a,inverted
nasa-occupancy-v1,rcs-function-diagram,cross,288,2,2,4,true,29952,5,1,0,3,51;54;56,0.9215411324786325,0,,1,1,1,nan,1,1,nan,nan,0,nan,50d619f4be67b356dcbc907e1cc3f8d27f10223a,inverted
nasa-occupancy-v1,reentry-communications-diagram,cross,288,2,2,4,true,46656,5,1,0,3,51;54;56,0.876693244170096,0,,1,1,1,nan,1,1,nan,nan,0,nan,50d619f4be67b356dcbc907e1cc3f8d27f10223a,inverted
nasa-occupancy-v1,rocket-systems-diagram,cross,288,2,2,4,true,29952,5,1,0,3,51;54;56,0.8292601495726496,0,,1,1,1,nan,1,1,nan,nan,0,nan,50d619f4be67b356dcbc907e1cc3f8d27f10223a,inverted
nasa-occupancy-v1,san-francisco-night,cross,288,2,2,4,true,25056,5,1,3,3,51;54;56,0,0,,1,1,1,nan,1,1,nan,nan,0,nan,50d619f4be67b356dcbc907e1cc3f8d27f10223a,inverted
nasa-occupancy-v1,saturn-infrared,cross,288,2,2,4,true,20160,5,1,3,3,51;54;56,0,0,,1,1,1,nan,1,1,nan,nan,0,nan,50d619f4be67b356dcbc907e1cc3f8d27f10223a,inverted
nasa-occupancy-v1,spacecraft-attitude-diagram,cross,288,2,2,4,true,29952,5,1,0,3,51;54;56,0.8948651175213675,0,,1,1,1,nan,1,1,nan,nan,0,nan,50d619f4be67b356dcbc907e1cc3f8d27f10223a,inverted
nasa-occupancy-v1,tarantula-spitzer-3color,cross,288,2,2,4,true,21024,5,1,3,3,51;54;56,0,0,,1,1,1,nan,1,1,nan,nan,0,nan,50d619f4be67b356dcbc907e1cc3f8d27f10223a,inverted
nasa-occupancy-v1,(pooled),cross,288,2,2,4,true,872928,5,1,3,3,51;54;56,0.15016129623519925,0,,1,1,1,nan,1,1,nan,nan,0,nan,50d619f4be67b356dcbc907e1cc3f8d27f10223a,inverted
nasa-occupancy-v1,apollo11-bootprint,diamond,76,2,2,4,true,2584,4,1,3,3,51;54;56,0,0,,1,1,1,nan,1,1,nan,nan,0,nan,50d619f4be67b356dcbc907e1cc3f8d27f10223a,inverted
nasa-occupancy-v1,apollo12-lunar-mound,diamond,76,2,2,4,true,2508,4,1,3,3,51;54;56,0,0,,1,1,1,nan,1,1,nan,nan,0,nan,50d619f4be67b356dcbc907e1cc3f8d27f10223a,inverted
nasa-occupancy-v1,aurora-expedition23,diamond,76,2,2,4,true,1748,4,1,3,3,51;54;56,0,0,,1,1,1,nan,1,1,nan,nan,0,nan,50d619f4be67b356dcbc907e1cc3f8d27f10223a,inverted
nasa-occupancy-v1,aurora-sts62,diamond,76,2,2,4,true,1672,4,1,3,3,51;54;56,0,0,,1,1,1,nan,1,1,nan,nan,0,nan,50d619f4be67b356dcbc907e1cc3f8d27f10223a,inverted
nasa-occupancy-v1,calbuco-plume,diamond,76,2,2,4,true,2356,4,1,3,3,51;54;56,0,0,,1,1,1,nan,1,1,nan,nan,0,nan,50d619f4be67b356dcbc907e1cc3f8d27f10223a,inverted
nasa-occupancy-v1,carina-cosmic-cliffs,diamond,76,2,2,4,true,1444,4,1,3,3,51;54;56,0,0,,1,1,1,nan,1,1,nan,nan,0,nan,50d619f4be67b356dcbc907e1cc3f8d27f10223a,inverted
nasa-occupancy-v1,cernan-portrait,diamond,76,2,2,4,true,3268,4,1,3,3,51;54;56,0.0003059975520195838,0,,1,1,1,nan,1,1,nan,nan,0,nan,50d619f4be67b356dcbc907e1cc3f8d27f10223a,inverted
nasa-occupancy-v1,daedalia-planum,diamond,76,2,2,4,true,5776,4,1,3,3,51;54;56,0,0,,1,1,1,nan,1,1,nan,nan,0,nan,50d619f4be67b356dcbc907e1cc3f8d27f10223a,inverted
nasa-occupancy-v1,earth-night-iss-090323,diamond,76,2,2,4,true,1672,4,1,3,3,51;54;56,0,0,,1,1,1,nan,1,1,nan,nan,0,nan,50d619f4be67b356dcbc907e1cc3f8d27f10223a,inverted
nasa-occupancy-v1,earth-night-iss-091208,diamond,76,2,2,4,true,1672,4,1,3,3,51;54;56,0,0,,1,1,1,nan,1,1,nan,nan,0,nan,50d619f4be67b356dcbc907e1cc3f8d27f10223a,inverted
nasa-occupancy-v1,iani-chaos,diamond,76,2,2,4,true,5548,4,1,3,3,51;54;56,0,0,,1,1,1,nan,1,1,nan,nan,0,nan,50d619f4be67b356dcbc907e1cc3f8d27f10223a,inverted
nasa-occupancy-v1,infrared-color-explosion,diamond,76,2,2,4,true,2584,4,1,3,3,51;54;56,0,0,,1,1,1,nan,1,1,nan,nan,0,nan,50d619f4be67b356dcbc907e1cc3f8d27f10223a,inverted
nasa-occupancy-v1,james-lovell-portrait,diamond,76,2,2,4,true,3420,4,1,3,3,51;54;56,0.20087719298245615,0,,1,1,1,nan,1,1,nan,nan,0,nan,50d619f4be67b356dcbc907e1cc3f8d27f10223a,inverted
nasa-occupancy-v1,mark-lee-portrait,diamond,76,2,2,4,true,3192,4,1,3,3,51;54;56,0.0003132832080200501,0,,1,1,1,nan,1,1,nan,nan,0,nan,50d619f4be67b356dcbc907e1cc3f8d27f10223a,inverted
nasa-occupancy-v1,marsha-ivins-portrait,diamond,76,2,2,4,true,3268,4,1,3,3,51;54;56,0.0006119951040391676,0,,1,1,1,nan,1,1,nan,nan,0,nan,50d619f4be67b356dcbc907e1cc3f8d27f10223a,inverted
nasa-occupancy-v1,multicolor-aurora,diamond,76,2,2,4,true,1748,4,1,3,3,51;54;56,0,0,,1,1,1,nan,1,1,nan,nan,0,nan,50d619f4be67b356dcbc907e1cc3f8d27f10223a,inverted
nasa-occupancy-v1,new-york-night,diamond,76,2,2,4,true,1672,4,1,3,3,51;54;56,0,0,,1,1,1,nan,1,1,nan,nan,0,nan,50d619f4be67b356dcbc907e1cc3f8d27f10223a,inverted
nasa-occupancy-v1,rcs-function-diagram,diamond,76,2,2,4,true,2052,4,1,0,3,51;54;56,0.8313840155945419,0,,1,1,1,nan,1,1,nan,nan,0,nan,50d619f4be67b356dcbc907e1cc3f8d27f10223a,inverted
nasa-occupancy-v1,reentry-communications-diagram,diamond,76,2,2,4,true,3192,4,1,0,3,51;54;56,0.6945488721804511,0,,1,1,1,nan,1,1,nan,nan,0,nan,50d619f4be67b356dcbc907e1cc3f8d27f10223a,inverted
nasa-occupancy-v1,rocket-systems-diagram,diamond,76,2,2,4,true,2052,4,1,0,3,51;54;56,0.6793372319688109,0,,1,1,1,nan,1,1,nan,nan,0,nan,50d619f4be67b356dcbc907e1cc3f8d27f10223a,inverted
nasa-occupancy-v1,san-francisco-night,diamond,76,2,2,4,true,1672,4,1,3,3,51;54;56,0,0,,1,1,1,nan,1,1,nan,nan,0,nan,50d619f4be67b356dcbc907e1cc3f8d27f10223a,inverted
nasa-occupancy-v1,saturn-infrared,diamond,76,2,2,4,true,1368,4,1,3,3,51;54;56,0,0,,1,1,1,nan,1,1,nan,nan,0,nan,50d619f4be67b356dcbc907e1cc3f8d27f10223a,inverted
nasa-occupancy-v1,spacecraft-attitude-diagram,diamond,76,2,2,4,true,2052,4,1,0,3,51;54;56,0.7470760233918129,0,,1,1,1,nan,1,1,nan,nan,0,nan,50d619f4be67b356dcbc907e1cc3f8d27f10223a,inverted
nasa-occupancy-v1,tarantula-spitzer-3color,diamond,76,2,2,4,true,1444,4,1,3,3,51;54;56,0,0,,1,1,1,nan,1,1,nan,nan,0,nan,50d619f4be67b356dcbc907e1cc3f8d27f10223a,inverted
nasa-occupancy-v1,(pooled),diamond,76,2,2,4,true,59964,4,1,3,3,51;54;56,0.12575878860649722,0,,1,1,1,nan,1,1,nan,nan,0,nan,50d619f4be67b356dcbc907e1cc3f8d27f10223a,inverted
nasa-occupancy-v1,apollo11-bootprint,diamond,80,2,2,4,true,2880,4,1,3,3,51;54;56,0,0,,1,1,1,nan,1,1,nan,nan,0,nan,50d619f4be67b356dcbc907e1cc3f8d27f10223a,inverted
nasa-occupancy-v1,apollo12-lunar-mound,diamond,80,2,2,4,true,2800,4,1,3,3,51;54;56,0,0,,1,1,1,nan,1,1,nan,nan,0,nan,50d619f4be67b356dcbc907e1cc3f8d27f10223a,inverted
nasa-occupancy-v1,aurora-expedition23,diamond,80,2,2,4,true,1920,4,1,3,3,51;54;56,0.0005208333333333333,0,,1,1,1,nan,1,1,nan,nan,0,nan,50d619f4be67b356dcbc907e1cc3f8d27f10223a,inverted
nasa-occupancy-v1,aurora-sts62,diamond,80,2,2,4,true,1840,4,1,3,3,51;54;56,0,0,,1,1,1,nan,1,1,nan,nan,0,nan,50d619f4be67b356dcbc907e1cc3f8d27f10223a,inverted
nasa-occupancy-v1,calbuco-plume,diamond,80,2,2,4,true,2560,4,1,3,3,51;54;56,0,0,,1,1,1,nan,1,1,nan,nan,0,nan,50d619f4be67b356dcbc907e1cc3f8d27f10223a,inverted
nasa-occupancy-v1,carina-cosmic-cliffs,diamond,80,2,2,4,true,1680,4,1,3,3,51;54;56,0,0,,1,1,1,nan,1,1,nan,nan,0,nan,50d619f4be67b356dcbc907e1cc3f8d27f10223a,inverted
nasa-occupancy-v1,cernan-portrait,diamond,80,2,2,4,true,3600,4,1,3,3,51;54;56,0,0,,1,1,1,nan,1,1,nan,nan,0,nan,50d619f4be67b356dcbc907e1cc3f8d27f10223a,inverted
nasa-occupancy-v1,daedalia-planum,diamond,80,2,2,4,true,6400,4,1,3,3,51;54;56,0,0,,1,1,1,nan,1,1,nan,nan,0,nan,50d619f4be67b356dcbc907e1cc3f8d27f10223a,inverted
nasa-occupancy-v1,earth-night-iss-090323,diamond,80,2,2,4,true,1920,4,1,3,3,51;54;56,0,0,,1,1,1,nan,1,1,nan,nan,0,nan,50d619f4be67b356dcbc907e1cc3f8d27f10223a,inverted
nasa-occupancy-v1,earth-night-iss-091208,diamond,80,2,2,4,true,1920,4,1,3,3,51;54;56,0,0,,1,1,1,nan,1,1,nan,nan,0,nan,50d619f4be67b356dcbc907e1cc3f8d27f10223a,inverted
nasa-occupancy-v1,iani-chaos,diamond,80,2,2,4,true,6160,4,1,3,3,51;54;56,0,0,,1,1,1,nan,1,1,nan,nan,0,nan,50d619f4be67b356dcbc907e1cc3f8d27f10223a,inverted
nasa-occupancy-v1,infrared-color-explosion,diamond,80,2,2,4,true,2880,4,1,3,3,51;54;56,0,0,,1,1,1,nan,1,1,nan,nan,0,nan,50d619f4be67b356dcbc907e1cc3f8d27f10223a,inverted
nasa-occupancy-v1,james-lovell-portrait,diamond,80,2,2,4,true,3760,4,1,3,3,51;54;56,0.20319148936170212,0,,1,1,1,nan,1,1,nan,nan,0,nan,50d619f4be67b356dcbc907e1cc3f8d27f10223a,inverted
nasa-occupancy-v1,mark-lee-portrait,diamond,80,2,2,4,true,3600,4,1,3,3,51;54;56,0.0005555555555555556,0,,1,1,1,nan,1,1,nan,nan,0,nan,50d619f4be67b356dcbc907e1cc3f8d27f10223a,inverted
nasa-occupancy-v1,marsha-ivins-portrait,diamond,80,2,2,4,true,3600,4,1,3,3,51;54;56,0.0002777777777777778,0,,1,1,1,nan,1,1,nan,nan,0,nan,50d619f4be67b356dcbc907e1cc3f8d27f10223a,inverted
nasa-occupancy-v1,multicolor-aurora,diamond,80,2,2,4,true,1920,4,1,3,3,51;54;56,0,0,,1,1,1,nan,1,1,nan,nan,0,nan,50d619f4be67b356dcbc907e1cc3f8d27f10223a,inverted
nasa-occupancy-v1,new-york-night,diamond,80,2,2,4,true,1840,4,1,3,3,51;54;56,0,0,,1,1,1,nan,1,1,nan,nan,0,nan,50d619f4be67b356dcbc907e1cc3f8d27f10223a,inverted
nasa-occupancy-v1,rcs-function-diagram,diamond,80,2,2,4,true,2320,4,1,0,3,51;54;56,0.8375,0,,1,1,1,nan,1,1,nan,nan,0,nan,50d619f4be67b356dcbc907e1cc3f8d27f10223a,inverted
nasa-occupancy-v1,reentry-communications-diagram,diamond,80,2,2,4,true,3600,4,1,0,3,51;54;56,0.6997222222222222,0,,1,1,1,nan,1,1,nan,nan,0,nan,50d619f4be67b356dcbc907e1cc3f8d27f10223a,inverted
nasa-occupancy-v1,rocket-systems-diagram,diamond,80,2,2,4,true,2320,4,1,0,3,51;54;56,0.6827586206896552,0,,1,1,1,nan,1,1,nan,nan,0,nan,50d619f4be67b356dcbc907e1cc3f8d27f10223a,inverted
nasa-occupancy-v1,san-francisco-night,diamond,80,2,2,4,true,1920,4,1,3,3,51;54;56,0,0,,1,1,1,nan,1,1,nan,nan,0,nan,50d619f4be67b356dcbc907e1cc3f8d27f10223a,inverted
nasa-occupancy-v1,saturn-infrared,diamond,80,2,2,4,true,1520,4,1,3,3,51;54;56,0,0,,1,1,1,nan,1,1,nan,nan,0,nan,50d619f4be67b356dcbc907e1cc3f8d27f10223a,inverted
nasa-occupancy-v1,spacecraft-attitude-diagram,diamond,80,2,2,4,true,2320,4,1,0,3,51;54;56,0.7685344827586207,0,,1,1,1,nan,1,1,nan,nan,0,nan,50d619f4be67b356dcbc907e1cc3f8d27f10223a,inverted
nasa-occupancy-v1,tarantula-spitzer-3color,diamond,80,2,2,4,true,1600,4,1,3,3,51;54;56,0,0,,1,1,1,nan,1,1,nan,nan,0,nan,50d619f4be67b356dcbc907e1cc3f8d27f10223a,inverted
nasa-occupancy-v1,(pooled),diamond,80,2,2,4,true,66880,4,1,3,3,51;54;56,0.12854366028708133,0,,1,1,1,nan,1,1,nan,nan,0,nan,50d619f4be67b356dcbc907e1cc3f8d27f10223a,inverted
nasa-occupancy-v1,apollo11-bootprint,diamond,288,2,2,4,true,37440,4,1,3,3,51;54;56,0,0,,1,1,1,nan,1,1,nan,nan,0,nan,50d619f4be67b356dcbc907e1cc3f8d27f10223a,inverted
nasa-occupancy-v1,apollo12-lunar-mound,diamond,288,2,2,4,true,36288,4,1,3,3,51;54;56,2.755731922398589e-05,0,,1,1,1,nan,1,1,nan,nan,0,nan,50d619f4be67b356dcbc907e1cc3f8d27f10223a,inverted
nasa-occupancy-v1,aurora-expedition23,diamond,288,2,2,4,true,25632,4,1,3,3,51;54;56,0.019975031210986267,0,,1,1,1,nan,1,1,nan,nan,0,nan,50d619f4be67b356dcbc907e1cc3f8d27f10223a,inverted
nasa-occupancy-v1,aurora-sts62,diamond,288,2,2,4,true,24768,4,1,3,3,51;54;56,0.001736111111111111,0,,1,1,1,nan,1,1,nan,nan,0,nan,50d619f4be67b356dcbc907e1cc3f8d27f10223a,inverted
nasa-occupancy-v1,calbuco-plume,diamond,288,2,2,4,true,33696,4,1,3,3,51;54;56,8.903133903133904e-05,0,,1,1,1,nan,1,1,nan,nan,0,nan,50d619f4be67b356dcbc907e1cc3f8d27f10223a,inverted
nasa-occupancy-v1,carina-cosmic-cliffs,diamond,288,2,2,4,true,21600,4,1,3,3,51;54;56,9.259259259259259e-05,0,,1,1,1,nan,1,1,nan,nan,0,nan,50d619f4be67b356dcbc907e1cc3f8d27f10223a,inverted
nasa-occupancy-v1,cernan-portrait,diamond,288,2,2,4,true,46944,4,1,3,3,51;54;56,6.390593047034765e-05,0,,1,1,1,nan,1,1,nan,nan,0,nan,50d619f4be67b356dcbc907e1cc3f8d27f10223a,inverted
nasa-occupancy-v1,daedalia-planum,diamond,288,2,2,4,true,83232,4,1,3,3,51;54;56,2.4029219530949635e-05,0,,1,1,1,nan,1,1,nan,nan,0,nan,50d619f4be67b356dcbc907e1cc3f8d27f10223a,inverted
nasa-occupancy-v1,earth-night-iss-090323,diamond,288,2,2,4,true,25056,4,1,3,3,51;54;56,0,0,,1,1,1,nan,1,1,nan,nan,0,nan,50d619f4be67b356dcbc907e1cc3f8d27f10223a,inverted
nasa-occupancy-v1,earth-night-iss-091208,diamond,288,2,2,4,true,25056,4,1,3,3,51;54;56,0,0,,1,1,1,nan,1,1,nan,nan,0,nan,50d619f4be67b356dcbc907e1cc3f8d27f10223a,inverted
nasa-occupancy-v1,iani-chaos,diamond,288,2,2,4,true,80352,4,1,3,3,51;54;56,0,0,,1,1,1,nan,1,1,nan,nan,0,nan,50d619f4be67b356dcbc907e1cc3f8d27f10223a,inverted
nasa-occupancy-v1,infrared-color-explosion,diamond,288,2,2,4,true,37440,4,1,3,3,51;54;56,8.012820512820513e-05,0,,1,1,1,nan,1,1,nan,nan,0,nan,50d619f4be67b356dcbc907e1cc3f8d27f10223a,inverted
nasa-occupancy-v1,james-lovell-portrait,diamond,288,2,2,4,true,49248,4,1,3,3,51;54;56,0.20778508771929824,0,,1,1,1,nan,1,1,nan,nan,0,nan,50d619f4be67b356dcbc907e1cc3f8d27f10223a,inverted
nasa-occupancy-v1,mark-lee-portrait,diamond,288,2,2,4,true,46656,4,1,3,3,51;54;56,0.001736111111111111,0,,1,1,1,nan,1,1,nan,nan,0,nan,50d619f4be67b356dcbc907e1cc3f8d27f10223a,inverted
nasa-occupancy-v1,marsha-ivins-portrait,diamond,288,2,2,4,true,47232,4,1,3,3,51;54;56,0.0010797764227642277,0,,1,1,1,nan,1,1,nan,nan,0,nan,50d619f4be67b356dcbc907e1cc3f8d27f10223a,inverted
nasa-occupancy-v1,multicolor-aurora,diamond,288,2,2,4,true,25056,4,1,3,3,51;54;56,0,0,,1,1,1,nan,1,1,nan,nan,0,nan,50d619f4be67b356dcbc907e1cc3f8d27f10223a,inverted
nasa-occupancy-v1,new-york-night,diamond,288,2,2,4,true,24480,4,1,3,3,51;54;56,0,0,,1,1,1,nan,1,1,nan,nan,0,nan,50d619f4be67b356dcbc907e1cc3f8d27f10223a,inverted
nasa-occupancy-v1,rcs-function-diagram,diamond,288,2,2,4,true,29952,4,1,0,3,51;54;56,0.9215411324786325,0,,1,1,1,nan,1,1,nan,nan,0,nan,50d619f4be67b356dcbc907e1cc3f8d27f10223a,inverted
nasa-occupancy-v1,reentry-communications-diagram,diamond,288,2,2,4,true,46656,4,1,0,3,51;54;56,0.876693244170096,0,,1,1,1,nan,1,1,nan,nan,0,nan,50d619f4be67b356dcbc907e1cc3f8d27f10223a,inverted
nasa-occupancy-v1,rocket-systems-diagram,diamond,288,2,2,4,true,29952,4,1,0,3,51;54;56,0.8292601495726496,0,,1,1,1,nan,1,1,nan,nan,0,nan,50d619f4be67b356dcbc907e1cc3f8d27f10223a,inverted
nasa-occupancy-v1,san-francisco-night,diamond,288,2,2,4,true,25056,4,1,3,3,51;54;56,0,0,,1,1,1,nan,1,1,nan,nan,0,nan,50d619f4be67b356dcbc907e1cc3f8d27f10223a,inverted
nasa-occupancy-v1,saturn-infrared,diamond,288,2,2,4,true,20160,4,1,3,3,51;54;56,0,0,,1,1,1,nan,1,1,nan,nan,0,nan,50d619f4be67b356dcbc907e1cc3f8d27f10223a,inverted
nasa-occupancy-v1,spacecraft-attitude-diagram,diamond,288,2,2,4,true,29952,4,1,0,3,51;54;56,0.8948651175213675,0,,1,1,1,nan,1,1,nan,nan,0,nan,50d619f4be67b356dcbc907e1cc3f8d27f10223a,inverted
nasa-occupancy-v1,tarantula-spitzer-3color,diamond,288,2,2,4,true,21024,4,1,3,3,51;54;56,0,0,,1,1,1,nan,1,1,nan,nan,0,nan,50d619f4be67b356dcbc907e1cc3f8d27f10223a,inverted
nasa-occupancy-v1,(pooled),diamond,288,2,2,4,true,872928,4,1,3,3,51;54;56,0.15016129623519925,0,,1,1,1,nan,1,1,nan,nan,0,nan,50d619f4be67b356dcbc907e1cc3f8d27f10223a,inverted
nasa-occupancy-v1,apollo11-bootprint,mixed,76,2,2,4,true,2584,12,1,3,3,51;54;56,0,1,│,0,0,nan,0.06994582712650299,1,0,76,76,76,1,50d619f4be67b356dcbc907e1cc3f8d27f10223a,inverted
nasa-occupancy-v1,apollo12-lunar-mound,mixed,76,2,2,4,true,2508,12,1,3,3,51;54;56,0,1,│,0,0,nan,0.08044250309467316,1,0,76,76,76,1,50d619f4be67b356dcbc907e1cc3f8d27f10223a,inverted
nasa-occupancy-v1,aurora-expedition23,mixed,76,2,2,4,true,1748,12,1,3,3,51;54;56,0,1,│,0,0,nan,0.08130179345607758,1,0,76,76,76,1,50d619f4be67b356dcbc907e1cc3f8d27f10223a,inverted
nasa-occupancy-v1,aurora-sts62,mixed,76,2,2,4,true,1672,12,1,3,3,51;54;56,0,1,│,0,0,nan,0.09142215549945831,1,0,76,76,76,1,50d619f4be67b356dcbc907e1cc3f8d27f10223a,inverted
nasa-occupancy-v1,calbuco-plume,mixed,76,2,2,4,true,2356,12,1,3,3,51;54;56,0,1,│,0,0,nan,0.06960613280534744,1,0,76,76,76,1,50d619f4be67b356dcbc907e1cc3f8d27f10223a,inverted
nasa-occupancy-v1,carina-cosmic-cliffs,mixed,76,2,2,4,true,1444,12,1,3,3,51;54;56,0,1,│,0,0,nan,0.09386524558067322,1,0,76,76,76,1,50d619f4be67b356dcbc907e1cc3f8d27f10223a,inverted
nasa-occupancy-v1,cernan-portrait,mixed,76,2,2,4,true,3268,12,1,3,3,51;54;56,0.0003059975520195838,1,│,0.0003059975520195838,0.0003059975520195838,1,0.02886655181646347,2,0.0012239902080783353,70.95652173913044,76,76,1,50d619f4be67b356dcbc907e1cc3f8d27f10223a,inverted
nasa-occupancy-v1,daedalia-planum,mixed,76,2,2,4,true,5776,12,1,3,3,51;54;56,0,1,│,0,0,nan,0.07134627550840378,1,0,76,76,76,1,50d619f4be67b356dcbc907e1cc3f8d27f10223a,inverted
nasa-occupancy-v1,earth-night-iss-090323,mixed,76,2,2,4,true,1672,12,1,3,3,51;54;56,0,1,│,0,0,nan,0.0998556911945343,1,0,76,76,76,1,50d619f4be67b356dcbc907e1cc3f8d27f10223a,inverted
nasa-occupancy-v1,earth-night-iss-091208,mixed,76,2,2,4,true,1672,12,1,3,3,51;54;56,0,1,│,0,0,nan,0.09229107201099396,1,0,76,76,76,1,50d619f4be67b356dcbc907e1cc3f8d27f10223a,inverted
nasa-occupancy-v1,iani-chaos,mixed,76,2,2,4,true,5548,12,1,3,3,51;54;56,0,1,│,0,0,nan,0.07376989722251892,1,0,76,76,76,1,50d619f4be67b356dcbc907e1cc3f8d27f10223a,inverted
nasa-occupancy-v1,infrared-color-explosion,mixed,76,2,2,4,true,2584,12,1,3,3,51;54;56,0,1,│,0,0,nan,0.09121386706829071,1,0,76,76,76,1,50d619f4be67b356dcbc907e1cc3f8d27f10223a,inverted
nasa-occupancy-v1,james-lovell-portrait,mixed,76,2,2,4,true,3420,12,1,3,3,51;54;56,0.20087719298245615,1,│,0.2043859649122807,0.2043859649122807,1,0.035082750022411346,2,0.2064327485380117,27.97938144329897,76,76,0.9804716285924834,50d619f4be67b356dcbc907e1cc3f8d27f10223a,inverted
nasa-occupancy-v1,mark-lee-portrait,mixed,76,2,2,4,true,3192,12,1,3,3,51;54;56,0.0003132832080200501,1,│,0.0012531328320802004,0.0012531328320802004,1,0.02827904000878334,2,0.003446115288220551,63.62,76,76,0.9996856334486011,50d619f4be67b356dcbc907e1cc3f8d27f10223a,inverted
nasa-occupancy-v1,marsha-ivins-portrait,mixed,76,2,2,4,true,3268,12,1,3,3,51;54;56,0.0006119951040391676,1,│,0.0006119951040391676,0.0006119951040391676,1,0.05838804319500923,2,0.0012239902080783353,72.53333333333333,76,76,0.9984681372549019,50d619f4be67b356dcbc907e1cc3f8d27f10223a,inverted
nasa-occupancy-v1,multicolor-aurora,mixed,76,2,2,4,true,1748,12,1,3,3,51;54;56,0,1,│,0,0,nan,0.10649830102920532,1,0,76,76,76,1,50d619f4be67b356dcbc907e1cc3f8d27f10223a,inverted
nasa-occupancy-v1,new-york-night,mixed,76,2,2,4,true,1672,12,1,3,3,51;54;56,0,1,│,0,0,nan,0.09498821198940277,1,0,76,76,76,1,50d619f4be67b356dcbc907e1cc3f8d27f10223a,inverted
nasa-occupancy-v1,rcs-function-diagram,mixed,76,2,2,4,true,2052,12,1,0,3,51;54;56,0.8313840155945419,1,│,0.8372319688109162,0.8372319688109162,1,0.020533517003059387,2,0.851364522417154,3.465909090909091,9,17,0.5540983606557377,50d619f4be67b356dcbc907e1cc3f8d27f10223a,inverted
nasa-occupancy-v1,reentry-communications-diagram,mixed,76,2,2,4,true,3192,12,1,0,3,51;54;56,0.6945488721804511,1,│,0.7052005012531328,0.7052005012531328,1,0.01846305839717388,2,0.7255639097744361,3.945945945945946,12,23,0.6187214611872146,50d619f4be67b356dcbc907e1cc3f8d27f10223a,inverted
nasa-occupancy-v1,rocket-systems-diagram,mixed,76,2,2,4,true,2052,12,1,0,3,51;54;56,0.6793372319688109,1,│,0.6915204678362573,0.6915204678362573,1,0.023073285818099976,2,0.7158869395711501,5.114035087719298,16,25,0.7598627787307033,50d619f4be67b356dcbc907e1cc3f8d27f10223a,inverted
nasa-occupancy-v1,san-francisco-night,mixed,76,2,2,4,true,1672,12,1,3,3,51;54;56,0,1,│,0,0,nan,0.08057225495576859,1,0,76,76,76,1,50d619f4be67b356dcbc907e1cc3f8d27f10223a,inverted
nasa-occupancy-v1,saturn-infrared,mixed,76,2,2,4,true,1368,12,1,3,3,51;54;56,0,1,│,0,0,nan,0.08651664853096008,1,0,76,76,76,1,50d619f4be67b356dcbc907e1cc3f8d27f10223a,inverted
nasa-occupancy-v1,spacecraft-attitude-diagram,mixed,76,2,2,4,true,2052,12,1,0,3,51;54;56,0.7470760233918129,1,│,0.7582846003898636,0.7582846003898636,1,0.02030177228152752,2,0.7777777777777778,3.3043478260869565,10,15,0.5241228070175439,50d619f4be67b356dcbc907e1cc3f8d27f10223a,inverted
nasa-occupancy-v1,tarantula-spitzer-3color,mixed,76,2,2,4,true,1444,12,1,3,3,51;54;56,0,1,│,0,0,nan,0.09605483710765839,1,0,76,76,76,1,50d619f4be67b356dcbc907e1cc3f8d27f10223a,inverted
nasa-occupancy-v1,(pooled),mixed,76,2,2,4,true,59964,12,1,3,3,51;54;56,0.12575878860649722,1,│,0.12757654592755654,0.12757654592755654,1,0.01846305839717388,2,0.1309619104796211,40.30239752513535,76,76,0.9829978315518796,50d619f4be67b356dcbc907e1cc3f8d27f10223a,inverted
nasa-occupancy-v1,apollo11-bootprint,mixed,80,2,2,4,true,2880,12,1,3,3,51;54;56,0,1,│,0,0,nan,0.07773368060588837,1,0,80,80,80,1,50d619f4be67b356dcbc907e1cc3f8d27f10223a,inverted
nasa-occupancy-v1,apollo12-lunar-mound,mixed,80,2,2,4,true,2800,12,1,3,3,51;54;56,0,1,│,0,0,nan,0.07191795110702515,1,0,80,80,80,1,50d619f4be67b356dcbc907e1cc3f8d27f10223a,inverted
nasa-occupancy-v1,aurora-expedition23,mixed,80,2,2,4,true,1920,12,1,3,3,51;54;56,0.0005208333333333333,1,│,0.0005208333333333333,0.0005208333333333333,1,0.06096968799829483,2,0.0015625,73.73076923076923,80,80,1,50d619f4be67b356dcbc907e1cc3f8d27f10223a,inverted
nasa-occupancy-v1,aurora-sts62,mixed,80,2,2,4,true,1840,12,1,3,3,51;54;56,0,1,│,0,0,nan,0.0948667973279953,1,0,80,80,80,1,50d619f4be67b356dcbc907e1cc3f8d27f10223a,inverted
nasa-occupancy-v1,calbuco-plume,mixed,80,2,2,4,true,2560,12,1,3,3,51;54;56,0,1,│,0,0,nan,0.0715416818857193,1,0,80,80,80,1,50d619f4be67b356dcbc907e1cc3f8d27f10223a,inverted
nasa-occupancy-v1,carina-cosmic-cliffs,mixed,80,2,2,4,true,1680,12,1,3,3,51;54;56,0,1,│,0,0,nan,0.08283475041389465,1,0,80,80,80,1,50d619f4be67b356dcbc907e1cc3f8d27f10223a,inverted
nasa-occupancy-v1,cernan-portrait,mixed,80,2,2,4,true,3600,12,1,3,3,51;54;56,0,1,│,0,0,nan,0.06071028858423233,2,0.0025,66.5,80,80,0.9997215260373155,50d619f4be67b356dcbc907e1cc3f8d27f10223a,inverted
nasa-occupancy-v1,daedalia-planum,mixed,80,2,2,4,true,6400,12,1,3,3,51;54;56,0,1,│,0,0,nan,0.07154501974582672,1,0,80,80,80,1,50d619f4be67b356dcbc907e1cc3f8d27f10223a,inverted
nasa-occupancy-v1,earth-night-iss-090323,mixed,80,2,2,4,true,1920,12,1,3,3,51;54;56,0,1,│,0,0,nan,0.09716344624757767,1,0,80,80,80,1,50d619f4be67b356dcbc907e1cc3f8d27f10223a,inverted
nasa-occupancy-v1,earth-night-iss-091208,mixed,80,2,2,4,true,1920,12,1,3,3,51;54;56,0,1,│,0,0,nan,0.08709852397441864,1,0,80,80,80,1,50d619f4be67b356dcbc907e1cc3f8d27f10223a,inverted
nasa-occupancy-v1,iani-chaos,mixed,80,2,2,4,true,6160,12,1,3,3,51;54;56,0,1,│,0,0,nan,0.07315300405025482,1,0,80,80,80,1,50d619f4be67b356dcbc907e1cc3f8d27f10223a,inverted
nasa-occupancy-v1,infrared-color-explosion,mixed,80,2,2,4,true,2880,12,1,3,3,51;54;56,0,1,│,0,0,nan,0.08154827356338501,1,0,80,80,80,1,50d619f4be67b356dcbc907e1cc3f8d27f10223a,inverted
nasa-occupancy-v1,james-lovell-portrait,mixed,80,2,2,4,true,3760,12,1,3,3,51;54;56,0.20319148936170212,1,│,0.20638297872340425,0.20638297872340425,1,0.021284375339746475,2,0.20824468085106382,31.33684210526316,80,80,0.98018139066174,50d619f4be67b356dcbc907e1cc3f8d27f10223a,inverted
nasa-occupancy-v1,mark-lee-portrait,mixed,80,2,2,4,true,3600,12,1,3,3,51;54;56,0.0005555555555555556,1,│,0.001388888888888889,0.001388888888888889,1,0.031768396496772766,2,0.0033333333333333335,66.44444444444444,80,80,0.9991638795986622,50d619f4be67b356dcbc907e1cc3f8d27f10223a,inverted
nasa-occupancy-v1,marsha-ivins-portrait,mixed,80,2,2,4,true,3600,12,1,3,3,51;54;56,0.0002777777777777778,1,│,0.0008333333333333334,0.0008333333333333334,1,0.05908894166350365,2,0.0011111111111111111,78.17391304347827,80,80,0.9991657397107898,50d619f4be67b356dcbc907e1cc3f8d27f10223a,inverted
nasa-occupancy-v1,multicolor-aurora,mixed,80,2,2,4,true,1920,12,1,3,3,51;54;56,0,1,│,0,0,nan,0.10811813175678253,1,0,80,80,80,1,50d619f4be67b356dcbc907e1cc3f8d27f10223a,inverted
nasa-occupancy-v1,new-york-night,mixed,80,2,2,4,true,1840,12,1,3,3,51;54;56,0,1,│,0,0,nan,0.098007932305336,1,0,80,80,80,1,50d619f4be67b356dcbc907e1cc3f8d27f10223a,inverted
nasa-occupancy-v1,rcs-function-diagram,mixed,80,2,2,4,true,2320,12,1,0,3,51;54;56,0.8375,1,│,0.8482758620689655,0.8482758620689655,1,0.025553474202752113,2,0.8629310344827587,3.1485148514851486,9,14,0.5408805031446541,50d619f4be67b356dcbc907e1cc3f8d27f10223a,inverted
nasa-occupancy-v1,reentry-communications-diagram,mixed,80,2,2,4,true,3600,12,1,0,3,51;54;56,0.6997222222222222,1,│,0.7116666666666667,0.7116666666666667,1,0.020885812118649483,2,0.7305555555555555,4.110169491525424,16,20,0.5835051546391753,50d619f4be67b356dcbc907e1cc3f8d27f10223a,inverted
nasa-occupancy-v1,rocket-systems-diagram,mixed,80,2,2,4,true,2320,12,1,0,3,51;54;56,0.6827586206896552,1,│,0.6991379310344827,0.6991379310344827,1,0.020885812118649483,2,0.7228448275862069,4.871212121212121,17,26,0.7620528771384136,50d619f4be67b356dcbc907e1cc3f8d27f10223a,inverted
nasa-occupancy-v1,san-francisco-night,mixed,80,2,2,4,true,1920,12,1,3,3,51;54;56,0,1,│,0,0,nan,0.08890673518180847,1,0,80,80,80,1,50d619f4be67b356dcbc907e1cc3f8d27f10223a,inverted
nasa-occupancy-v1,saturn-infrared,mixed,80,2,2,4,true,1520,12,1,3,3,51;54;56,0,1,│,0,0,nan,0.09034232795238495,1,0,80,80,80,1,50d619f4be67b356dcbc907e1cc3f8d27f10223a,inverted
nasa-occupancy-v1,spacecraft-attitude-diagram,mixed,80,2,2,4,true,2320,12,1,0,3,51;54;56,0.7685344827586207,1,│,0.7810344827586206,0.7810344827586206,1,0.0173241775482893,2,0.8017241379310345,3.0065359477124183,8,16,0.5,50d619f4be67b356dcbc907e1cc3f8d27f10223a,inverted
nasa-occupancy-v1,tarantula-spitzer-3color,mixed,80,2,2,4,true,1600,12,1,3,3,51;54;56,0,1,│,0,0,nan,0.09444485604763031,1,0,80,80,80,1,50d619f4be67b356dcbc907e1cc3f8d27f10223a,inverted
nasa-occupancy-v1,(pooled),mixed,80,2,2,4,true,66880,12,1,3,3,51;54;56,0.12854366028708133,1,│,0.13081638755980862,0.13081638755980862,1,0.0173241775482893,2,0.13427033492822968,41.505376344086024,80,80,0.9827461139896373,50d619f4be67b356dcbc907e1cc3f8d27f10223a,inverted
nasa-occupancy-v1,apollo11-bootprint,mixed,288,2,2,4,true,37440,12,1,3,3,51;54;56,0,1,│,0,0,nan,0.046639081090688705,2,0.0002670940170940171,267.35714285714283,288,288,1,50d619f4be67b356dcbc907e1cc3f8d27f10223a,inverted
nasa-occupancy-v1,apollo12-lunar-mound,mixed,288,2,2,4,true,36288,12,1,3,3,51;54;56,2.755731922398589e-05,1,│,2.755731922398589e-05,2.755731922398589e-05,1,0.045982420444488525,2,8.267195767195767e-05,281.27906976744185,288,288,1,50d619f4be67b356dcbc907e1cc3f8d27f10223a,inverted
nasa-occupancy-v1,aurora-expedition23,mixed,288,2,2,4,true,25632,12,1,3,3,51;54;56,0.019975031210986267,1,│,0.020209113607990013,0.020209113607990013,1,0.029722891747951508,2,0.020599250936329586,239.0857142857143,288,288,0.9994024856596558,50d619f4be67b356dcbc907e1cc3f8d27f10223a,inverted
nasa-occupancy-v1,aurora-sts62,mixed,288,2,2,4,true,24768,12,1,3,3,51;54;56,0.001736111111111111,1,│,0.0017764857881136951,0.0017764857881136951,1,0.08433683961629868,2,0.0017764857881136951,268.7391304347826,288,288,0.9997977673515612,50d619f4be67b356dcbc907e1cc3f8d27f10223a,inverted
nasa-occupancy-v1,calbuco-plume,mixed,288,2,2,4,true,33696,12,1,3,3,51;54;56,8.903133903133904e-05,1,│,0.00011870845204178538,0.00011870845204178538,1,0.060507290065288544,2,0.0002077397910731244,276.1393442622951,288,288,1,50d619f4be67b356dcbc907e1cc3f8d27f10223a,inverted
nasa-occupancy-v1,carina-cosmic-cliffs,mixed,288,2,2,4,true,21600,12,1,3,3,51;54;56,9.259259259259259e-05,1,│,9.259259259259259e-05,9.259259259259259e-05,1,0.0522063747048378,2,0.0001388888888888889,284.17105263157896,288,288,1,50d619f4be67b356dcbc907e1cc3f8d27f10223a,inverted
nasa-occupancy-v1,cernan-portrait,mixed,288,2,2,4,true,46944,12,1,3,3,51;54;56,6.390593047034765e-05,1,│,0.0001278118609406953,0.0001278118609406953,1,0.04478364810347557,2,0.00034083162917518747,263.64044943820227,288,288,0.9998508353221957,50d619f4be67b356dcbc907e1cc3f8d27f10223a,inverted
nasa-occupancy-v1,daedalia-planum,mixed,288,2,2,4,true,83232,12,1,3,3,51;54;56,2.4029219530949635e-05,1,│,6.007304882737409e-05,6.007304882737409e-05,1,0.05050405487418175,2,0.000132160707420223,278.33110367892976,288,288,1,50d619f4be67b356dcbc907e1cc3f8d27f10223a,inverted
nasa-occupancy-v1,earth-night-iss-090323,mixed,288,2,2,4,true,25056,12,1,3,3,51;54;56,0,1,│,0,0,nan,0.078935407102108,1,0,288,288,288,1,50d619f4be67b356dcbc907e1cc3f8d27f10223a,inverted
nasa-occupancy-v1,earth-night-iss-091208,mixed,288,2,2,4,true,25056,12,1,3,3,51;54;56,0,1,│,0,0,nan,0.0848436951637268,1,0,288,288,288,1,50d619f4be67b356dcbc907e1cc3f8d27f10223a,inverted
nasa-occupancy-v1,iani-chaos,mixed,288,2,2,4,true,80352,12,1,3,3,51;54;56,0,1,│,0,0,nan,0.06401319056749344,2,1.2445240939864596e-05,286.96785714285716,288,288,1,50d619f4be67b356dcbc907e1cc3f8d27f10223a,inverted
nasa-occupancy-v1,infrared-color-explosion,mixed,288,2,2,4,true,37440,12,1,3,3,51;54;56,8.012820512820513e-05,1,│,0.00010683760683760684,0.00010683760683760684,1,0.07193438708782196,2,0.00010683760683760684,283.6060606060606,288,288,1,50d619f4be67b356dcbc907e1cc3f8d27f10223a,inverted
nasa-occupancy-v1,james-lovell-portrait,mixed,288,2,2,4,true,49248,12,1,3,3,51;54;56,0.20778508771929824,1,│,0.2152777777777778,0.2152777777777778,1,0.04046310484409332,2,0.21558235867446393,41.71814254859611,232,288,0.9776604281535555,50d619f4be67b356dcbc907e1cc3f8d27f10223a,inverted
nasa-occupancy-v1,mark-lee-portrait,mixed,288,2,2,4,true,46656,12,1,3,3,51;54;56,0.001736111111111111,1,│,0.0021862139917695473,0.0021862139917695473,1,0.02590854838490486,2,0.002614883401920439,200.57758620689654,288,288,0.9990974341341815,50d619f4be67b356dcbc907e1cc3f8d27f10223a,inverted
nasa-occupancy-v1,marsha-ivins-portrait,mixed,288,2,2,4,true,47232,12,1,3,3,51;54;56,0.0010797764227642277,1,│,0.001122120596205962,0.001122120596205962,1,0.06294259428977966,2,0.0011432926829268292,271.13793103448273,288,288,0.999788036796812,50d619f4be67b356dcbc907e1cc3f8d27f10223a,inverted
nasa-occupancy-v1,multicolor-aurora,mixed,288,2,2,4,true,25056,12,1,3,3,51;54;56,0,1,│,0,0,nan,0.09856238961219788,1,0,288,288,288,1,50d619f4be67b356dcbc907e1cc3f8d27f10223a,inverted
nasa-occupancy-v1,new-york-night,mixed,288,2,2,4,true,24480,12,1,3,3,51;54;56,0,1,│,0,0,nan,0.08737823367118835,1,0,288,288,288,1,50d619f4be67b356dcbc907e1cc3f8d27f10223a,inverted
nasa-occupancy-v1,rcs-function-diagram,mixed,288,2,2,4,true,29952,12,1,0,3,51;54;56,0.9215411324786325,1,│,0.9257144764957265,0.9257144764957265,1,0.011066824197769165,2,0.9313902243589743,3.2260596546310834,9,19,0.4905109489051095,50d619f4be67b356dcbc907e1cc3f8d27f10223a,inverted
nasa-occupancy-v1,reentry-communications-diagram,mixed,288,2,2,4,true,46656,12,1,0,3,51;54;56,0.876693244170096,1,│,0.8837019890260631,0.8837019890260631,1,0.008991794660687447,2,0.8931755829903978,3.070856438693777,8,48,0.3868378812199037,50d619f4be67b356dcbc907e1cc3f8d27f10223a,inverted
nasa-occupancy-v1,rocket-systems-diagram,mixed,288,2,2,4,true,29952,12,1,0,3,51;54;56,0.8292601495726496,1,│,0.8422809829059829,0.8422809829059829,1,0.009032666683197021,2,0.8569711538461539,2.7638709677419353,7,25,0.37861811391223155,50d619f4be67b356dcbc907e1cc3f8d27f10223a,inverted
nasa-occupancy-v1,san-francisco-night,mixed,288,2,2,4,true,25056,12,1,3,3,51;54;56,0,1,│,0,0,nan,0.06458893418312073,1,0,288,288,288,1,50d619f4be67b356dcbc907e1cc3f8d27f10223a,inverted
nasa-occupancy-v1,saturn-infrared,mixed,288,2,2,4,true,20160,12,1,3,3,51;54;56,0,1,│,0,0,nan,0.09659045934677124,1,0,288,288,288,1,50d619f4be67b356dcbc907e1cc3f8d27f10223a,inverted
nasa-occupancy-v1,spacecraft-attitude-diagram,mixed,288,2,2,4,true,29952,12,1,0,3,51;54;56,0.8948651175213675,1,│,0.9007411858974359,0.9007411858974359,1,0.010142403654754162,2,0.9090211004273504,3.0210643015521064,7,29,0.4308256880733945,50d619f4be67b356dcbc907e1cc3f8d27f10223a,inverted
nasa-occupancy-v1,tarantula-spitzer-3color,mixed,288,2,2,4,true,21024,12,1,3,3,51;54;56,0,1,│,0,0,nan,0.09221049398183823,1,0,288,288,288,1,50d619f4be67b356dcbc907e1cc3f8d27f10223a,inverted
nasa-occupancy-v1,(pooled),mixed,288,2,2,4,true,872928,12,1,3,3,51;54;56,0.15016129623519925,1,│,0.15179373327468015,0.15179373327468015,1,0.008991794660687447,2,0.15337347410095678,90.42505811819406,288,288,0.9874730056667803,50d619f4be67b356dcbc907e1cc3f8d27f10223a,inverted
nasa-occupancy-v1,apollo11-bootprint,braille,76,2,2,4,true,2584,256,1,3,3,51;54;56,0,224,,0,0,nan,0.004281706642359495,14,0.008126934984520124,1.5147754137115839,4,9,0.07140070230198986,50d619f4be67b356dcbc907e1cc3f8d27f10223a,inverted
nasa-occupancy-v1,apollo12-lunar-mound,braille,76,2,2,4,true,2508,256,1,3,3,51;54;56,0,224,,0,0,nan,0.004775749519467354,13,0.2679425837320574,1.6797804208600182,4,26,0.19716775599128541,50d619f4be67b356dcbc907e1cc3f8d27f10223a,inverted
nasa-occupancy-v1,aurora-expedition23,braille,76,2,2,4,true,1748,256,1,3,3,51;54;56,0,224,,0,0,nan,0.003512114752084017,14,0.057780320366132724,3.3072289156626504,13,62,0.6369156041287188,50d619f4be67b356dcbc907e1cc3f8d27f10223a,inverted
nasa-occupancy-v1,aurora-sts62,braille,76,2,2,4,true,1672,256,1,3,3,51;54;56,0,224,,0,0,nan,0.00552437175065279,13,0.5992822966507177,4.213836477987422,16,39,0.6597014925373135,50d619f4be67b356dcbc907e1cc3f8d27f10223a,inverted
nasa-occupancy-v1,calbuco-plume,braille,76,2,2,4,true,2356,256,1,3,3,51;54;56,0,224,,0,0,nan,0.006206822581589222,12,0,2.1814814814814816,5,18,0.283106960950764,50d619f4be67b356dcbc907e1cc3f8d27f10223a,inverted
nasa-occupancy-v1,carina-cosmic-cliffs,braille,76,2,2,4,true,1444,256,1,3,3,51;54;56,0,224,,0,0,nan,0.007923554629087448,10,0,2.3556280587275693,6,24,0.3386426592797784,50d619f4be67b356dcbc907e1cc3f8d27f10223a,inverted
nasa-occupancy-v1,cernan-portrait,braille,76,2,2,4,true,3268,256,1,3,3,51;54;56,0.0003059975520195838,224,,0.0003059975520195838,0,1,0.005184137728065252,14,0.025091799265605876,4.231075697211155,15,76,0.7099811676082862,50d619f4be67b356dcbc907e1cc3f8d27f10223a,inverted
nasa-occupancy-v1,daedalia-planum,braille,76,2,2,4,true,5776,256,1,3,3,51;54;56,0,224,,0,0,nan,0.00317029538564384,13,0.2730263157894737,3.422167889160554,14,43,0.644201000238152,50d619f4be67b356dcbc907e1cc3f8d27f10223a,inverted
nasa-occupancy-v1,earth-night-iss-090323,braille,76,2,2,4,true,1672,256,1,3,3,51;54;56,0,224,,0,0,nan,0.013553805649280548,8,0.6620813397129187,1.9824561403508771,6,14,0.2761061946902655,50d619f4be67b356dcbc907e1cc3f8d27f10223a,inverted
nasa-occupancy-v1,earth-night-iss-091208,braille,76,2,2,4,true,1672,256,1,3,3,51;54;56,0,224,,0,0,nan,0.011550328694283962,9,0.40251196172248804,2.929618768328446,6,52,0.48348348348348347,50d619f4be67b356dcbc907e1cc3f8d27f10223a,inverted
nasa-occupancy-v1,iani-chaos,braille,76,2,2,4,true,5548,256,1,3,3,51;54;56,0,224,,0,0,nan,0.008627652190625668,14,0.2979452054794521,2.369221411192214,7,18,0.3435173299101412,50d619f4be67b356dcbc907e1cc3f8d27f10223a,inverted
nasa-occupancy-v1,infrared-color-explosion,braille,76,2,2,4,true,2584,256,1,3,3,51;54;56,0,224,,0,0,nan,0.01170858833938837,14,0,2.3619744058500913,7,24,0.3753869969040248,50d619f4be67b356dcbc907e1cc3f8d27f10223a,inverted
nasa-occupancy-v1,james-lovell-portrait,braille,76,2,2,4,true,3420,256,1,3,3,51;54;56,0.20087719298245615,224,,0.20087719298245615,0,1,0.003381535643711686,17,0,2.973913043478261,12,45,0.577485380116959,50d619f4be67b356dcbc907e1cc3f8d27f10223a,inverted
nasa-occupancy-v1,mark-lee-portrait,braille,76,2,2,4,true,3192,256,1,3,3,51;54;56,0.0003132832080200501,224,,0.0003132832080200501,0,1,0.002528792480006814,17,0.02600250626566416,2.1817543859649122,7,56,0.3869411386297845,50d619f4be67b356dcbc907e1cc3f8d27f10223a,inverted
nasa-occupancy-v1,marsha-ivins-portrait,braille,76,2,2,4,true,3268,256,1,3,3,51;54;56,0.0006119951040391676,224,,0.0006119951040391676,0,1,0.004145046230405569,16,0.009485924112607099,2.374908290535583,8,59,0.4396045721346926,50d619f4be67b356dcbc907e1cc3f8d27f10223a,inverted
nasa-occupancy-v1,multicolor-aurora,braille,76,2,2,4,true,1748,256,1,3,3,51;54;56,0,224,,0,0,nan,0.013265090994536877,8,0.32151029748283755,14.289156626506024,55,63,0.9367622259696459,50d619f4be67b356dcbc907e1cc3f8d27f10223a,inverted
nasa-occupancy-v1,new-york-night,braille,76,2,2,4,true,1672,256,1,3,3,51;54;56,0,224,,0,0,nan,0.011332877911627293,6,0,10.385093167701863,41,76,0.9013157894736842,50d619f4be67b356dcbc907e1cc3f8d27f10223a,inverted
nasa-occupancy-v1,rcs-function-diagram,braille,76,2,2,4,true,2052,256,1,0,3,51;54;56,0.8313840155945419,224,,0.8313840155945419,0,1,0.0019241408444941044,8,0,8.142857142857142,35,76,0.8640350877192983,50d619f4be67b356dcbc907e1cc3f8d27f10223a,inverted
nasa-occupancy-v1,reentry-communications-diagram,braille,76,2,2,4,true,3192,256,1,0,3,51;54;56,0.6945488721804511,224,,0.6945488721804511,0,1,0.001856402843259275,17,0,6.396793587174349,24,76,0.8132832080200502,50d619f4be67b356dcbc907e1cc3f8d27f10223a,inverted
nasa-occupancy-v1,rocket-systems-diagram,braille,76,2,2,4,true,2052,256,1,0,3,51;54;56,0.6793372319688109,224,,0.6793372319688109,0,1,0.0026957665104418993,8,0,6.619354838709677,27,76,0.8245614035087719,50d619f4be67b356dcbc907e1cc3f8d27f10223a,inverted
nasa-occupancy-v1,san-francisco-night,braille,76,2,2,4,true,1672,256,1,3,3,51;54;56,0,224,,0,0,nan,0.00604504207149148,13,0.31638755980861244,2.495633187772926,7,37,0.399825021872266,50d619f4be67b356dcbc907e1cc3f8d27f10223a,inverted
nasa-occupancy-v1,saturn-infrared,braille,76,2,2,4,true,1368,256,1,3,3,51;54;56,0,224,,0,0,nan,0.0084761967882514,12,0.41885964912280704,3.4716157205240177,9,32,0.579874213836478,50d619f4be67b356dcbc907e1cc3f8d27f10223a,inverted
nasa-occupancy-v1,spacecraft-attitude-diagram,braille,76,2,2,4,true,2052,256,1,0,3,51;54;56,0.7470760233918129,224,,0.7470760233918129,0,1,0.0031453752890229225,7,0,6.125373134328358,23,76,0.8065302144249513,50d619f4be67b356dcbc907e1cc3f8d27f10223a,inverted
nasa-occupancy-v1,tarantula-spitzer-3color,braille,76,2,2,4,true,1444,256,1,3,3,51;54;56,0,224,,0,0,nan,0.007152171805500984,11,0,2.734848484848485,9,31,0.45083102493074795,50d619f4be67b356dcbc907e1cc3f8d27f10223a,inverted
nasa-occupancy-v1,(pooled),braille,76,2,2,4,true,59964,256,1,3,3,51;54;56,0.12575878860649722,224,,0.12575878860649722,0,1,0.001856402843259275,21,0.14452004536054966,2.9700092635479387,10,76,0.5382276112129127,50d619f4be67b356dcbc907e1cc3f8d27f10223a,inverted
nasa-occupancy-v1,apollo11-bootprint,braille,80,2,2,4,true,2880,256,1,3,3,51;54;56,0,224,,0,0,nan,0.005849889013916254,14,0.009722222222222222,1.5042194092827004,3,8,0.07047685834502104,50d619f4be67b356dcbc907e1cc3f8d27f10223a,inverted
nasa-occupancy-v1,apollo12-lunar-mound,braille,80,2,2,4,true,2800,256,1,3,3,51;54;56,0,224,,0,0,nan,0.005196455400437117,14,0.26142857142857145,1.7525423728813558,4,38,0.20454545454545456,50d619f4be67b356dcbc907e1cc3f8d27f10223a,inverted
nasa-occupancy-v1,aurora-expedition23,braille,80,2,2,4,true,1920,256,1,3,3,51;54;56,0.0005208333333333333,224,,0.0005208333333333333,0,1,0.004141611512750387,16,0.0578125,3.526315789473684,14,66,0.6423438363736871,50d619f4be67b356dcbc907e1cc3f8d27f10223a,inverted
nasa-occupancy-v1,aurora-sts62,braille,80,2,2,4,true,1840,256,1,3,3,51;54;56,0,224,,0,0,nan,0.004031049087643623,14,0.6103260869565217,3.918032786885246,12,50,0.6513249651324965,50d619f4be67b356dcbc907e1cc3f8d27f10223a,inverted
nasa-occupancy-v1,calbuco-plume,braille,80,2,2,4,true,2560,256,1,3,3,51;54;56,0,224,,0,0,nan,0.006804479751735926,12,0,2.1974248927038627,6,19,0.29921875,50d619f4be67b356dcbc907e1cc3f8d27f10223a,inverted
nasa-occupancy-v1,carina-cosmic-cliffs,braille,80,2,2,4,true,1680,256,1,3,3,51;54;56,0,224,,0,0,nan,0.008496097289025784,11,0,2.3300970873786406,6,27,0.325,50d619f4be67b356dcbc907e1cc3f8d27f10223a,inverted
nasa-occupancy-v1,cernan-portrait,braille,80,2,2,4,true,3600,256,1,3,3,51;54;56,0,224,,0,0,nan,0.005175042897462845,13,0.026944444444444444,4.225572979493365,15,80,0.6979731658578361,50d619f4be67b356dcbc907e1cc3f8d27f10223a,inverted
nasa-occupancy-v1,daedalia-planum,braille,80,2,2,4,true,6400,256,1,3,3,51;54;56,0,224,,0,0,nan,0.007167993579059839,14,0.2740625,3.4594192107222637,14,45,0.6571244080929832,50d619f4be67b356dcbc907e1cc3f8d27f10223a,inverted
nasa-occupancy-v1,earth-night-iss-090323,braille,80,2,2,4,true,1920,256,1,3,3,51;54;56,0,224,,0,0,nan,0.01373635046184063,10,0.6625,2.0377358490566038,6,15,0.24537037037037038,50d619f4be67b356dcbc907e1cc3f8d27f10223a,inverted
nasa-occupancy-v1,earth-night-iss-091208,braille,80,2,2,4,true,1920,256,1,3,3,51;54;56,0,224,,0,0,nan,0.013591138646006584,11,0.4083333333333333,2.883248730964467,7,54,0.516725352112676,50d619f4be67b356dcbc907e1cc3f8d27f10223a,inverted
nasa-occupancy-v1,iani-chaos,braille,80,2,2,4,true,6160,256,1,3,3,51;54;56,0,224,,0,0,nan,0.007247180677950382,14,0.29935064935064937,2.39511653718091,7,22,0.3588971269694161,50d619f4be67b356dcbc907e1cc3f8d27f10223a,inverted
nasa-occupancy-v1,infrared-color-explosion,braille,80,2,2,4,true,2880,256,1,3,3,51;54;56,0,224,,0,0,nan,0.005661856848746538,13,0,2.3860811930405967,7,25,0.3746527777777778,50d619f4be67b356dcbc907e1cc3f8d27f10223a,inverted
nasa-occupancy-v1,james-lovell-portrait,braille,80,2,2,4,true,3760,256,1,3,3,51;54;56,0.20319148936170212,224,,0.20319148936170212,0,1,0.0025588050484657288,16,0,3.0971993410214167,12,53,0.5832446808510638,50d619f4be67b356dcbc907e1cc3f8d27f10223a,inverted
nasa-occupancy-v1,mark-lee-portrait,braille,80,2,2,4,true,3600,256,1,3,3,51;54;56,0.0005555555555555556,224,,0.0005555555555555556,0,1,0.002237857086583972,16,0.028333333333333332,2.1699751861042182,7,53,0.36678101772441396,50d619f4be67b356dcbc907e1cc3f8d27f10223a,inverted
nasa-occupancy-v1,marsha-ivins-portrait,braille,80,2,2,4,true,3600,256,1,3,3,51;54;56,0.0002777777777777778,224,,0.0002777777777777778,0,1,0.004084089305251837,15,0.008611111111111111,2.4262406526172673,8,63,0.4511067525917624,50d619f4be67b356dcbc907e1cc3f8d27f10223a,inverted
nasa-occupancy-v1,multicolor-aurora,braille,80,2,2,4,true,1920,256,1,3,3,51;54;56,0,224,,0,0,nan,0.014334333129227161,7,0.3255208333333333,17.73972602739726,59,66,0.9722007722007722,50d619f4be67b356dcbc907e1cc3f8d27f10223a,inverted
nasa-occupancy-v1,new-york-night,braille,80,2,2,4,true,1840,256,1,3,3,51;54;56,0,224,,0,0,nan,0.011219657957553864,8,0,10.574712643678161,43,80,0.9,50d619f4be67b356dcbc907e1cc3f8d27f10223a,inverted
nasa-occupancy-v1,rcs-function-diagram,braille,80,2,2,4,true,2320,256,1,0,3,51;54;56,0.8375,224,,0.8375,0,1,0.002188773127272725,10,0,8.721804511278195,37,80,0.8633620689655173,50d619f4be67b356dcbc907e1cc3f8d27f10223a,inverted
nasa-occupancy-v1,reentry-communications-diagram,braille,80,2,2,4,true,3600,256,1,0,3,51;54;56,0.6997222222222222,224,,0.6997222222222222,0,1,0.0021068714559078217,12,0,6.440071556350627,24,80,0.8138888888888889,50d619f4be67b356dcbc907e1cc3f8d27f10223a,inverted
nasa-occupancy-v1,rocket-systems-diagram,braille,80,2,2,4,true,2320,256,1,0,3,51;54;56,0.6827586206896552,224,,0.6827586206896552,0,1,0.0025596425402909517,9,0,6.884272997032641,29,80,0.8344827586206897,50d619f4be67b356dcbc907e1cc3f8d27f10223a,inverted
nasa-occupancy-v1,san-francisco-night,braille,80,2,2,4,true,1920,256,1,3,3,51;54;56,0,224,,0,0,nan,0.0061379182152450085,14,0.3151041666666667,2.700205338809035,8,25,0.4281368821292776,50d619f4be67b356dcbc907e1cc3f8d27f10223a,inverted
nasa-occupancy-v1,saturn-infrared,braille,80,2,2,4,true,1520,256,1,3,3,51;54;56,0,224,,0,0,nan,0.008216071873903275,12,0.4230263157894737,3.5220883534136544,9,47,0.5530216647662486,50d619f4be67b356dcbc907e1cc3f8d27f10223a,inverted
nasa-occupancy-v1,spacecraft-attitude-diagram,braille,80,2,2,4,true,2320,256,1,0,3,51;54;56,0.7685344827586207,224,,0.7685344827586207,0,1,0.003749573603272438,9,0,6.3911845730027546,23,80,0.8211206896551724,50d619f4be67b356dcbc907e1cc3f8d27f10223a,inverted
nasa-occupancy-v1,tarantula-spitzer-3color,braille,80,2,2,4,true,1600,256,1,3,3,51;54;56,0,224,,0,0,nan,0.010832385160028934,11,0,2.7303754266211606,9,28,0.4575,50d619f4be67b356dcbc907e1cc3f8d27f10223a,inverted
nasa-occupancy-v1,(pooled),braille,80,2,2,4,true,66880,256,1,3,3,51;54;56,0.12854366028708133,224,,0.12854366028708133,0,1,0.0021068714559078217,19,0.14579844497607655,3.015996198923028,10,80,0.542491554201894,50d619f4be67b356dcbc907e1cc3f8d27f10223a,inverted
nasa-occupancy-v1,apollo11-bootprint,braille,288,2,2,4,true,37440,256,1,3,3,51;54;56,0,224,,0,0,nan,0.002610130002722144,15,0.02048611111111111,1.5934390614816425,4,23,0.11204428326016415,50d619f4be67b356dcbc907e1cc3f8d27f10223a,inverted
nasa-occupancy-v1,apollo12-lunar-mound,braille,288,2,2,4,true,36288,256,1,3,3,51;54;56,2.755731922398589e-05,224,,2.755731922398589e-05,0,1,0.002201663563027978,17,0.24914572310405644,1.648037258815702,4,100,0.1945535288288619,50d619f4be67b356dcbc907e1cc3f8d27f10223a,inverted
nasa-occupancy-v1,aurora-expedition23,braille,288,2,2,4,true,25632,256,1,3,3,51;54;56,0.019975031210986267,224,,0.019975031210986267,0,1,0.0014158175326883793,17,0.05664794007490637,6.32156862745098,28,237,0.7830024813895782,50d619f4be67b356dcbc907e1cc3f8d27f10223a,inverted
nasa-occupancy-v1,aurora-sts62,braille,288,2,2,4,true,24768,256,1,3,3,51;54;56,0.001736111111111111,224,,0.001736111111111111,0,1,0.006787311751395464,14,0.6049741602067183,7.765079365079365,27,165,0.8319705641864268,50d619f4be67b356dcbc907e1cc3f8d27f10223a,inverted
nasa-occupancy-v1,calbuco-plume,braille,288,2,2,4,true,33696,256,1,3,3,51;54;56,8.903133903133904e-05,224,,8.903133903133904e-05,0,1,0.004616901278495789,14,0,3.4914516630400994,10,55,0.5635683760683761,50d619f4be67b356dcbc907e1cc3f8d27f10223a,inverted
nasa-occupancy-v1,carina-cosmic-cliffs,braille,288,2,2,4,true,21600,256,1,3,3,51;54;56,9.259259259259259e-05,224,,9.259259259259259e-05,0,1,0.002658642129972577,17,0,2.862823061630219,9,47,0.4889351851851852,50d619f4be67b356dcbc907e1cc3f8d27f10223a,inverted
nasa-occupancy-v1,cernan-portrait,braille,288,2,2,4,true,46944,256,1,3,3,51;54;56,6.390593047034765e-05,224,,6.390593047034765e-05,0,1,0.0022114538587629795,15,0.03842876618950239,7.819158150008661,33,257,0.8523039432875499,50d619f4be67b356dcbc907e1cc3f8d27f10223a,inverted
nasa-occupancy-v1,daedalia-planum,braille,288,2,2,4,true,83232,256,1,3,3,51;54;56,2.4029219530949635e-05,224,,2.4029219530949635e-05,0,1,0.0024315014015883207,18,0.2858756247597078,2.8665541355196527,10,61,0.525926175174131,50d619f4be67b356dcbc907e1cc3f8d27f10223a,inverted
nasa-occupancy-v1,earth-night-iss-090323,braille,288,2,2,4,true,25056,256,1,3,3,51;54;56,0,224,,0,0,nan,0.007251534145325422,13,0.6981960408684547,2.1128806929309865,6,27,0.337212377677863,50d619f4be67b356dcbc907e1cc3f8d27f10223a,inverted
nasa-occupancy-v1,earth-night-iss-091208,braille,288,2,2,4,true,25056,256,1,3,3,51;54;56,0,224,,0,0,nan,0.006725294981151819,14,0.4562978927203065,3.038135593220339,7,188,0.5418777068193497,50d619f4be67b356dcbc907e1cc3f8d27f10223a,inverted
nasa-occupancy-v1,iani-chaos,braille,288,2,2,4,true,80352,256,1,3,3,51;54;56,0,224,,0,0,nan,0.006892370991408825,14,0.312226204699323,3.5387078184030223,11,60,0.5977127967573828,50d619f4be67b356dcbc907e1cc3f8d27f10223a,inverted
nasa-occupancy-v1,infrared-color-explosion,braille,288,2,2,4,true,37440,256,1,3,3,51;54;56,8.012820512820513e-05,224,,8.012820512820513e-05,0,1,0.0055075110867619514,15,0.0013087606837606837,3.1487157894736844,10,48,0.5482067877296676,50d619f4be67b356dcbc907e1cc3f8d27f10223a,inverted
nasa-occupancy-v1,james-lovell-portrait,braille,288,2,2,4,true,49248,256,1,3,3,51;54;56,0.20778508771929824,224,,0.20778508771929824,0,1,0.0018734337063506246,18,0.0020305393112410655,4.388606125546924,15,165,0.6940872466834866,50d619f4be67b356dcbc907e1cc3f8d27f10223a,inverted
nasa-occupancy-v1,mark-lee-portrait,braille,288,2,2,4,true,46656,256,1,3,3,51;54;56,0.001736111111111111,224,,0.001736111111111111,0,1,0.0020979889668524265,20,0.04301697530864197,3.4303165334972343,11,198,0.5992295460144684,50d619f4be67b356dcbc907e1cc3f8d27f10223a,inverted
nasa-occupancy-v1,marsha-ivins-portrait,braille,288,2,2,4,true,47232,256,1,3,3,51;54;56,0.0010797764227642277,224,,0.0010797764227642277,0,1,0.0056721908040344715,14,0.01615430216802168,4.030968077723803,13,228,0.6482386106866943,50d619f4be67b356dcbc907e1cc3f8d27f10223a,inverted
nasa-occupancy-v1,multicolor-aurora,braille,288,2,2,4,true,25056,256,1,3,3,51;54;56,0,224,,0,0,nan,0.014123125933110714,10,0.3276660280970626,28.845890410958905,158,240,0.9701412798290395,50d619f4be67b356dcbc907e1cc3f8d27f10223a,inverted
nasa-occupancy-v1,new-york-night,braille,288,2,2,4,true,24480,256,1,3,3,51;54;56,0,224,,0,0,nan,0.006825464311987162,14,4.0849673202614376e-05,11.213467704993128,71,288,0.8925609706278851,50d619f4be67b356dcbc907e1cc3f8d27f10223a,inverted
nasa-occupancy-v1,rcs-function-diagram,braille,288,2,2,4,true,29952,256,1,0,3,51;54;56,0.9215411324786325,224,,0.9215411324786325,0,1,0.00117984798271209,20,0,12.111605337646584,77,288,0.9096554487179487,50d619f4be67b356dcbc907e1cc3f8d27f10223a,inverted
nasa-occupancy-v1,reentry-communications-diagram,braille,288,2,2,4,true,46656,256,1,0,3,51;54;56,0.876693244170096,224,,0.876693244170096,0,1,0.0010909190168604255,22,0,7.769525395503747,39,288,0.8649691358024691,50d619f4be67b356dcbc907e1cc3f8d27f10223a,inverted
nasa-occupancy-v1,rocket-systems-diagram,braille,288,2,2,4,true,29952,256,1,0,3,51;54;56,0.8292601495726496,224,,0.8292601495726496,0,1,0.001154199242591858,19,0,5.83973484109963,13,288,0.7852230235042735,50d619f4be67b356dcbc907e1cc3f8d27f10223a,inverted
nasa-occupancy-v1,san-francisco-night,braille,288,2,2,4,true,25056,256,1,3,3,51;54;56,0,224,,0,0,nan,0.004033769480884075,14,0.3229166666666667,3.9053867403314917,13,153,0.6470380194518126,50d619f4be67b356dcbc907e1cc3f8d27f10223a,inverted
nasa-occupancy-v1,saturn-infrared,braille,288,2,2,4,true,20160,256,1,3,3,51;54;56,0,224,,0,0,nan,0.006946856155991554,13,0.4525793650793651,6.984810126582278,25,142,0.8268394345777456,50d619f4be67b356dcbc907e1cc3f8d27f10223a,inverted
nasa-occupancy-v1,spacecraft-attitude-diagram,braille,288,2,2,4,true,29952,256,1,0,3,51;54;56,0.8948651175213675,224,,0.8948651175213675,0,1,0.0015196610474959016,25,6.677350427350428e-05,9.359375,52,288,0.8848414023372287,50d619f4be67b356dcbc907e1cc3f8d27f10223a,inverted
nasa-occupancy-v1,tarantula-spitzer-3color,braille,288,2,2,4,true,21024,256,1,3,3,51;54;56,0,224,,0,0,nan,0.0031906929798424244,14,0.0018550228310502282,3.354916067146283,11,72,0.5721229449606862,50d619f4be67b356dcbc907e1cc3f8d27f10223a,inverted
nasa-occupancy-v1,(pooled),braille,288,2,2,4,true,872928,256,1,3,3,51;54;56,0.15016129623519925,224,,0.15016129623519925,0,1,0.0010909190168604255,26,0.15378473367792075,3.85962024787343,11,288,0.6472880862613969,50d619f4be67b356dcbc907e1cc3f8d27f10223a,inverted
